demand_mw,lag_1,lag_2,lag_3,lag_7,lag_14,lag_21,lag_30,rolling_mean_7,rolling_std_7,anomaly_flag
953.7122685889494,,,,,,,,,,False
931.1544133014754,953.7122685889494,,,,,,,,,False
999.9962517285973,931.1544133014754,953.7122685889494,,,,,,,,False
1026.315358933427,999.9962517285973,931.1544133014754,953.7122685889494,,,,,,,False
776.8455461529887,1026.315358933427,999.9962517285973,931.1544133014754,,,,,,,False
641.0668463798523,776.8455461529887,1026.315358933427,999.9962517285973,,,,,,,False
775.4913605790281,641.0668463798523,776.8455461529887,1026.315358933427,,,,,,,False
940.7451206165133,775.4913605790281,641.0668463798523,776.8455461529887,953.7122685889494,,,,872.0831493806169,142.63635027833172,False
992.8513753855138,940.7451206165133,775.4913605790281,641.0668463798523,931.1544133014754,,,,870.2306996702688,141.4790342100806,False
944.1695114099387,992.8513753855138,940.7451206165133,775.4913605790281,999.9962517285973,,,,879.04455139656,147.69238644368102,False
1040.569130056399,944.1695114099387,992.8513753855138,940.7451206165133,1026.315358933427,,,,871.0693027796087,141.4478470147187,False
917.3235039132956,1040.569130056399,944.1695114099387,992.8513753855138,776.8455461529887,,,,873.1055557971764,144.13234066977125,False
720.9900392538793,917.3235039132956,1040.569130056399,944.1695114099387,641.0668463798523,,,,893.17383547722,138.15141228338777,False
839.4894665578714,720.9900392538793,917.3235039132956,1040.569130056399,775.4913605790281,,,,904.591434459224,115.24732177648146,False
995.7085095606493,839.4894665578714,720.9900392538793,917.3235039132956,940.7451206165133,953.7122685889494,,,913.7340210276303,105.41821473267183,False
975.301253417871,995.7085095606493,839.4894665578714,720.9900392538793,992.8513753855138,931.1544133014754,,,921.5859337339353,109.7243892075046,False
1020.177455370173,975.301253417871,995.7085095606493,839.4894665578714,944.1695114099387,999.9962517285973,,,919.0787734528434,108.01174392011498,False
979.536449650942,1020.177455370173,975.301253417871,995.7085095606493,1040.569130056399,1026.315358933427,,,929.9370511614485,114.5755238104227,False
944.2032166961117,979.536449650942,1020.177455370173,975.301253417871,917.3235039132956,776.8455461529887,,,921.2180968178117,106.81276939468464,False
738.7794058829052,944.2032166961117,979.536449650942,1020.177455370173,720.9900392538793,641.0668463798523,,,925.0580557867853,107.13211246113882,False
804.1065449291082,738.7794058829052,944.2032166961117,979.536449650942,839.4894665578714,775.4913605790281,,,927.5993938766461,101.55007661711016,False
968.3416324175292,804.1065449291082,738.7794058829052,944.2032166961117,995.7085095606493,940.7451206165133,953.7122685889494,,922.5446907868228,107.37999709087772,False
1093.944401928251,968.3416324175292,804.1065449291082,738.7794058829052,975.301253417871,992.8513753855138,931.1544133014754,,918.6351369092343,104.73793156884958,False
1022.2346597797684,1093.944401928251,968.3416324175292,804.1065449291082,1020.177455370173,944.1695114099387,999.9962517285973,,935.584158125003,123.37720633356841,False
1029.6566686311264,1022.2346597797684,1093.944401928251,968.3416324175292,979.536449650942,1040.569130056399,1026.315358933427,,935.8780444692309,123.6145144997039,False
915.7086989226773,1029.6566686311264,1022.2346597797684,1093.944401928251,944.2032166961117,917.3235039132956,776.8455461529887,,943.0380757521143,127.94061177024645,False
792.4941230853447,915.7086989226773,1029.6566686311264,1022.2346597797684,738.7794058829052,720.9900392538793,641.0668463798523,,938.9674303559094,128.3500078221943,False
857.0125528669242,792.4941230853447,915.7086989226773,1029.6566686311264,804.1065449291082,839.4894665578714,775.4913605790281,,946.6409613848293,115.33238205216158,False
1046.3222465782737,857.0125528669242,792.4941230853447,915.7086989226773,968.3416324175292,995.7085095606493,940.7451206165133,,954.1989625188031,105.77230117099502,False
1087.701740496561,1046.3222465782737,857.0125528669242,792.4941230853447,1093.944401928251,975.301253417871,992.8513753855138,,965.3390502560522,111.46348553115824,False
1155.56147860966,1087.701740496561,1046.3222465782737,857.0125528669242,1022.2346597797684,1020.177455370173,944.1695114099387,953.7122685889494,964.4472414800965,110.28174211570035,False
1061.2506745552998,1155.56147860966,1087.701740496561,1046.3222465782737,1029.6566686311264,979.536449650942,1040.569130056399,931.1544133014754,983.4939298843667,131.41423528302354,False
939.7156029942121,1061.2506745552998,1155.56147860966,1087.701740496561,915.7086989226773,944.2032166961117,917.3235039132956,999.9962517285973,988.0073593021059,133.78510317395077,False
763.7307756642214,939.7156029942121,1061.2506745552998,1155.56147860966,792.4941230853447,738.7794058829052,720.9900392538793,1026.315358933427,991.4369170266108,131.91751675379643,False
900.6899662862454,763.7307756642214,939.7156029942121,1061.2506745552998,857.0125528669242,804.1065449291082,839.4894665578714,776.8455461529887,987.3278673950217,139.38379203348117,False
1111.5436296343066,900.6899662862454,763.7307756642214,939.7156029942121,1046.3222465782737,968.3416324175292,995.7085095606493,641.0668463798523,993.5674978834961,133.42823456659175,False
1096.7591549707233,1111.5436296343066,900.6899662862454,763.7307756642214,1087.701740496561,1093.944401928251,975.301253417871,775.4913605790281,1002.8848383200723,139.8488332692975,False
1055.527643729133,1096.7591549707233,1111.5436296343066,900.6899662862454,1155.56147860966,1022.2346597797684,1020.177455370173,940.7451206165133,1004.178754673524,140.80301718820112,False
1077.154187960884,1055.527643729133,1096.7591549707233,1111.5436296343066,1061.2506745552998,1029.6566686311264,979.536449650942,992.8513753855138,989.8882068334487,127.3076188435841,False
1027.3224642684004,1077.154187960884,1055.527643729133,1096.7591549707233,939.7156029942121,915.7086989226773,944.2032166961117,944.1695114099387,992.1601373199609,128.92504080509505,False
869.6324851184188,1027.3224642684004,1077.154187960884,1055.527643729133,763.7307756642214,792.4941230853447,738.7794058829052,1040.569130056399,1004.6754032162735,127.22652617291791,False
933.7978749857745,869.6324851184188,1027.3224642684004,1077.154187960884,900.6899662862454,857.0125528669242,804.1065449291082,917.3235039132956,1019.8042188525873,96.34974702998508,False
1067.719669989319,933.7978749857745,869.6324851184188,1027.3224642684004,1111.5436296343066,1046.3222465782737,968.3416324175292,720.9900392538793,1024.5339200953772,90.14057356931312,False
1149.797462604108,1067.719669989319,933.7978749857745,869.6324851184188,1096.7591549707233,1087.701740496561,1093.944401928251,839.4894665578714,1018.2733544318077,84.43132779887519,False
1136.5774801363045,1149.797462604108,1067.719669989319,933.7978749857745,1055.527643729133,1155.56147860966,1022.2346597797684,995.7085095606493,1025.850255522291,94.4356913606877,False
1162.6099715435898,1136.5774801363045,1149.797462604108,1067.719669989319,1077.154187960884,1061.2506745552998,1029.6566686311264,975.301253417871,1037.4288035804584,103.23914817114509,False
1076.286972536091,1162.6099715435898,1136.5774801363045,1149.797462604108,1027.3224642684004,939.7156029942121,915.7086989226773,1020.177455370173,1049.6367726637022,113.28349936854659,False
885.7808736521466,1076.286972536091,1162.6099715435898,1136.5774801363045,869.6324851184188,763.7307756642214,792.4941230853447,979.536449650942,1056.6317024162292,113.18768254060676,False
979.9384539637997,885.7808736521466,1076.286972536091,1162.6099715435898,933.7978749857745,900.6899662862454,857.0125528669242,944.2032166961117,1058.9386150639048,108.82153154830405,False
1141.2305636594442,979.9384539637997,885.7808736521466,1076.286972536091,1067.719669989319,1111.5436296343066,1046.3222465782737,738.7794058829052,1065.5301263464798,101.10179593750495,False
1193.3649263831064,1141.2305636594442,979.9384539637997,885.7808736521466,1149.797462604108,1096.7591549707233,1087.701740496561,804.1065449291082,1076.0316825850691,105.10567870379923,False
1201.2132167898656,1193.3649263831064,1141.2305636594442,979.9384539637997,1136.5774801363045,1055.527643729133,1155.56147860966,968.3416324175292,1082.2556059820688,111.30870092967274,False
1129.1415687160763,1201.2132167898656,1193.3649263831064,1141.2305636594442,1162.6099715435898,1077.154187960884,1061.2506745552998,1093.944401928251,1091.4892826468633,118.98247985882118,False
1065.0895943021671,1129.1415687160763,1201.2132167898656,1193.3649263831064,1076.286972536091,1027.3224642684004,939.7156029942121,1022.2346597797684,1086.7080822429327,116.29023045531659,False
897.4033787715532,1065.0895943021671,1129.1415687160763,1201.2132167898656,885.7808736521466,869.6324851184188,763.7307756642214,1029.6566686311264,1085.1084567809437,116.53422535754346,False
963.9291667353201,897.4033787715532,1065.0895943021671,1129.1415687160763,979.9384539637997,933.7978749857745,900.6899662862454,915.7086989226773,1086.7688146551448,113.25764689028529,False
1169.5308565005898,963.9291667353201,897.4033787715532,1065.0895943021671,1141.2305636594442,1067.719669989319,1111.5436296343066,792.4941230853447,1084.4817736225045,115.90513844920484,False
1291.7721419884672,1169.5308565005898,963.9291667353201,897.4033787715532,1193.3649263831064,1149.797462604108,1096.7591549707233,857.0125528669242,1088.5246725998113,118.6749853004259,False
1178.4014844577591,1291.7721419884672,1169.5308565005898,963.9291667353201,1201.2132167898656,1136.5774801363045,1055.527643729133,1046.3222465782737,1102.58284625772,137.49978308450355,False
1283.2489669645938,1178.4014844577591,1291.7721419884672,1169.5308565005898,1129.1415687160763,1162.6099715435898,1077.154187960884,1087.701740496561,1099.3240273531333,135.02056552759106,False
1049.103441296604,1283.2489669645938,1178.4014844577591,1291.7721419884672,1065.0895943021671,1076.286972536091,1027.3224642684004,1155.56147860966,1121.3393699600645,152.167609978705,False
949.2436127579501,1049.103441296604,1283.2489669645938,1178.4014844577591,897.4033787715532,885.7808736521466,869.6324851184188,1061.2506745552998,1119.0556338164126,153.26848617849208,False
1046.121835862032,949.2436127579501,1049.103441296604,1283.2489669645938,963.9291667353201,979.9384539637997,933.7978749857745,939.7156029942121,1126.461381528755,141.58028215345757,False
1254.7778998091405,1046.121835862032,949.2436127579501,1049.103441296604,1169.5308565005898,1141.2305636594442,1067.719669989319,763.7307756642214,1138.2031914039994,128.67432327790925,False
1303.347243724465,1254.7778998091405,1046.121835862032,949.2436127579501,1291.7721419884672,1193.3649263831064,1149.797462604108,900.6899662862454,1150.3813404480782,135.96113272214248,False
1300.2535703896003,1303.347243724465,1254.7778998091405,1046.121835862032,1178.4014844577591,1201.2132167898656,1136.5774801363045,1111.5436296343066,1152.0349264103636,138.02212748065244,False
1271.5097386703503,1300.2535703896003,1303.347243724465,1254.7778998091405,1283.2489669645938,1129.1415687160763,1162.6099715435898,1096.7591549707233,1169.4423672577693,149.13812619375048,False
1151.8795176033755,1271.5097386703503,1300.2535703896003,1303.347243724465,1049.103441296604,1065.0895943021671,1076.286972536091,1055.527643729133,1167.765334644306,147.7042107327097,False
1051.0918461805543,1151.8795176033755,1271.5097386703503,1300.2535703896003,949.2436127579501,897.4033787715532,885.7808736521466,1077.154187960884,1182.447631259559,138.7815601475599,False
1078.6652659616211,1051.0918461805543,1151.8795176033755,1271.5097386703503,1046.121835862032,963.9291667353201,979.9384539637997,1027.3224642684004,1196.9973788913596,113.24773033584668,False
1219.7642525657993,1078.6652659616211,1051.0918461805543,1151.8795176033755,1254.7778998091405,1169.5308565005898,1141.2305636594442,869.6324851184188,1201.6464403341581,106.4879129426225,False
1269.4022214397353,1219.7642525657993,1078.6652659616211,1051.0918461805543,1303.347243724465,1291.7721419884672,1193.3649263831064,933.7978749857745,1196.6444907279667,104.37769577543253,False
1272.5110936206713,1269.4022214397353,1219.7642525657993,1078.6652659616211,1300.2535703896003,1178.4014844577591,1201.2132167898656,1067.719669989319,1191.795201830148,99.2570911941354,False
1359.1729758442252,1272.5110936206713,1269.4022214397353,1219.7642525657993,1271.5097386703503,1283.2489669645938,1129.1415687160763,1149.797462604108,1187.8319908631581,94.65173805650629,False
1228.9471526889533,1359.1729758442252,1272.5110936206713,1269.4022214397353,1151.8795176033755,1049.103441296604,1065.0895943021671,1136.5774801363045,1200.355310459426,111.81207598982856,False
1093.6510164273902,1228.9471526889533,1359.1729758442252,1272.5110936206713,1051.0918461805543,949.2436127579501,897.4033787715532,1162.6099715435898,1211.3649726145086,110.02328870637885,False
1118.3766928569255,1093.6510164273902,1228.9471526889533,1359.1729758442252,1078.6652659616211,1046.121835862032,963.9291667353201,1076.286972536091,1217.4448540783421,100.44989635021346,False
1334.855577743354,1118.3766928569255,1093.6510164273902,1228.9471526889533,1219.7642525657993,1254.7778998091405,1169.5308565005898,885.7808736521466,1223.1179150633857,92.07834635423016,False
1399.3140565354217,1334.855577743354,1118.3766928569255,1093.6510164273902,1269.4022214397353,1303.347243724465,1291.7721419884672,979.9384539637997,1239.5595329458936,101.20301529010152,False
1350.9284606658248,1399.3140565354217,1334.855577743354,1118.3766928569255,1272.5110936206713,1300.2535703896003,1178.4014844577591,1141.2305636594442,1258.1183665309916,118.09051009384854,False
1408.5075254668,1350.9284606658248,1399.3140565354217,1334.855577743354,1359.1729758442252,1271.5097386703503,1283.2489669645938,1193.3649263831064,1269.320847537442,123.28848645939557,False
1244.0814857697817,1408.5075254668,1350.9284606658248,1399.3140565354217,1228.9471526889533,1151.8795176033755,1049.103441296604,1201.2132167898656,1276.368640340667,130.48124515849213,False
1097.7390964937279,1244.0814857697817,1408.5075254668,1350.9284606658248,1093.6510164273902,1051.0918461805543,949.2436127579501,1129.1415687160763,1278.5306879236425,129.68749216198427,False
1172.0782662539984,1097.7390964937279,1244.0814857697817,1408.5075254668,1118.3766928569255,1078.6652659616211,1046.121835862032,1065.0895943021671,1279.1146993616908,128.72178839993708,False
1325.7068212756174,1172.0782662539984,1097.7390964937279,1244.0814857697817,1334.855577743354,1219.7642525657993,1254.7778998091405,897.4033787715532,1286.7863527041297,118.76019554513668,False
1925.008269050096,1325.7068212756174,1172.0782662539984,1097.7390964937279,1399.3140565354217,1269.4022214397353,1303.347243724465,963.9291667353201,1285.4793874944532,118.19200455688762,True
1395.7804393688075,1925.008269050096,1325.7068212756174,1172.0782662539984,1350.9284606658248,1272.5110936206713,1300.2535703896003,1169.5308565005898,1360.5785607108353,270.9168868216189,False
1440.680570882426,1395.7804393688075,1925.008269050096,1325.7068212756174,1408.5075254668,1359.1729758442252,1271.5097386703503,1291.7721419884672,1366.9859862398328,271.1808804431437,False
1347.7673615549431,1440.680570882426,1395.7804393688075,1925.008269050096,1244.0814857697817,1228.9471526889533,1151.8795176033755,1178.4014844577591,1371.582135584922,272.27235169090113,False
1186.5246267110092,1347.7673615549431,1440.680570882426,1395.7804393688075,1097.7390964937279,1093.6510164273902,1051.0918461805543,1283.2489669645938,1386.394403554231,266.948280182328,False
1271.6302621475772,1186.5246267110092,1347.7673615549431,1440.680570882426,1172.0782662539984,1118.3766928569255,1078.6652659616211,1049.103441296604,1399.0780507281283,252.6750953350826,False
1427.5851190986477,1271.6302621475772,1186.5246267110092,1347.7673615549431,1325.7068212756174,1334.855577743354,1219.7642525657993,949.2436127579501,1413.299764427211,240.26598437792475,False
1456.597972487545,1427.5851190986477,1271.6302621475772,1186.5246267110092,1925.008269050096,1399.3140565354217,1269.4022214397353,1046.121835862032,1427.8538069733581,237.14105017957982,False
1465.911260403554,1456.597972487545,1427.5851190986477,1271.6302621475772,1395.7804393688075,1350.9284606658248,1272.5110936206713,1254.7778998091405,1360.938050321565,99.77884257360293,False
1416.8150770946577,1465.911260403554,1456.597972487545,1427.5851190986477,1440.680570882426,1408.5075254668,1359.1729758442252,1303.347243724465,1370.9567390408145,107.11183287168635,False
1313.6608529342693,1416.8150770946577,1465.911260403554,1456.597972487545,1347.7673615549431,1244.0814857697817,1228.9471526889533,1300.2535703896003,1367.547382785419,104.87919790457515,False
1159.5653590144489,1313.6608529342693,1416.8150770946577,1465.911260403554,1186.5246267110092,1097.7390964937279,1093.6510164273902,1271.5097386703503,1362.6750244110372,106.72722758295575,False
1249.4655148779773,1159.5653590144489,1313.6608529342693,1416.8150770946577,1271.6302621475772,1172.0782662539984,1118.3766928569255,1151.8795176033755,1358.8237004543857,114.35686201489814,False
1502.6466803696349,1249.4655148779773,1159.5653590144489,1313.6608529342693,1427.5851190986477,1325.7068212756174,1334.855577743354,1051.0918461805543,1355.6573079873,117.43883948633177,False
1487.5145190465075,1502.6466803696349,1249.4655148779773,1159.5653590144489,1456.597972487545,1925.008269050096,1399.3140565354217,1078.6652659616211,1366.3803881688696,128.04859791071428,False
1505.0593844936031,1487.5145190465075,1502.6466803696349,1249.4655148779773,1465.911260403554,1395.7804393688075,1350.9284606658248,1219.7642525657993,1370.7970376772926,132.14662194851363,False
1603.740608647437,1505.0593844936031,1487.5145190465075,1502.6466803696349,1416.8150770946577,1440.680570882426,1408.5075254668,1269.4022214397353,1376.389626833014,137.56035111177553,False
1415.2200019325087,1603.740608647437,1505.0593844936031,1487.5145190465075,1313.6608529342693,1347.7673615549431,1244.0814857697817,1272.5110936206713,1403.093274197697,162.58318876452844,False
1304.6754576225599,1415.2200019325087,1603.740608647437,1505.0593844936031,1159.5653590144489,1186.5246267110092,1097.7390964937279,1359.1729758442252,1417.6017240545882,157.73141377291714,False
1304.6474080949954,1304.6754576225599,1415.2200019325087,1603.740608647437,1249.4655148779773,1271.6302621475772,1172.0782662539984,1228.9471526889533,1438.3317381414613,124.12133507424284,False
1527.6376440001027,1304.6474080949954,1304.6754576225599,1415.2200019325087,1502.6466803696349,1427.5851190986477,1325.7068212756174,1093.6510164273902,1446.2148657438925,111.20752284824792,False
1537.6312691404178,1527.6376440001027,1304.6474080949954,1304.6754576225599,1487.5145190465075,1456.597972487545,1925.008269050096,1118.3766928569255,1449.785003405388,113.6944565966265,False
1558.8259018331585,1537.6312691404178,1527.6376440001027,1304.6474080949954,1505.0593844936031,1465.911260403554,1395.7804393688075,1334.855577743354,1456.9445391330894,117.96412883798999,False
1634.9682517665838,1558.8259018331585,1537.6312691404178,1527.6376440001027,1603.740608647437,1416.8150770946577,1440.680570882426,1399.3140565354217,1464.6254701815972,123.25110612362924,False
1405.2637676385357,1634.9682517665838,1558.8259018331585,1537.6312691404178,1415.2200019325087,1313.6608529342693,1347.7673615549431,1350.9284606658248,1469.086562055761,129.53078338562432,False
1342.6288247104926,1405.2637676385357,1634.9682517665838,1558.8259018331585,1304.6754576225599,1159.5653590144489,1186.5246267110092,1408.5075254668,1467.6642428709076,130.27338236162407,False
1408.7909981111395,1342.6288247104926,1405.2637676385357,1634.9682517665838,1304.6474080949954,1249.4655148779773,1271.6302621475772,1244.0814857697817,1473.086152454898,122.94284367453466,False
1561.4075102159413,1408.7909981111395,1342.6288247104926,1405.2637676385357,1527.6376440001027,1502.6466803696349,1427.5851190986477,1097.7390964937279,1487.96380817149,104.00520873004649,False
1566.3899127999582,1561.4075102159413,1408.7909981111395,1342.6288247104926,1537.6312691404178,1487.5145190465075,1456.597972487545,1172.0782662539984,1492.7880747737527,106.89523682931625,False
1628.2159606905466,1566.3899127999582,1561.4075102159413,1408.7909981111395,1558.8259018331585,1505.0593844936031,1465.911260403554,1325.7068212756174,1496.8964524394012,109.42860461757526,False
1624.0116636061646,1628.2159606905466,1566.3899127999582,1561.4075102159413,1634.9682517665838,1603.740608647437,1416.8150770946577,1925.008269050096,1506.809317990457,118.72195758183145,False
1543.934057973045,1624.0116636061646,1628.2159606905466,1566.3899127999582,1405.2637676385357,1415.2200019325087,1313.6608529342693,1395.7804393688075,1505.244091110397,116.80749636136433,False
1374.308893734642,1543.934057973045,1624.0116636061646,1628.2159606905466,1342.6288247104926,1304.6754576225599,1159.5653590144489,1440.680570882426,1525.0541325867555,108.48788833205462,False
1520.1835014649803,1374.308893734642,1543.934057973045,1624.0116636061646,1408.7909981111395,1304.6474080949954,1249.4655148779773,1347.7673615549431,1529.5798567330623,99.93288607692521,False
1627.1380780885404,1520.1835014649803,1374.308893734642,1543.934057973045,1561.4075102159413,1527.6376440001027,1502.6466803696349,1186.5246267110092,1545.4930714978966,85.28894087556822,False
1634.9137964616593,1627.1380780885404,1520.1835014649803,1374.308893734642,1566.3899127999582,1537.6312691404178,1487.5145190465075,1271.6302621475772,1554.8831526225538,90.77503602389748,False
1682.279705376822,1634.9137964616593,1627.1380780885404,1520.1835014649803,1628.2159606905466,1558.8259018331585,1505.0593844936031,1427.5851190986477,1564.6722788599398,95.77956677263367,False
1706.7040979623384,1682.279705376822,1634.9137964616593,1627.1380780885404,1624.0116636061646,1634.9682517665838,1603.740608647437,1456.597972487545,1572.395670957979,103.61668482099009,False
1643.3055517260584,1706.7040979623384,1682.279705376822,1634.9137964616593,1543.934057973045,1405.2637676385357,1415.2200019325087,1465.911260403554,1584.208875866004,114.61252435611712,False
1459.287024216735,1643.3055517260584,1706.7040979623384,1682.279705376822,1374.308893734642,1342.6288247104926,1304.6754576225599,1416.8150770946577,1598.4048035450057,114.94627008477651,False
1512.2371193076965,1459.287024216735,1643.3055517260584,1706.7040979623384,1520.1835014649803,1408.7909981111395,1304.6474080949954,1313.6608529342693,1610.5445364710192,88.86228855304186,False
1751.5152876035102,1512.2371193076965,1459.287024216735,1643.3055517260584,1627.1380780885404,1561.4075102159413,1527.6376440001027,1159.5653590144489,1609.4093390199785,90.24896016990581,False
1674.907733545177,1751.5152876035102,1512.2371193076965,1459.287024216735,1634.9137964616593,1566.3899127999582,1537.6312691404178,1249.4655148779773,1627.1775118078315,105.30834531256818,False
1692.5179883231276,1674.907733545177,1751.5152876035102,1512.2371193076965,1682.279705376822,1628.2159606905466,1558.8259018331585,1502.6466803696349,1632.8909313911913,106.87134584655911,False
1701.856864905407,1692.5179883231276,1674.907733545177,1751.5152876035102,1706.7040979623384,1624.0116636061646,1634.9682517665838,1487.5145190465075,1634.3535432406632,107.72655790390023,False
1610.9937531837938,1701.856864905407,1692.5179883231276,1674.907733545177,1643.3055517260584,1543.934057973045,1405.2637676385357,1505.0593844936031,1633.6610813753873,107.19826398635533,False
1405.78440236042,1610.9937531837938,1701.856864905407,1692.5179883231276,1459.287024216735,1374.308893734642,1342.6288247104926,1603.740608647437,1629.045110155064,107.40922402737922,False
1570.4138943588698,1405.78440236042,1610.9937531837938,1701.856864905407,1512.2371193076965,1520.1835014649803,1408.7909981111395,1415.2200019325087,1621.4018784613047,122.3649264872846,False
1720.937593051782,1570.4138943588698,1405.78440236042,1610.9937531837938,1751.5152876035102,1627.1380780885404,1561.4075102159413,1304.6754576225599,1629.712846325758,115.49774599480891,False
1707.0944974092893,1720.937593051782,1570.4138943588698,1405.78440236042,1674.907733545177,1634.9137964616593,1566.3899127999582,1304.6474080949954,1625.3446042469393,110.59756245150045,False
1720.0833080412629,1707.0944974092893,1720.937593051782,1570.4138943588698,1692.5179883231276,1682.279705376822,1628.2159606905466,1527.6376440001027,1629.9427133703841,113.62912472522562,False
1801.7285351843198,1720.0833080412629,1707.0944974092893,1720.937593051782,1701.856864905407,1706.7040979623384,1624.0116636061646,1537.6312691404178,1633.8806161872606,116.59801323133495,False
1709.8999369744195,1801.7285351843198,1720.0833080412629,1707.0944974092893,1610.9937531837938,1643.3055517260584,1543.934057973045,1558.8259018331585,1648.1479976556768,131.46471417650582,False
1600.8101093009573,1709.8999369744195,1801.7285351843198,1720.0833080412629,1405.78440236042,1459.287024216735,1374.308893734642,1634.9682517665838,1662.277452482909,132.11939052261775,False
1715.7423531051604,1600.8101093009573,1709.8999369744195,1801.7285351843198,1570.4138943588698,1512.2371193076965,1520.1835014649803,1405.2637676385357,1690.1382677601287,78.83439861902353,False
1791.928720479515,1715.7423531051604,1600.8101093009573,1709.8999369744195,1720.937593051782,1751.5152876035102,1627.1380780885404,1342.6288247104926,1710.899476152456,58.585583574236004,False
1770.6423652563906,1791.928720479515,1715.7423531051604,1600.8101093009573,1707.0944974092893,1674.907733545177,1634.9137964616593,1408.7909981111395,1721.0410657849893,66.25535875158769,False
2121.273218440857,1770.6423652563906,1791.928720479515,1715.7423531051604,1720.0833080412629,1692.5179883231276,1682.279705376822,1561.4075102159413,1730.1193326202895,68.3465593116834,False
1840.630653615172,2121.273218440857,1770.6423652563906,1791.928720479515,1801.7285351843198,1701.856864905407,1706.7040979623384,1566.3899127999582,1787.4321769630885,162.24200993937944,False
1676.089709647444,1840.630653615172,2121.273218440857,1770.6423652563906,1709.8999369744195,1610.9937531837938,1643.3055517260584,1628.2159606905466,1792.9896224532101,163.47492896063144,False
1532.2709977670324,1676.089709647444,1840.630653615172,2121.273218440857,1600.8101093009573,1405.78440236042,1459.287024216735,1624.0116636061646,1788.159589977928,166.80462807185856,False
1596.5886731746257,1532.2709977670324,1676.089709647444,1840.630653615172,1715.7423531051604,1570.4138943588698,1512.2371193076965,1543.934057973045,1778.3682883302245,181.0390198618314,False
1805.9615687814446,1596.5886731746257,1532.2709977670324,1676.089709647444,1791.928720479515,1720.937593051782,1751.5152876035102,1374.308893734642,1761.3463340544336,193.10806668241895,False
1901.6528256417819,1805.9615687814446,1596.5886731746257,1532.2709977670324,1770.6423652563906,1707.0944974092893,1674.907733545177,1520.1835014649803,1763.3510266689952,193.55079340656744,False
1852.2829436661304,1901.6528256417819,1805.9615687814446,1596.5886731746257,2121.273218440857,1720.0833080412629,1692.5179883231276,1627.1380780885404,1782.0668067240513,200.57987552306895,False
1858.9270565924824,1852.2829436661304,1901.6528256417819,1805.9615687814446,1840.630653615172,1801.7285351843198,1701.856864905407,1634.9137964616593,1743.6396246133759,141.9662498927166,False
1703.0245212295426,1858.9270565924824,1852.2829436661304,1901.6528256417819,1676.089709647444,1709.8999369744195,1610.9937531837938,1682.279705376822,1746.2533964672773,144.20044284143032,False
1512.0266435415565,1703.0245212295426,1858.9270565924824,1852.2829436661304,1532.2709977670324,1600.8101093009573,1405.78440236042,1706.7040979623384,1750.1012266932917,142.36382874991926,False
1638.1365831713997,1512.0266435415565,1703.0245212295426,1858.9270565924824,1596.5886731746257,1715.7423531051604,1570.4138943588698,1643.3055517260584,1747.2091760896521,147.63452014460455,False
1845.2203143035715,1638.1365831713997,1512.0266435415565,1703.0245212295426,1805.9615687814446,1791.928720479515,1720.937593051782,1459.287024216735,1753.144591803477,141.2677126001254,False
1968.0339103255028,1845.2203143035715,1638.1365831713997,1512.0266435415565,1901.6528256417819,1770.6423652563906,1707.0944974092893,1512.2371193076965,1758.7529840209233,144.45733332810306,False
1885.315624889912,1968.0339103255028,1845.2203143035715,1638.1365831713997,1852.2829436661304,2121.273218440857,1720.0833080412629,1751.5152876035102,1768.2359961185978,157.03299847703133,False
1943.964935130996,1885.315624889912,1968.0339103255028,1845.2203143035715,1858.9270565924824,1840.630653615172,1801.7285351843198,1674.907733545177,1772.954950579138,160.43900503872203,False
1760.2697170025695,1943.964935130996,1885.315624889912,1968.0339103255028,1703.0245212295426,1676.089709647444,1709.8999369744195,1692.5179883231276,1785.103218941783,170.91137804013695,False
1566.6017304624227,1760.2697170025695,1943.964935130996,1885.315624889912,1512.0266435415565,1532.2709977670324,1600.8101093009573,1701.856864905407,1793.2811040522154,167.66824407528858,False
1648.5496271692339,1566.6017304624227,1760.2697170025695,1943.964935130996,1638.1365831713997,1596.5886731746257,1715.7423531051604,1610.9937531837938,1801.0775450409108,153.0412884578488,False
1846.382466320439,1648.5496271692339,1566.6017304624227,1760.2697170025695,1845.2203143035715,1805.9615687814446,1791.928720479515,1405.78440236042,1802.5651227548872,151.2334477445122,False
2015.048206597299,1846.382466320439,1648.5496271692339,1566.6017304624227,1968.0339103255028,1901.6528256417819,1770.6423652563906,1570.4138943588698,1802.7311444715822,151.28870611558463,False
1872.6891748213977,2015.048206597299,1846.382466320439,1648.5496271692339,1885.315624889912,1852.2829436661304,2121.273218440857,1720.937593051782,1809.4474725104103,160.60687128473563,False
1967.075860120991,1872.6891748213977,2015.048206597299,1846.382466320439,1943.964935130996,1858.9270565924824,1840.630653615172,1707.0944974092893,1807.6436939291941,159.68101727545852,False
1771.1081362827817,1967.075860120991,1872.6891748213977,2015.048206597299,1760.2697170025695,1703.0245212295426,1676.089709647444,1720.0833080412629,1810.9452546420505,163.17015472637544,False
1690.2424267434435,1771.1081362827817,1967.075860120991,1872.6891748213977,1566.6017304624227,1512.0266435415565,1532.2709977670324,1801.7285351843198,1812.4936002535092,162.6597679338523,False
1737.091850144333,1690.2424267434435,1771.1081362827817,1967.075860120991,1648.5496271692339,1638.1365831713997,1596.5886731746257,1709.8999369744195,1830.1565568650835,136.04403586533004,False
1899.1461611177756,1737.091850144333,1690.2424267434435,1771.1081362827817,1846.382466320439,1845.2203143035715,1805.9615687814446,1600.8101093009573,1842.8054458615263,119.4486501533323,False
1943.9945384950481,1899.1461611177756,1737.091850144333,1690.2424267434435,2015.048206597299,1968.0339103255028,1901.6528256417819,1715.7423531051604,1850.3431165468603,121.3614751513137,False
1906.129160119906,1943.9945384950481,1899.1461611177756,1737.091850144333,1872.6891748213977,1885.315624889912,1852.2829436661304,1791.928720479515,1840.1925925322528,107.46568140993821,False
1974.7382528605208,1906.129160119906,1943.9945384950481,1899.1461611177756,1967.075860120991,1943.964935130996,1858.9270565924824,1770.6423652563906,1844.9697332891826,109.86741377185764,False
1815.9619556481769,1974.7382528605208,1906.129160119906,1943.9945384950481,1771.1081362827817,1760.2697170025695,1703.0245212295426,2121.273218440857,1846.064360823401,111.31536779895511,False
1617.2381880610465,1815.9619556481769,1974.7382528605208,1906.129160119906,1690.2424267434435,1566.6017304624227,1512.0266435415565,1840.630653615172,1852.472049304172,107.5073459099295,False
1685.7005742376664,1617.2381880610465,1815.9619556481769,1974.7382528605208,1737.091850144333,1648.5496271692339,1638.1365831713997,1676.089709647444,1842.042872349544,127.54222925700608,False
1936.7675736422286,1685.7005742376664,1617.2381880610465,1815.9619556481769,1899.1461611177756,1846.382466320439,1845.2203143035715,1532.2709977670324,1834.7012615057342,135.80195373630858,False
2039.059584361432,1936.7675736422286,1685.7005742376664,1617.2381880610465,1943.9945384950481,2015.048206597299,1968.0339103255028,1596.5886731746257,1840.0757490092276,139.47234792080522,False
1964.3292546631264,2039.059584361432,1936.7675736422286,1685.7005742376664,1906.129160119906,1872.6891748213977,1885.315624889912,1805.9615687814446,1853.6564698472826,155.03742294532188,False
1970.222923261627,1964.3292546631264,2039.059584361432,1936.7675736422286,1974.7382528605208,1967.075860120991,1943.964935130996,1901.6528256417819,1861.9707690677426,159.8075948106117,False
1869.555063590144,1970.222923261627,1964.3292546631264,2039.059584361432,1815.9619556481769,1771.1081362827817,1760.2697170025695,1852.2829436661304,1861.3257219821862,159.28481568215045,False
1750.7758384993379,1869.555063590144,1970.222923261627,1964.3292546631264,1617.2381880610465,1690.2424267434435,1566.6017304624227,1858.9270565924824,1868.9818802596099,158.02396890540115,False
1772.0527294893168,1750.7758384993379,1869.555063590144,1970.222923261627,1685.7005742376664,1737.091850144333,1648.5496271692339,1703.0245212295426,1888.0586874650803,127.72350229204413,False
1928.83857957902,1772.0527294893168,1750.7758384993379,1869.555063590144,1936.7675736422286,1899.1461611177756,1846.382466320439,1512.0266435415565,1900.3947096438876,107.48883075388082,False
2035.468285207747,1928.83857957902,1772.0527294893168,1750.7758384993379,2039.059584361432,1943.9945384950481,2015.048206597299,1638.1365831713997,1899.2619962062865,107.08266249673774,False
1993.4635027113331,2035.468285207747,1928.83857957902,1772.0527294893168,1964.3292546631264,1906.129160119906,1872.6891748213977,1845.2203143035715,1898.7489534700455,106.30704324733983,False
2061.0650975193257,1993.4635027113331,2035.468285207747,1928.83857957902,1970.222923261627,1974.7382528605208,1967.075860120991,1968.0339103255028,1902.9109889055037,109.81494799934553,False
1880.687245415118,2061.0650975193257,1993.4635027113331,2035.468285207747,1869.555063590144,1815.9619556481769,1771.1081362827817,1885.315624889912,1915.8884423708894,123.5980463034239,False
1652.0078161120225,1880.687245415118,2061.0650975193257,1993.4635027113331,1750.7758384993379,1617.2381880610465,1690.2424267434435,1943.964935130996,1917.4787540601715,122.97255855077007,False
1715.071040887709,1652.0078161120225,1880.687245415118,2061.0650975193257,1772.0527294893168,1685.7005742376664,1737.091850144333,1760.2697170025695,1903.3690365762689,148.33794124981074,False
2035.4346428534348,1715.071040887709,1652.0078161120225,1880.687245415118,1928.83857957902,1936.7675736422286,1899.1461611177756,1566.6017304624227,1895.228795347468,157.9942967683361,False
2076.418288008142,2035.4346428534348,1715.071040887709,1652.0078161120225,2035.468285207747,2039.059584361432,1943.9945384950481,1648.5496271692339,1910.4568043866698,166.6723348027578,False
1978.6153511549503,2076.418288008142,2035.4346428534348,1715.071040887709,1993.4635027113331,1964.3292546631264,1906.129160119906,1846.382466320439,1916.3068047867266,172.4112280313228,False
1986.5940712052588,1978.6153511549503,2076.418288008142,2035.4346428534348,2061.0650975193257,1970.222923261627,1974.7382528605208,2015.048206597299,1914.1856402786718,171.3920908576847,False
1949.4464314182987,1986.5940712052588,1978.6153511549503,2076.418288008142,1880.687245415118,1869.555063590144,1815.9619556481769,1872.6891748213977,1903.546922233805,162.85403613353017,False
1667.891273725685,1949.4464314182987,1986.5940712052588,1978.6153511549503,1652.0078161120225,1750.7758384993379,1617.2381880610465,1967.075860120991,1913.3696630914023,163.31841035398773,False
1746.3360992874088,1667.891273725685,1949.4464314182987,1986.5940712052588,1715.071040887709,1772.0527294893168,1685.7005742376664,1771.1081362827817,1915.6387284647826,159.13882982517416,False
1999.4161384182808,1746.3360992874088,1667.891273725685,1949.4464314182987,2035.4346428534348,1928.83857957902,1936.7675736422286,1690.2424267434435,1920.1051653790255,152.88740000631668,False
1989.784509813906,1999.4161384182808,1746.3360992874088,1667.891273725685,2076.418288008142,2035.468285207747,2039.059584361432,1737.091850144333,1914.9596647454323,148.9134823293209,False
1994.5186240019032,1989.784509813906,1999.4161384182808,1746.3360992874088,1978.6153511549503,1993.4635027113331,1964.3292546631264,1899.1461611177756,1902.583410717684,136.32621420938912,False
2003.907256714319,1994.5186240019032,1989.784509813906,1999.4161384182808,1986.5940712052588,2061.0650975193257,1970.222923261627,1943.9945384950481,1904.8553068386773,137.92758787074487,False
1905.6687770601302,2003.907256714319,1994.5186240019032,1989.784509813906,1949.4464314182987,1880.687245415118,1869.555063590144,1906.129160119906,1907.3286190542574,139.7803987425951,False
1787.2159891106905,1905.6687770601302,2003.907256714319,1994.5186240019032,1667.891273725685,1652.0078161120225,1750.7758384993379,1974.7382528605208,1901.0746684316618,138.5558978079587,False
1796.2234880233268,1787.2159891106905,1905.6687770601302,2003.907256714319,1746.3360992874088,1715.071040887709,1772.0527294893168,1815.9619556481769,1918.1210563438055,109.34781571387305,False
2004.3724800824853,1796.2234880233268,1787.2159891106905,1905.6687770601302,1999.4161384182808,2035.4346428534348,1928.83857957902,1617.2381880610465,1925.2478261632223,97.24117660361793,False
1919.5965090027235,2004.3724800824853,1796.2234880233268,1787.2159891106905,1989.784509813906,2076.418288008142,2035.468285207747,1685.7005742376664,1925.9558749723944,97.88713019493605,False
1996.2564537671904,1919.5965090027235,2004.3724800824853,1796.2234880233268,1994.5186240019032,1978.6153511549503,1993.4635027113331,1936.7675736422286,1915.929017713654,93.76737473769596,False
1976.407294962534,1996.2564537671904,1919.5965090027235,2004.3724800824853,2003.907256714319,1986.5940712052588,2061.0650975193257,2039.059584361432,1916.177279108695,94.01211156153242,False
1838.11642148042,1976.407294962534,1996.2564537671904,1919.5965090027235,1905.6687770601302,1949.4464314182987,1880.687245415118,1964.3292546631264,1912.2487131441542,90.23370872984424,False
1686.2461573760502,1838.11642148042,1976.407294962534,1996.2564537671904,1787.2159891106905,1667.891273725685,1652.0078161120225,1970.222923261627,1902.5983766327674,94.56314582667324,False
1778.3981303908254,1686.2461573760502,1838.11642148042,1976.407294962534,1796.2234880233268,1746.3360992874088,1715.071040887709,1869.555063590144,1888.17411495639,119.50725462252021,False
2367.3045457360404,1778.3981303908254,1686.2461573760502,1838.11642148042,2004.3724800824853,1999.4161384182808,2035.4346428534348,1750.7758384993379,1885.627635294604,121.9578892676701,True
1952.2720069899328,2367.3045457360404,1778.3981303908254,1686.2461573760502,1919.5965090027235,1989.784509813906,2076.418288008142,1772.0527294893168,1937.4750732451118,219.21738475093628,False
1999.3490824630173,1952.2720069899328,2367.3045457360404,1778.3981303908254,1996.2564537671904,1994.5186240019032,1978.6153511549503,1928.83857957902,1942.1430015289989,219.12110425130786,False
1991.508280331024,1999.3490824630173,1952.2720069899328,2367.3045457360404,1976.407294962534,2003.907256714319,1986.5940712052588,2035.468285207747,1942.5848056284028,219.25147419365044,False
1876.5874146806002,1991.508280331024,1999.3490824630173,1952.2720069899328,1838.11642148042,1905.6687770601302,1949.4464314182987,1993.4635027113331,1944.742089252473,219.71353398623083,False
1768.6885152299724,1876.5874146806002,1991.508280331024,1999.3490824630173,1686.2461573760502,1787.2159891106905,1667.891273725685,2061.0650975193257,1950.2379454239272,217.06712390912335,False
1814.8874141600745,1768.6885152299724,1876.5874146806002,1991.508280331024,1778.3981303908254,1796.2234880233268,1746.3360992874088,1880.687245415118,1962.0154251173446,202.07522771837762,False
2032.9531176318878,1814.8874141600745,1768.6885152299724,1876.5874146806002,2367.3045457360404,2004.3724800824853,1999.4161384182808,1652.0078161120225,1967.2281799415232,196.95495125373355,False
2001.1367043830312,2032.9531176318878,1814.8874141600745,1768.6885152299724,1952.2720069899328,1919.5965090027235,1989.784509813906,1715.071040887709,1919.4636902123586,100.85968847331407,False
1962.237477792363,2001.1367043830312,2032.9531176318878,1814.8874141600745,1999.3490824630173,1996.2564537671904,1994.5186240019032,2035.4346428534348,1926.4443612685154,105.11029744098126,False
1998.2670440276022,1962.237477792363,2001.1367043830312,2032.9531176318878,1991.508280331024,1976.407294962534,2003.907256714319,2076.418288008142,1921.142703458422,101.70082231565583,False
1896.7566726014586,1998.2670440276022,1962.237477792363,2001.1367043830312,1876.5874146806002,1838.11642148042,1905.6687770601302,1978.6153511549503,1922.1082411293614,102.50907863594523,False
1725.4950883223323,1896.7566726014586,1998.2670440276022,1962.237477792363,1768.6885152299724,1686.2461573760502,1787.2159891106905,1986.5940712052588,1924.9895636894842,101.29257085716347,False
1735.3394861423458,1725.4950883223323,1896.7566726014586,1998.2670440276022,1814.8874141600745,1778.3981303908254,1796.2234880233268,1949.4464314182987,1918.8190741312499,113.03584448297461,False
1969.7935823199134,1735.3394861423458,1725.4950883223323,1896.7566726014586,2032.9531176318878,2367.3045457360404,2004.3724800824853,1667.891273725685,1907.4550844144317,128.2066042605329,False
2010.8045941533267,1969.7935823199134,1735.3394861423458,1725.4950883223323,2001.1367043830312,1952.2720069899328,1919.5965090027235,1746.3360992874088,1898.432293655578,119.85272696398197,False
2098.7866717458087,2010.8045941533267,1969.7935823199134,1735.3394861423458,1962.237477792363,1999.3490824630173,1996.2564537671904,1999.4161384182808,1899.8134207656203,121.28069530077815,False
2084.251946575118,2098.7866717458087,2010.8045941533267,1969.7935823199134,1998.2670440276022,1991.508280331024,1976.407294962534,1989.784509813906,1919.3204484732555,142.17592688630725,False
1838.4167868100883,2084.251946575118,2098.7866717458087,2010.8045941533267,1896.7566726014586,1876.5874146806002,1838.11642148042,1994.5186240019032,1931.6040059800434,153.40447556336645,False
1695.1081460334265,1838.4167868100883,2084.251946575118,2098.7866717458087,1725.4950883223323,1768.6885152299724,1686.2461573760502,2003.907256714319,1923.2697365812762,157.15220837634936,False
1708.3035223663762,1695.1081460334265,1838.4167868100883,2084.251946575118,1735.3394861423458,1814.8874141600745,1778.3981303908254,1905.6687770601302,1918.9287448257182,163.80470588824363,False
1928.6993498917013,1708.3035223663762,1695.1081460334265,1838.4167868100883,1969.7935823199134,2032.9531176318878,2367.3045457360404,1787.2159891106905,1915.066464286294,169.08845711746284,False
2003.842277158663,1928.6993498917013,1708.3035223663762,1695.1081460334265,2010.8045941533267,2001.1367043830312,1952.2720069899328,1796.2234880233268,1909.1958596536922,167.57833397776614,False
2028.4236833177595,2003.842277158663,1928.6993498917013,1708.3035223663762,2098.7866717458087,1962.237477792363,1999.3490824630173,2004.3724800824853,1908.2012429401689,166.89401461987916,False
1955.2075194968174,2028.4236833177595,2003.842277158663,1928.6993498917013,2084.251946575118,1998.2670440276022,1991.508280331024,1919.5965090027235,1898.1493874504474,155.21223298087278,False
1835.1692833602224,1955.2075194968174,2028.4236833177595,2003.842277158663,1838.4167868100883,1896.7566726014586,1876.5874146806002,1996.2564537671904,1879.7144692964046,135.88449020516012,False
1598.784800620277,1835.1692833602224,1955.2075194968174,2028.4236833177595,1695.1081460334265,1725.4950883223323,1768.6885152299724,1976.407294962534,1879.250540232138,136.05442322223442,False
1753.79875085533,1598.784800620277,1835.1692833602224,1955.2075194968174,1708.3035223663762,1735.3394861423458,1814.8874141600745,1838.11642148042,1865.4900623159738,160.46390609595804,False
1894.0294650105602,1753.79875085533,1598.784800620277,1835.1692833602224,1928.6993498917013,1969.7935823199134,2032.9531176318878,1686.2461573760502,1871.9893806715388,153.82004837812815,False
1951.9777413322754,1894.0294650105602,1753.79875085533,1598.784800620277,2003.842277158663,2010.8045941533267,2001.1367043830312,1778.3981303908254,1867.0365399742327,152.23976374467517,False
1920.4785085241447,1951.9777413322754,1894.0294650105602,1753.79875085533,2028.4236833177595,2098.7866717458087,1962.237477792363,2367.3045457360404,1859.627320570463,145.5888023547637,False
1969.1750731140442,1920.4785085241447,1951.9777413322754,1894.0294650105602,1955.2075194968174,2084.251946575118,1998.2670440276022,1952.2720069899328,1844.2065813142326,129.56507813370794,False
1770.5415435550585,1969.1750731140442,1920.4785085241447,1951.9777413322754,1835.1692833602224,1838.4167868100883,1896.7566726014586,1999.3490824630173,1846.2019461166933,131.6502323907332,False
1614.0714141242856,1770.5415435550585,1969.1750731140442,1920.4785085241447,1598.784800620277,1695.1081460334265,1725.4950883223323,1991.508280331024,1836.9694118588127,134.78179969722305,False
1841.262129649426,1614.0714141242856,1770.5415435550585,1969.1750731140442,1753.79875085533,1708.3035223663762,1735.3394861423458,1876.5874146806002,1839.153213787957,130.3297271058315,False
1867.8926008035749,1841.262129649426,1614.0714141242856,1770.5415435550585,1894.0294650105602,1928.6993498917013,1969.7935823199134,1768.6885152299724,1851.6479821871133,124.86075919935575,False
1910.106546231227,1867.8926008035749,1841.262129649426,1614.0714141242856,1951.9777413322754,2003.842277158663,2010.8045941533267,1814.8874141600745,1847.9141444432587,123.76817163864264,False
2025.9383818520648,1910.106546231227,1867.8926008035749,1841.262129649426,1920.4785085241447,2028.4236833177595,2098.7866717458087,2032.9531176318878,1841.9325451431089,118.81327633167254,False
2087.1754570746716,2025.9383818520648,1910.106546231227,1867.8926008035749,1969.1750731140442,1955.2075194968174,2084.251946575118,2001.1367043830312,1856.9982413328114,135.8917589871584,False
1779.6498517219104,2087.1754570746716,2025.9383818520648,1910.106546231227,1770.5415435550585,1835.1692833602224,1838.4167868100883,1962.237477792363,1873.8554390414724,157.6960019678272,False
1645.9588175992776,1779.6498517219104,2087.1754570746716,2025.9383818520648,1614.0714141242856,1598.784800620277,1695.1081460334265,1998.2670440276022,1875.1566259224514,156.7361127768439,False
1742.9782713354532,1645.9588175992776,1779.6498517219104,2087.1754570746716,1841.262129649426,1753.79875085533,1708.3035223663762,1896.7566726014586,1879.7119692760218,148.10927482737424,False
1985.5112017767397,1742.9782713354532,1645.9588175992776,1779.6498517219104,1867.8926008035749,1894.0294650105602,1928.6993498917013,1725.4950883223323,1865.6714180883114,156.7672894138274,False
1896.6877704619474,1985.5112017767397,1742.9782713354532,1645.9588175992776,1910.106546231227,1951.9777413322754,2003.842277158663,1735.3394861423458,1882.474075370192,163.21572291533943,False
1913.6258662204539,1896.6877704619474,1985.5112017767397,1742.9782713354532,2025.9383818520648,1920.4785085241447,2028.4236833177595,1969.7935823199134,1880.557107403152,162.9156149461176,False
1972.575858102165,1913.6258662204539,1896.6877704619474,1985.5112017767397,2087.1754570746716,1969.1750731140442,1955.2075194968174,2010.8045941533267,1864.5124623129218,151.33010218088148,False
1832.8557499894762,1972.575858102165,1913.6258662204539,1896.6877704619474,1779.6498517219104,1770.5415435550585,1835.1692833602224,2098.7866717458087,1848.1410910311351,127.5588326003369,False
1626.3072475912372,1832.8557499894762,1972.575858102165,1913.6258662204539,1645.9588175992776,1614.0714141242856,1598.784800620277,2084.251946575118,1855.7419336407875,124.34207974788356,False
1702.084510517155,1626.3072475912372,1832.8557499894762,1972.575858102165,1742.9782713354532,1841.262129649426,1753.79875085533,1838.4167868100883,1852.9345664967818,129.96272990795958,False
1826.1525556509825,1702.084510517155,1626.3072475912372,1832.8557499894762,1985.5112017767397,1867.8926008035749,1894.0294650105602,1695.1081460334265,1847.0926006655966,136.4846264729826,False
1910.4971940079954,1826.1525556509825,1702.084510517155,1626.3072475912372,1896.6877704619474,1910.106546231227,1951.9777413322754,1708.3035223663762,1824.3270797904881,122.07867227561373,False
1892.6211068882676,1910.4971940079954,1826.1525556509825,1702.084510517155,1913.6258662204539,2025.9383818520648,1920.4785085241447,1928.6993498917013,1826.2998545827807,123.54566597996612,False
1927.8259312397602,1892.6211068882676,1910.4971940079954,1826.1525556509825,1972.575858102165,2087.1754570746716,1969.1750731140442,2003.842277158663,1823.299174678183,121.30597480077398,False
1767.932611490584,1927.8259312397602,1892.6211068882676,1910.4971940079954,1832.8557499894762,1779.6498517219104,1770.5415435550585,2028.4236833177595,1816.9063279835534,113.02438699633818,False
1643.9440507974887,1767.932611490584,1927.8259312397602,1892.6211068882676,1626.3072475912372,1645.9588175992776,1614.0714141242856,1955.2075194968174,1807.6315939122833,114.15557245527494,False
1733.0398816631844,1643.9440507974887,1767.932611490584,1927.8259312397602,1702.084510517155,1742.9782713354532,1841.262129649426,1835.1692833602224,1810.151137227462,109.58986027315125,False
1874.2600281043349,1733.0398816631844,1643.9440507974887,1767.932611490584,1826.1525556509825,1985.5112017767397,1867.8926008035749,1598.784800620277,1814.573333105466,105.03212529158515,False
1916.1797834970055,1874.2600281043349,1733.0398816631844,1643.9440507974887,1910.4971940079954,1896.6877704619474,1910.106546231227,1753.79875085533,1821.4458291702306,107.4618450192219,False
1886.0403710888727,1916.1797834970055,1874.2600281043349,1733.0398816631844,1892.6211068882676,1913.6258662204539,2025.9383818520648,1894.0294650105602,1822.2576276686607,108.26514691173396,False
1896.3372702069412,1886.0403710888727,1916.1797834970055,1874.2600281043349,1927.8259312397602,1972.575858102165,2087.1754570746716,1951.9777413322754,1821.3175225544617,107.57871907108793,False
1739.3340368870995,1896.3372702069412,1886.0403710888727,1916.1797834970055,1767.932611490584,1832.8557499894762,1779.6498517219104,1920.4785085241447,1816.819142406916,102.94121156543711,False
1615.7867994949722,1739.3340368870995,1896.3372702069412,1886.0403710888727,1643.9440507974887,1626.3072475912372,1645.9588175992776,1969.1750731140442,1812.7336317492752,105.73438980326135,False
1661.8587677162157,1615.7867994949722,1739.3340368870995,1896.3372702069412,1733.0398816631844,1702.084510517155,1742.9782713354532,1770.5415435550585,1808.711167277487,113.47792566291274,False
1940.1878773484889,1661.8587677162157,1615.7867994949722,1739.3340368870995,1874.2600281043349,1826.1525556509825,1985.5112017767397,1614.0714141242856,1798.5424367136345,124.08270084770434,False
1949.8532737090359,1940.1878773484889,1661.8587677162157,1615.7867994949722,1916.1797834970055,1910.4971940079954,1896.6877704619474,1841.262129649426,1807.960700891371,132.97145759131115,False
1879.6963720382114,1949.8532737090359,1940.1878773484889,1661.8587677162157,1886.0403710888727,1892.6211068882676,1913.6258662204539,1867.8926008035749,1812.7711994930894,138.05107587832515,False
1840.6755193107178,1879.6963720382114,1949.8532737090359,1940.1878773484889,1896.3372702069412,1927.8259312397602,1972.575858102165,1910.106546231227,1811.8649139144234,137.5096693848532,False
1700.4313701799392,1840.6755193107178,1879.6963720382114,1949.8532737090359,1739.3340368870995,1767.932611490584,1832.8557499894762,2025.9383818520648,1803.913235214963,133.3574911611045,False
1633.849240875842,1700.4313701799392,1840.6755193107178,1879.6963720382114,1615.7867994949722,1643.9440507974887,1626.3072475912372,2087.1754570746716,1798.3557113996544,137.25107390621608,False
1656.792537528338,1633.849240875842,1700.4313701799392,1840.6755193107178,1661.8587677162157,1733.0398816631844,1702.084510517155,1779.6498517219104,1800.93606016835,133.36135596080243,False
1846.3742134932847,1656.792537528338,1633.849240875842,1700.4313701799392,1940.1878773484889,1874.2600281043349,1826.1525556509825,1645.9588175992776,1800.2123129986535,134.25268635159517,False
1779.3700744236714,1846.3742134932847,1656.792537528338,1633.849240875842,1949.8532737090359,1916.1797834970055,1910.4971940079954,1742.9782713354532,1786.8103610193382,122.08137926532763,False
1882.9552078099134,1779.3700744236714,1846.3742134932847,1656.792537528338,1879.6963720382114,1886.0403710888727,1892.6211068882676,1985.5112017767397,1762.4556182642864,98.94735216566765,False
1874.42362685243,1882.9552078099134,1779.3700744236714,1846.3742134932847,1840.6755193107178,1896.3372702069412,1927.8259312397602,1896.6877704619474,1762.9211662316725,99.59644454363226,False
1679.5678860675584,1874.42362685243,1882.9552078099134,1779.3700744236714,1700.4313701799392,1739.3340368870995,1767.932611490584,1913.6258662204539,1767.742324451917,104.6749452113919,False
1538.173657894738,1679.5678860675584,1874.42362685243,1882.9552078099134,1633.849240875842,1615.7867994949722,1643.9440507974887,1972.575858102165,1764.7618267215769,107.17808263383898,False
1636.0889481090865,1538.173657894738,1679.5678860675584,1874.42362685243,1656.792537528338,1661.8587677162157,1733.0398816631844,1832.8557499894762,1751.0938862957048,130.26847491077962,False
1806.5012754316904,1636.0889481090865,1538.173657894738,1679.5678860675584,1846.3742134932847,1940.1878773484889,1874.2600281043349,1626.3072475912372,1748.136230664383,132.97331228083033,False
1824.232149228289,1806.5012754316904,1636.0889481090865,1538.173657894738,1779.3700744236714,1949.8532737090359,1916.1797834970055,1702.084510517155,1742.440096655584,128.85396530923808,False
1816.209020590065,1824.232149228289,1806.5012754316904,1636.0889481090865,1882.9552078099134,1879.6963720382114,1886.0403710888727,1826.1525556509825,1748.8489644848148,132.07237141912196,False
1822.434524981787,1816.209020590065,1824.232149228289,1806.5012754316904,1874.42362685243,1840.6755193107178,1896.3372702069412,1910.4971940079954,1739.3137948819797,122.86518641575594,False
1716.3657848416954,1822.434524981787,1816.209020590065,1824.232149228289,1679.5678860675584,1700.4313701799392,1739.3340368870995,1892.6211068882676,1731.8867803290307,114.63230308172601,False
1605.7481145355641,1716.3657848416954,1822.434524981787,1816.209020590065,1538.173657894738,1633.849240875842,1615.7867994949722,1927.8259312397602,1737.14362301105,112.659947998549,False
1489.0472822485897,1605.7481145355641,1716.3657848416954,1822.434524981787,1636.0889481090865,1656.792537528338,1661.8587677162157,1767.932611490584,1746.7971168168826,94.1426101974599,False
1774.0047722755262,1489.0472822485897,1605.7481145355641,1716.3657848416954,1806.5012754316904,1846.3742134932847,1940.1878773484889,1643.9440507974887,1725.7911645510972,131.82495636003188,False
1826.054139078229,1774.0047722755262,1489.0472822485897,1605.7481145355641,1824.232149228289,1779.3700744236714,1949.8532737090359,1733.0398816631844,1721.1488069573595,129.05198196798852,False
1815.1362922129588,1826.054139078229,1774.0047722755262,1489.0472822485897,1816.209020590065,1882.9552078099134,1879.6963720382114,1874.2600281043349,1721.4090912216363,129.29614799466697,False
1798.2180830698082,1815.1362922129588,1826.054139078229,1774.0047722755262,1822.434524981787,1874.42362685243,1840.6755193107178,1916.1797834970055,1721.2558443106213,129.16563044056488,False
1611.869642587758,1798.2180830698082,1815.1362922129588,1826.054139078229,1716.3657848416954,1679.5678860675584,1700.4313701799392,1886.0403710888727,1717.7963526089102,126.29650609793886,False
1535.9640325437629,1611.869642587758,1798.2180830698082,1815.1362922129588,1605.7481145355641,1538.173657894738,1633.849240875842,1896.3372702069412,1702.868332286919,132.51625406713444,False
1664.2131615429455,1535.9640325437629,1611.869642587758,1798.2180830698082,1489.0472822485897,1636.0889481090865,1656.792537528338,1739.3340368870995,1692.8991777166616,143.23195978823682,False
1697.84753870073,1664.2131615429455,1535.9640325437629,1611.869642587758,1774.0047722755262,1806.5012754316904,1846.3742134932847,1615.7867994949722,1717.9228747587129,114.00026328266522,False
1839.474858795958,1697.84753870073,1664.2131615429455,1535.9640325437629,1826.054139078229,1824.232149228289,1779.3700744236714,1661.8587677162157,1707.0432699623132,111.35950749425277,False
1769.818089563357,1839.474858795958,1697.84753870073,1664.2131615429455,1815.1362922129588,1816.209020590065,1882.9552078099134,1940.1878773484889,1708.9605156362745,113.83793113650137,False
1795.2837610792467,1769.818089563357,1839.474858795958,1697.84753870073,1798.2180830698082,1822.434524981787,1874.42362685243,1949.8532737090359,1702.4864866863315,107.92852944529864,False
1626.9449893630383,1795.2837610792467,1769.818089563357,1839.474858795958,1611.869642587758,1716.3657848416954,1679.5678860675584,1879.6963720382114,1702.067297830537,107.49958942781711,False
1489.8813283467632,1626.9449893630383,1795.2837610792467,1769.818089563357,1535.9640325437629,1605.7481145355641,1538.173657894738,1840.6755193107178,1704.220918798434,105.52428472329078,False
1629.0463974211018,1489.8813283467632,1626.9449893630383,1795.2837610792467,1664.2131615429455,1489.0472822485897,1636.0889481090865,1700.4313701799392,1697.63767534172,118.42012399375135,False
1777.4970986670407,1629.0463974211018,1489.8813283467632,1626.9449893630383,1697.84753870073,1774.0047722755262,1806.5012754316904,1633.849240875842,1692.613851895742,120.79655642867542,False
1863.317110134722,1777.4970986670407,1629.0463974211018,1489.8813283467632,1839.474858795958,1826.054139078229,1824.232149228289,1656.792537528338,1703.992360462358,125.04821015286998,False
1822.709685094441,1863.317110134722,1777.4970986670407,1629.0463974211018,1769.818089563357,1815.1362922129588,1816.209020590065,1846.3742134932847,1707.3983963678959,129.59551825708647,False
1803.3002726504167,1822.709685094441,1863.317110134722,1777.4970986670407,1795.2837610792467,1798.2180830698082,1822.434524981787,1779.3700744236714,1714.9543385866218,135.25951567475104,False
2088.683630065563,1803.3002726504167,1822.709685094441,1863.317110134722,1626.9449893630383,1611.869642587758,1716.3657848416954,1882.9552078099134,1716.0995545253604,136.08442648725506,False
1510.960281085833,2088.683630065563,1803.3002726504167,1822.709685094441,1489.8813283467632,1535.9640325437629,1605.7481145355641,1874.42362685243,1782.062217482864,187.76167221593315,False
1594.4794992631757,1510.960281085833,2088.683630065563,1803.3002726504167,1629.0463974211018,1664.2131615429455,1489.0472822485897,1679.5678860675584,1785.0734964455883,182.3868538093591,False
1725.018683375725,1594.4794992631757,1510.960281085833,2088.683630065563,1777.4970986670407,1697.84753870073,1774.0047722755262,1538.173657894738,1780.1353681373132,187.70575688583654,False
1775.8646343368873,1725.018683375725,1594.4794992631757,1510.960281085833,1863.317110134722,1839.474858795958,1826.054139078229,1636.0889481090865,1772.6384516671255,188.87304783279345,False
1726.2782629850244,1775.8646343368873,1725.018683375725,1594.4794992631757,1822.709685094441,1769.818089563357,1815.1362922129588,1806.5012754316904,1760.1452408388632,184.7220416921198,False
1816.4468912601212,1726.2782629850244,1775.8646343368873,1725.018683375725,1803.3002726504167,1795.2837610792467,1798.2180830698082,1824.232149228289,1746.369323394661,182.86498995860657,False
1596.0039449080539,1816.4468912601212,1726.2782629850244,1775.8646343368873,2088.683630065563,1626.9449893630383,1611.869642587758,1816.209020590065,1748.2474117674758,183.61312105374884,False
1515.687780420007,1596.0039449080539,1816.4468912601212,1726.2782629850244,1510.960281085833,1489.8813283467632,1535.9640325437629,1822.434524981787,1677.864599602117,111.71969542321328,False
1538.3810295623816,1515.687780420007,1596.0039449080539,1816.4468912601212,1594.4794992631757,1629.0463974211018,1664.2131615429455,1716.3657848416954,1678.5399566498563,110.55075641485632,False
1781.2830040784568,1538.3810295623816,1515.687780420007,1596.0039449080539,1725.018683375725,1777.4970986670407,1697.84753870073,1605.7481145355641,1670.5258895497427,119.34376530932214,False
1797.3521066553146,1781.2830040784568,1538.3810295623816,1515.687780420007,1775.8646343368873,1863.317110134722,1839.474858795958,1489.0472822485897,1678.5636496501331,125.3681516155421,False
1830.7728336321643,1797.3521066553146,1781.2830040784568,1538.3810295623816,1726.2782629850244,1822.709685094441,1769.818089563357,1774.0047722755262,1681.6332885527656,128.374645570882,False
1796.478320207007,1830.7728336321643,1797.3521066553146,1781.2830040784568,1816.4468912601212,1803.3002726504167,1795.2837610792467,1826.054139078229,1696.5610843594998,139.98205498300965,False
1570.4678542484141,1796.478320207007,1830.7728336321643,1797.3521066553146,1596.0039449080539,2088.683630065563,1626.9449893630383,1815.1362922129588,1693.7084313519122,137.30970967276818,False
1470.1630382084968,1570.4678542484141,1796.478320207007,1830.7728336321643,1515.687780420007,1510.960281085833,1489.8813283467632,1798.2180830698082,1690.0604184005351,140.63703602217214,False
1487.4332764094504,1470.1630382084968,1570.4678542484141,1796.478320207007,1538.3810295623816,1594.4794992631757,1629.0463974211018,1611.869642587758,1683.5568837988908,150.7346590366884,False
1698.9942719010514,1487.4332764094504,1470.1630382084968,1570.4678542484141,1781.2830040784568,1725.018683375725,1777.4970986670407,1535.9640325437629,1676.2786333484723,159.86622262809516,False
1825.8421677748597,1698.9942719010514,1487.4332764094504,1470.1630382084968,1797.3521066553146,1775.8646343368873,1863.317110134722,1664.2131615429455,1664.5231001802713,153.76713414891606,False
1772.3476164742167,1825.8421677748597,1698.9942719010514,1487.4332764094504,1830.7728336321643,1726.2782629850244,1822.709685094441,1697.84753870073,1668.5931089116348,158.18255860300113,False
1727.5042716420055,1772.3476164742167,1825.8421677748597,1698.9942719010514,1796.478320207007,1816.4468912601212,1803.3002726504167,1839.474858795958,1660.2466493176423,149.50218621143924,False
1591.5096433632677,1727.5042716420055,1772.3476164742167,1825.8421677748597,1570.4678542484141,1596.0039449080539,2088.683630065563,1769.818089563357,1650.3932138083562,141.0616356774984,False
1471.129536311164,1591.5096433632677,1727.5042716420055,1772.3476164742167,1470.1630382084968,1515.687780420007,1510.960281085833,1795.2837610792467,1653.3991836819066,139.28763473682713,False
1482.4743702214123,1471.129536311164,1591.5096433632677,1727.5042716420055,1487.4332764094504,1538.3810295623816,1594.4794992631757,1626.9449893630383,1653.5372548394305,139.07604457194697,False
1689.7353456181354,1482.4743702214123,1471.129536311164,1591.5096433632677,1698.9942719010514,1781.2830040784568,1725.018683375725,1489.8813283467632,1652.8288396697112,140.07220930759865,False
1770.0770100882075,1689.7353456181354,1482.4743702214123,1471.129536311164,1825.8421677748597,1797.3521066553146,1775.8646343368873,1629.0463974211018,1651.5061359150088,139.6065537821237,False
1794.433153737572,1770.0770100882075,1689.7353456181354,1482.4743702214123,1772.3476164742167,1830.7728336321643,1726.2782629850244,1777.4970986670407,1643.5396848169155,129.20377248710346,False
1785.727496702845,1794.433153737572,1770.0770100882075,1689.7353456181354,1727.5042716420055,1796.478320207007,1816.4468912601212,1863.317110134722,1646.6947615688237,133.08478694006774,False
1533.9931396599864,1785.727496702845,1794.433153737572,1770.0770100882075,1591.5096433632677,1570.4678542484141,1596.0039449080539,1822.709685094441,1655.0123651489434,140.58509279950152,False
1483.9276498385957,1533.9931396599864,1785.727496702845,1794.433153737572,1471.129536311164,1470.1630382084968,1515.687780420007,1803.3002726504167,1646.7957217627604,146.472679232155,False
1541.6456905472985,1483.9276498385957,1533.9931396599864,1785.727496702845,1482.4743702214123,1487.4332764094504,1538.3810295623816,2088.683630065563,1648.6240236952508,143.97307381020966,False
1740.3591824740797,1541.6456905472985,1483.9276498385957,1533.9931396599864,1689.7353456181354,1698.9942719010514,1781.2830040784568,1510.960281085833,1657.0770694560913,133.9825575895076,False
1831.1812242290177,1740.3591824740797,1541.6456905472985,1483.9276498385957,1770.0770100882075,1825.8421677748597,1797.3521066553146,1594.4794992631757,1664.309046149798,137.36277477779473,False
1652.6360441010445,1831.1812242290177,1740.3591824740797,1541.6456905472985,1794.433153737572,1772.3476164742167,1830.7728336321643,1725.018683375725,1673.038219598485,146.82033448258935,False
1735.3982079034815,1652.6360441010445,1831.1812242290177,1740.3591824740797,1785.727496702845,1727.5042716420055,1796.478320207007,1775.8646343368873,1652.7814896504096,136.71407918142293,False
1667.9879076172365,1735.3982079034815,1652.6360441010445,1831.1812242290177,1533.9931396599864,1591.5096433632677,1570.4678542484141,1726.2782629850244,1645.5915912505006,129.70058824671295,False
1403.9908435346483,1667.9879076172365,1735.3982079034815,1652.6360441010445,1483.9276498385957,1471.129536311164,1470.1630382084968,1816.4468912601212,1664.7337009586793,120.01103670780984,False
1610.3928022181942,1403.9908435346483,1667.9879076172365,1735.3982079034815,1541.6456905472985,1482.4743702214123,1487.4332764094504,1596.0039449080539,1653.3141572009722,141.89142639630626,False
1744.5243509684956,1610.3928022181942,1403.9908435346483,1667.9879076172365,1740.3591824740797,1689.7353456181354,1698.9942719010514,1515.687780420007,1663.1351731539576,135.09027296404682,False
1803.4091323955424,1744.5243509684956,1610.3928022181942,1403.9908435346483,1831.1812242290177,1770.0770100882075,1825.8421677748597,1538.3810295623816,1663.7301972245884,135.49567236099207,False
1727.300672781333,1803.4091323955424,1744.5243509684956,1610.3928022181942,1652.6360441010445,1794.433153737572,1772.3476164742167,1781.2830040784568,1659.7627555340919,130.07346494835446,False
1806.782143929505,1727.300672781333,1803.4091323955424,1744.5243509684956,1735.3982079034815,1785.727496702845,1727.5042716420055,1797.3521066553146,1670.4291310598474,132.43162826170294,False
1698.2998537200294,1806.782143929505,1727.300672781333,1803.4091323955424,1667.9879076172365,1533.9931396599864,1591.5096433632677,1830.7728336321643,1680.626836206422,140.75512295306766,False
1495.1230683783851,1698.2998537200294,1806.782143929505,1727.300672781333,1403.9908435346483,1483.9276498385957,1471.129536311164,1796.478320207007,1684.9571142211068,140.76775299736428,False
1564.6662269585572,1495.1230683783851,1698.2998537200294,1806.782143929505,1610.3928022181942,1541.6456905472985,1482.4743702214123,1570.4678542484141,1697.976003484498,111.6556022311131,False
1750.921446118914,1564.6662269585572,1495.1230683783851,1698.2998537200294,1744.5243509684956,1740.3591824740797,1689.7353456181354,1470.1630382084968,1691.443635590264,118.7461000192976,False
1737.936906054297,1750.921446118914,1564.6662269585572,1495.1230683783851,1803.4091323955424,1831.1812242290177,1770.0770100882075,1487.4332764094504,1692.357506326038,119.24625717461284,False
1758.4979252394962,1737.936906054297,1750.921446118914,1564.6662269585572,1727.300672781333,1652.6360441010445,1794.433153737572,1698.9942719010514,1683.0043311344318,111.39319542703704,False
1776.1137329784551,1758.4979252394962,1737.936906054297,1750.921446118914,1806.782143929505,1735.3982079034815,1785.727496702845,1825.8421677748597,1687.4610814855976,114.05316189276927,False
1680.9584262473118,1776.1137329784551,1758.4979252394962,1737.936906054297,1698.2998537200294,1667.9879076172365,1533.9931396599864,1772.3476164742167,1683.0798799211623,109.19108221398166,False
1543.7968316012636,1680.9584262473118,1776.1137329784551,1758.4979252394962,1495.1230683783851,1403.9908435346483,1483.9276498385957,1727.5042716420055,1680.602533139345,108.98474422602564,False
1521.3206807476363,1543.7968316012636,1680.9584262473118,1776.1137329784551,1564.6662269585572,1610.3928022181942,1541.6456905472985,1591.5096433632677,1687.5559278854707,95.95204277825447,False
1748.6437716315338,1521.3206807476363,1543.7968316012636,1680.9584262473118,1750.921446118914,1744.5243509684956,1740.3591824740797,1471.129536311164,1681.3637069981964,106.06966317816226,False
1859.6436103820965,1748.6437716315338,1521.3206807476363,1543.7968316012636,1737.936906054297,1803.4091323955424,1831.1812242290177,1482.4743702214123,1681.0383249285703,105.82393206911685,False
1748.5441380700422,1859.6436103820965,1748.6437716315338,1521.3206807476363,1758.4979252394962,1727.300672781333,1652.6360441010445,1689.7353456181354,1698.424996975399,124.99236809713736,False
1763.523652318464,1748.5441380700422,1859.6436103820965,1748.6437716315338,1776.1137329784551,1806.782143929505,1735.3982079034815,1770.0770100882075,1697.0030273797627,124.24946016402285,False
1691.0362437922533,1763.523652318464,1748.5441380700422,1859.6436103820965,1680.9584262473118,1698.2998537200294,1667.9879076172365,1794.433153737572,1695.2044444283354,122.99824904159327,False
1555.7080905434434,1691.0362437922533,1763.523652318464,1748.5441380700422,1543.7968316012636,1495.1230683783851,1403.9908435346483,1785.727496702845,1696.6441326490415,122.86261402552142,False
1589.054198082468,1555.7080905434434,1691.0362437922533,1763.523652318464,1521.3206807476363,1564.6662269585572,1610.3928022181942,1533.9931396599864,1698.3457410693525,120.45174260493557,False
1834.3365853506564,1589.054198082468,1555.7080905434434,1691.0362437922533,1748.6437716315338,1750.921446118914,1744.5243509684956,1483.9276498385957,1708.0219578314716,105.67489371507021,False
1852.4765394090348,1834.3365853506564,1589.054198082468,1555.7080905434434,1859.6436103820965,1737.936906054297,1803.4091323955424,1541.6456905472985,1720.2637883627751,115.65704722421951,False
1841.5080927221113,1852.4765394090348,1834.3365853506564,1589.054198082468,1748.5441380700422,1758.4979252394962,1727.300672781333,1740.3591824740797,1719.2399210809087,114.2405751468937,False
1847.7577764844823,1841.5080927221113,1852.4765394090348,1834.3365853506564,1763.523652318464,1776.1137329784551,1806.782143929505,1831.1812242290177,1732.5204860312044,123.26232790590826,False
1809.650507201834,1847.7577764844823,1841.5080927221113,1852.4765394090348,1691.0362437922533,1680.9584262473118,1698.2998537200294,1652.6360441010445,1744.5539323406356,130.68181387458247,False
1532.1269323378895,1809.650507201834,1847.7577764844823,1841.5080927221113,1555.7080905434434,1543.7968316012636,1495.1230683783851,1735.3982079034815,1761.498827113433,130.27530702604147,False
1522.703355071716,1532.1269323378895,1809.650507201834,1847.7577764844823,1589.054198082468,1521.3206807476363,1564.6662269585572,1667.9879076172365,1758.1300902269252,136.63341091024475,False
1871.7184070843728,1522.703355071716,1532.1269323378895,1809.650507201834,1834.3365853506564,1748.6437716315338,1750.921446118914,1403.9908435346483,1748.6513983682464,151.7796126997633,False
1818.987901557643,1871.7184070843728,1522.703355071716,1532.1269323378895,1852.4765394090348,1859.6436103820965,1737.936906054297,1610.3928022181942,1753.99165861592,155.89858546358238,False
1834.812340224483,1818.987901557643,1871.7184070843728,1522.703355071716,1841.5080927221113,1748.5441380700422,1758.4979252394962,1744.5243509684956,1749.2075674942928,152.8568179997,False
1908.749618368082,1834.812340224483,1818.987901557643,1871.7184070843728,1847.7577764844823,1763.523652318464,1776.1137329784551,1803.4091323955424,1748.251031423203,152.20251108420743,False
1660.4651313765917,1908.749618368082,1834.812340224483,1818.987901557643,1809.650507201834,1691.0362437922533,1680.9584262473118,1727.300672781333,1756.9641516922886,160.37477000600683,False
1513.3565911234596,1660.4651313765917,1908.749618368082,1834.812340224483,1532.1269323378895,1555.7080905434434,1543.7968316012636,1806.782143929505,1735.6519551458255,162.10960383870056,False
1569.783907244755,1513.3565911234596,1660.4651313765917,1908.749618368082,1522.703355071716,1589.054198082468,1521.3206807476363,1698.2998537200294,1732.9704778294783,166.14231031113118,False
1793.4254773841578,1569.783907244755,1513.3565911234596,1660.4651313765917,1871.7184070843728,1834.3365853506564,1748.6437716315338,1495.1230683783851,1739.6962709970553,156.90790478460355,False
1889.6546220179976,1793.4254773841578,1569.783907244755,1513.3565911234596,1818.987901557643,1852.4765394090348,1859.6436103820965,1564.6662269585572,1728.5115667541675,148.49345857774827,False
1884.4813889371305,1889.6546220179976,1793.4254773841578,1569.783907244755,1834.812340224483,1841.5080927221113,1748.5441380700422,1750.921446118914,1738.6068125342183,157.78126347946736,False
1893.8324892284706,1884.4813889371305,1889.6546220179976,1793.4254773841578,1908.749618368082,1847.7577764844823,1763.523652318464,1737.936906054297,1745.7023909217392,163.829698409179,False
1701.2140523056407,1893.8324892284706,1884.4813889371305,1889.6546220179976,1660.4651313765917,1809.650507201834,1691.0362437922533,1758.4979252394962,1743.5713724732234,161.43489887778412,False
1498.5852703059006,1701.2140523056407,1893.8324892284706,1884.4813889371305,1513.3565911234596,1532.1269323378895,1555.7080905434434,1776.1137329784551,1749.392646891659,158.64932191559416,False
1677.7799642097984,1498.5852703059006,1701.2140523056407,1893.8324892284706,1569.783907244755,1522.703355071716,1589.054198082468,1680.9584262473118,1747.2824582034361,162.36676297752027,False
1842.0535005755705,1677.7799642097984,1498.5852703059006,1701.2140523056407,1793.4254773841578,1871.7184070843728,1834.3365853506564,1543.7968316012636,1762.7104663412995,147.10341676973377,False
1925.2898820651562,1842.0535005755705,1677.7799642097984,1498.5852703059006,1889.6546220179976,1818.987901557643,1852.4765394090348,1521.3206807476363,1769.6573267972155,149.91696837403035,False
1927.8475155546514,1925.2898820651562,1842.0535005755705,1677.7799642097984,1884.4813889371305,1834.812340224483,1841.5080927221113,1748.6437716315338,1774.748078232524,155.1833945081607,False
1923.603005043975,1927.8475155546514,1925.2898820651562,1842.0535005755705,1893.8324892284706,1908.749618368082,1847.7577764844823,1859.6436103820965,1780.9432391778842,161.04900583499347,False
1835.586845636304,1923.603005043975,1927.8475155546514,1925.2898820651562,1701.2140523056407,1660.4651313765917,1809.650507201834,1748.5441380700422,1785.1961700086704,164.8746532763918,False
1650.0519783254636,1835.586845636304,1923.603005043975,1927.8475155546514,1498.5852703059006,1513.3565911234596,1532.1269323378895,1763.523652318464,1804.3922833416223,161.24964934574064,False
1736.9843854113305,1650.0519783254636,1835.586845636304,1923.603005043975,1677.7799642097984,1569.783907244755,1522.703355071716,1691.0362437922533,1826.030384487274,117.63945275506775,False
1869.9649301995717,1736.9843854113305,1650.0519783254636,1835.586845636304,1842.0535005755705,1793.4254773841578,1871.7184070843728,1555.7080905434434,1834.4881589446359,106.83672142156506,False
1935.5155317771305,1869.9649301995717,1736.9843854113305,1650.0519783254636,1925.2898820651562,1889.6546220179976,1818.987901557643,1589.054198082468,1838.475506033779,107.68362968411358,False
1944.6779326431595,1935.5155317771305,1869.9649301995717,1736.9843854113305,1927.8475155546514,1884.4813889371305,1834.812340224483,1834.3365853506564,1839.9363131354894,109.1174272824969,False
1994.4462079933137,1944.6779326431595,1935.5155317771305,1869.9649301995717,1923.603005043975,1893.8324892284706,1908.749618368082,1852.4765394090348,1842.3406584338477,111.53597239800898,False
1824.373501607112,1994.4462079933137,1944.6779326431595,1935.5155317771305,1835.586845636304,1701.2140523056407,1660.4651313765917,1841.5080927221113,1852.461115998039,122.7851799103209,False
1704.4653696996309,1824.373501607112,1994.4462079933137,1944.6779326431595,1650.0519783254636,1498.5852703059006,1513.3565911234596,1847.7577764844823,1850.8592097081544,123.11472480932888,False
1743.0019893995643,1704.4653696996309,1824.373501607112,1994.4462079933137,1736.9843854113305,1677.7799642097984,1569.783907244755,1809.650507201834,1858.6325513330357,109.26119403063522,False
1938.770320971387,1743.0019893995643,1704.4653696996309,1824.373501607112,1869.9649301995717,1842.0535005755705,1793.4254773841578,1532.1269323378895,1859.4922090456403,108.16270816633653,False
2023.8553111333717,1938.770320971387,1743.0019893995643,1704.4653696996309,1935.5155317771305,1925.2898820651562,1889.6546220179976,1522.703355071716,1869.321550584471,112.3195278983067,False
1889.601648953123,2023.8553111333717,1938.770320971387,1743.0019893995643,1944.6779326431595,1927.8475155546514,1884.4813889371305,1871.7184070843728,1881.941519063934,125.21864401656511,False
1943.177854782985,1889.601648953123,2023.8553111333717,1938.770320971387,1994.4462079933137,1923.603005043975,1893.8324892284706,1818.987901557643,1874.073478536786,122.31634561323706,False
1819.9132451241128,1943.177854782985,1889.601648953123,2023.8553111333717,1824.373501607112,1835.586845636304,1701.2140523056407,1834.812340224483,1866.7494280781677,115.23747888511224,False
1621.0354774627783,1819.9132451241128,1943.177854782985,1889.601648953123,1704.4653696996309,1650.0519783254636,1498.5852703059006,1908.749618368082,1866.1122485805965,115.52281603231793,False
1769.98624860225,1621.0354774627783,1819.9132451241128,1943.177854782985,1743.0019893995643,1736.9843854113305,1677.7799642097984,1660.4651313765917,1854.19369254676,137.24168012929871,False
2023.827993398502,1769.98624860225,1621.0354774627783,1819.9132451241128,1938.770320971387,1869.9649301995717,1842.0535005755705,1513.3565911234596,1858.0485867185726,133.93714315033446,False
2020.2433959416146,2023.827993398502,1769.98624860225,1621.0354774627783,2023.8553111333717,1935.5155317771305,1925.2898820651562,1569.783907244755,1870.199682779589,145.81279050070697,False
2035.2106177822657,2020.2433959416146,2023.827993398502,1769.98624860225,1889.601648953123,1944.6779326431595,1927.8475155546514,1793.4254773841578,1869.6836948950524,145.18345823577368,False
2098.0309291890967,2035.2106177822657,2020.2433959416146,2023.827993398502,1943.177854782985,1994.4462079933137,1923.603005043975,1889.6546220179976,1890.4849761563585,158.34719419872826,False
1994.3225542034795,2098.0309291890967,2035.2106177822657,2020.2433959416146,1819.9132451241128,1824.373501607112,1835.586845636304,1884.4813889371305,1912.6068439286598,176.69000508886546,False
1771.3617345580237,1994.3225542034795,2098.0309291890967,2035.2106177822657,1621.0354774627783,1704.4653696996309,1650.0519783254636,1893.8324892284706,1937.5224595114266,173.71239935456666,False
1910.2953602516725,1771.3617345580237,1994.3225542034795,2098.0309291890967,1769.98624860225,1743.0019893995643,1736.9843854113305,1701.2140523056407,1958.9976390964619,132.45947775353503,False
2453.5674534051304,1910.2953602516725,1771.3617345580237,1994.3225542034795,2023.827993398502,1938.770320971387,1869.9649301995717,1498.5852703059006,1979.0417979035224,107.32140792387561,False
2045.132188826985,2453.5674534051304,1910.2953602516725,1771.3617345580237,2020.2433959416146,2023.8553111333717,1935.5155317771305,1677.7799642097984,2040.4331493330403,210.51279288224444,False
2049.7387040235353,2045.132188826985,2453.5674534051304,1910.2953602516725,2035.2106177822657,1889.601648953123,1944.6779326431595,1842.0535005755705,2043.9886911738079,210.3250569508166,False
2032.9843413463261,2049.7387040235353,2045.132188826985,2453.5674534051304,2098.0309291890967,1943.177854782985,1994.4462079933137,1925.2898820651562,2046.0641320654177,210.29567810554587,False
1945.609527157925,2032.9843413463261,2049.7387040235353,2045.132188826985,1994.3225542034795,1819.9132451241128,1824.373501607112,1927.8475155546514,2036.7717623735934,209.0501253127915,False
1809.7583203572358,1945.609527157925,2032.9843413463261,2049.7387040235353,1771.3617345580237,1621.0354774627783,1704.4653696996309,1923.603005043975,2029.8127585099428,211.4952139220452,False
1937.3293232103981,1809.7583203572358,1945.609527157925,2032.9843413463261,1910.2953602516725,1769.98624860225,1743.0019893995643,1835.586845636304,2035.2979850526874,204.04156564652928,False
2169.018775948573,1937.3293232103981,1809.7583203572358,1945.609527157925,2453.5674534051304,2023.827993398502,1938.770320971387,1650.0519783254636,2039.1599797610766,201.52152926468082,False
2073.1480963700756,2169.018775948573,1937.3293232103981,1809.7583203572358,2045.132188826985,2020.2433959416146,2023.8553111333717,1736.9843854113305,1998.510168695854,113.45223907060603,False
2147.0541815830907,2073.1480963700756,2169.018775948573,1937.3293232103981,2049.7387040235353,2035.2106177822657,1889.601648953123,1869.9649301995717,2002.5124412020098,115.84007905348344,False
2106.023495565265,2147.0541815830907,2073.1480963700756,2169.018775948573,2032.9843413463261,2098.0309291890967,1943.177854782985,1935.5155317771305,2016.4146522819465,127.68622869664408,False
2060.5157651685754,2106.023495565265,2147.0541815830907,2073.1480963700756,1945.609527157925,1994.3225542034795,1819.9132451241128,1944.6779326431595,2026.8488171703661,132.1714326251348,False
1873.8783738172758,2060.5157651685754,2106.023495565265,2147.0541815830907,1809.7583203572358,1771.3617345580237,1621.0354774627783,1994.4462079933137,2043.2639940290305,127.45140285599285,False
1873.0046995979578,1873.8783738172758,2060.5157651685754,2106.023495565265,1937.3293232103981,1910.2953602516725,1769.98624860225,1824.373501607112,2052.4240016661793,108.81360902783668,False
2187.8940422101814,1873.0046995979578,1873.8783738172758,2060.5157651685754,2169.018775948573,2453.5674534051304,2023.827993398502,1704.4653696996309,2043.2347697215448,122.06269981561339,False
2162.95658663536,2187.8940422101814,1873.0046995979578,1873.8783738172758,2073.1480963700756,2045.132188826985,2020.2433959416146,1743.0019893995643,2045.9312363303459,125.46553875259481,False
2160.4752460746217,2162.95658663536,2187.8940422101814,1873.0046995979578,2147.0541815830907,2049.7387040235353,2035.2106177822657,1938.770320971387,2058.761020653958,133.07363880569386,False
2160.110949396079,2160.4752460746217,2162.95658663536,2187.8940422101814,2106.023495565265,2032.9843413463261,2098.0309291890967,2023.8553111333717,2060.6783155813196,134.64516906615953,False
2065.380996946353,2160.110949396079,2160.4752460746217,2162.95658663536,2060.5157651685754,1945.609527157925,1994.3225542034795,1889.601648953123,2068.4050947000073,139.15738741190907,False
1954.9586194278754,2065.380996946353,2160.110949396079,2160.4752460746217,1873.8783738172758,1809.7583203572358,1771.3617345580237,1943.177854782985,2069.1001278111185,139.12356197366321,False
2003.0520153043547,1954.9586194278754,2065.380996946353,2160.110949396079,1873.0046995979578,1937.3293232103981,1910.2953602516725,1819.9132451241128,2080.683020041204,122.54917375902042,False
2217.3185651583613,2003.0520153043547,1954.9586194278754,2065.380996946353,2187.8940422101814,2169.018775948573,2453.5674534051304,1621.0354774627783,2099.261207999261,91.8241476716978,False
2263.10095964766,2217.3185651583613,2003.0520153043547,1954.9586194278754,2162.95658663536,2073.1480963700756,2045.132188826985,1769.98624860225,2103.4647112775724,97.08082438039114,False
2300.77729877605,2263.10095964766,2217.3185651583613,2003.0520153043547,2160.4752460746217,2147.0541815830907,2049.7387040235353,2023.827993398502,2117.7710502793293,113.32833419237781,False
2249.8742001534806,2300.77729877605,2263.10095964766,2217.3185651583613,2160.110949396079,2106.023495565265,2032.9843413463261,2020.2433959416146,2137.814200665248,132.86296919099814,False
2085.6069497355516,2249.8742001534806,2300.77729877605,2263.10095964766,2065.380996946353,2060.5157651685754,1945.609527157925,2035.2106177822657,2150.637522202019,139.53771709241536,False
2041.1513881365734,2085.6069497355516,2249.8742001534806,2300.77729877605,1954.9586194278754,1873.8783738172758,1809.7583203572358,2098.0309291890967,2153.5269440290476,137.67504366887667,False
2054.243831438001,2041.1513881365734,2085.6069497355516,2249.8742001534806,2003.0520153043547,1873.0046995979578,1937.3293232103981,1994.3225542034795,2165.840196701719,119.62725343256959,False
2310.437073060783,2054.243831438001,2041.1513881365734,2085.6069497355516,2217.3185651583613,2187.8940422101814,2169.018775948573,1771.3617345580237,2173.15331329224,109.12031860937384,False
2321.965782463356,2310.437073060783,2054.243831438001,2041.1513881365734,2263.10095964766,2162.95658663536,2073.1480963700756,1910.2953602516725,2186.4559572783,120.48582383079874,False
2293.482179669558,2321.965782463356,2310.437073060783,2054.243831438001,2300.77729877605,2160.4752460746217,2147.0541815830907,2453.5674534051304,2194.865217680542,128.51358499850886,False
2339.155619056489,2293.482179669558,2321.965782463356,2310.437073060783,2249.8742001534806,2160.110949396079,2106.023495565265,2045.132188826985,2193.823057808186,127.53743422003498,False
2298.1362686386256,2339.155619056489,2293.482179669558,2321.965782463356,2085.6069497355516,2065.380996946353,2060.5157651685754,2049.7387040235353,2206.5775462229017,138.10374526801093,False
2144.9683938511253,2298.1362686386256,2339.155619056489,2293.482179669558,2041.1513881365734,1954.9586194278754,1873.8783738172758,2032.9843413463261,2236.9388774947693,130.21284378662727,False
2130.7522678553564,2144.9683938511253,2298.1362686386256,2339.155619056489,2054.243831438001,2003.0520153043547,1873.0046995979578,1945.609527157925,2251.769878311134,108.2577379050867,False
2326.038400427501,2130.7522678553564,2144.9683938511253,2298.1362686386256,2310.437073060783,2217.3185651583613,2187.8940422101814,1809.7583203572358,2262.6996549421847,86.70921675791374,False
2411.7627706238195,2326.038400427501,2130.7522678553564,2144.9683938511253,2321.965782463356,2263.10095964766,2162.95658663536,1937.3293232103981,2264.9284159945732,88.32618862757947,False
2320.0041457589386,2411.7627706238195,2326.038400427501,2130.7522678553564,2293.482179669558,2300.77729877605,2160.4752460746217,2169.018775948573,2277.756557160353,103.25069141831224,False
2397.170386870807,2320.0041457589386,2411.7627706238195,2326.038400427501,2339.155619056489,2249.8742001534806,2160.110949396079,2073.1480963700756,2281.5454094588363,104.40410863329124,False
2267.932995525605,2397.170386870807,2320.0041457589386,2411.7627706238195,2298.1362686386256,2085.6069497355516,2065.380996946353,2147.0541815830907,2289.8332334323104,111.7815506282966,False
2124.409469911614,2267.932995525605,2397.170386870807,2320.0041457589386,2144.9683938511253,2041.1513881365734,1954.9586194278754,2106.023495565265,2285.5184801304504,111.99036470424606,False
2148.919665193572,2124.409469911614,2267.932995525605,2397.170386870807,2130.7522678553564,2054.243831438001,2003.0520153043547,2060.5157651685754,2282.5814909962346,116.47063707496278,False
2306.090851259019,2148.919665193572,2124.409469911614,2267.932995525605,2326.038400427501,2310.437073060783,2217.3185651583613,1873.8783738172758,2285.1768334731228,112.66371485030014,False
2328.828304245995,2306.090851259019,2148.919665193572,2124.409469911614,2411.7627706238195,2321.965782463356,2263.10095964766,1873.0046995979578,2282.327183591911,111.70613293972242,False
2366.5348518474884,2328.828304245995,2306.090851259019,2148.919665193572,2320.0041457589386,2293.482179669558,2300.77729877605,2187.8940422101814,2270.479402680793,99.41139644783158,False
2420.2663567080563,2366.5348518474884,2328.828304245995,2306.090851259019,2397.170386870807,2339.155619056489,2249.8742001534806,2162.95658663536,2277.1266464077285,104.69033914020746,False
2314.582651748233,2420.2663567080563,2366.5348518474884,2328.828304245995,2267.932995525605,2298.1362686386256,2085.6069497355516,2160.4752460746217,2280.426070670193,109.36382422370343,False
2256.082040823371,2314.582651748233,2420.2663567080563,2366.5348518474884,2124.409469911614,2144.9683938511253,2041.1513881365734,2160.110949396079,2287.0903072734254,109.89569831651278,False
2294.746275161241,2256.082040823371,2314.582651748233,2420.2663567080563,2148.919665193572,2130.7522678553564,2054.243831438001,2065.380996946353,2305.9006745465335,86.10268615215288,False
2392.803584507355,2294.746275161241,2256.082040823371,2314.582651748233,2306.090851259019,2326.038400427501,2310.437073060783,1954.9586194278754,2326.733047399058,53.112309297065394,False
2496.14545838943,2392.803584507355,2294.746275161241,2256.082040823371,2328.828304245995,2411.7627706238195,2321.965782463356,2003.0520153043547,2339.1205807202487,57.43193526980824,False
2456.783128672392,2496.14545838943,2392.803584507355,2294.746275161241,2366.5348518474884,2320.0041457589386,2293.482179669558,2217.3185651583613,2363.023031312168,81.99812434330205,False
2486.282182750008,2456.783128672392,2496.14545838943,2392.803584507355,2420.2663567080563,2397.170386870807,2339.155619056489,2263.10095964766,2375.915642287154,89.40287227318996,False
2394.1638805222665,2486.282182750008,2456.783128672392,2496.14545838943,2314.582651748233,2267.932995525605,2298.1362686386256,2300.77729877605,2385.3464745788615,97.9357311576254,False
2254.682319435969,2394.1638805222665,2486.282182750008,2456.783128672392,2256.082040823371,2124.409469911614,2144.9683938511253,2249.8742001534806,2396.7152215465803,92.83851014613683,False
2287.4768801046826,2254.682319435969,2394.1638805222665,2486.282182750008,2294.746275161241,2148.919665193572,2130.7522678553564,2085.6069497355516,2396.51526134838,93.19272831968135,False
2541.5808781726364,2287.4768801046826,2254.682319435969,2394.1638805222665,2392.803584507355,2306.090851259019,2326.038400427501,2041.1513881365734,2395.4767763403006,94.54646172376434,False
2486.5531982383245,2541.5808781726364,2287.4768801046826,2254.682319435969,2496.14545838943,2328.828304245995,2411.7627706238195,2054.243831438001,2416.730675435341,109.40091832137594,False
2532.649797960076,2486.5531982383245,2541.5808781726364,2287.4768801046826,2456.783128672392,2366.5348518474884,2320.0041457589386,2310.437073060783,2415.3603525566114,108.29488909358135,False
2673.0469569210018,2532.649797960076,2486.5531982383245,2541.5808781726364,2486.282182750008,2420.2663567080563,2397.170386870807,2321.965782463356,2426.1984481691375,116.60861562588823,False
2452.735294990953,2673.0469569210018,2532.649797960076,2486.5531982383245,2394.1638805222665,2314.582651748233,2267.932995525605,2293.482179669558,2452.879130193565,149.40244029016128,False
2347.975416683708,2452.735294990953,2673.0469569210018,2532.649797960076,2254.682319435969,2256.082040823371,2124.409469911614,2339.155619056489,2461.246475117663,147.18977993562257,False
2363.301064489018,2347.975416683708,2452.735294990953,2673.0469569210018,2287.4768801046826,2294.746275161241,2148.919665193572,2298.1362686386256,2474.574060438769,128.3921067523233,False
2576.049079060649,2363.301064489018,2347.975416683708,2452.735294990953,2541.5808781726364,2392.803584507355,2306.090851259019,2144.9683938511253,2485.4060867793883,112.14736854838252,False
2591.3486111194993,2576.049079060649,2363.301064489018,2347.975416683708,2486.5531982383245,2496.14545838943,2328.828304245995,2130.7522678553564,2490.3301154776755,115.72454081800974,False
2580.4060781495855,2591.3486111194993,2576.049079060649,2363.301064489018,2532.649797960076,2456.783128672392,2366.5348518474884,2326.038400427501,2505.3008887464152,121.77480519199591,False
2576.520890033117,2580.4060781495855,2591.3486111194993,2576.049079060649,2673.0469569210018,2486.282182750008,2420.2663567080563,2411.7627706238195,2512.1232144877736,124.86101394333876,False
2517.232025788164,2576.520890033117,2580.4060781495855,2591.3486111194993,2452.735294990953,2394.1638805222665,2314.582651748233,2320.0041457589386,2498.333776360933,108.36758919506454,False
2300.0489538351103,2517.232025788164,2576.520890033117,2580.4060781495855,2347.975416683708,2254.682319435969,2256.082040823371,2397.170386870807,2507.5475950462487,106.57146856492268,False
2443.7268560945286,2300.0489538351103,2517.232025788164,2576.520890033117,2363.301064489018,2287.4768801046826,2294.746275161241,2267.932995525605,2500.700957496449,119.30991740661504,False
2653.0403767331954,2443.7268560945286,2300.0489538351103,2517.232025788164,2576.049079060649,2541.5808781726364,2392.803584507355,2124.409469911614,2512.1903562972366,107.12330277762295,False
2664.371690055666,2653.0403767331954,2443.7268560945286,2300.0489538351103,2591.3486111194993,2486.5531982383245,2496.14545838943,2148.919665193572,2523.1891131076004,118.15695438140645,False
2628.8428985989244,2664.371690055666,2653.0403767331954,2443.7268560945286,2580.4060781495855,2532.649797960076,2456.783128672392,2306.090851259019,2533.620981527052,127.99181674724078,False
2685.3417529714384,2628.8428985989244,2664.371690055666,2653.0403767331954,2576.520890033117,2673.0469569210018,2486.282182750008,2328.828304245995,2540.5405273055294,132.1833564623746,False
2536.9502979257695,2685.3417529714384,2628.8428985989244,2664.371690055666,2517.232025788164,2452.735294990953,2394.1638805222665,2366.5348518474884,2556.086364868147,143.0709237567349,False
2433.0867772650627,2536.9502979257695,2685.3417529714384,2628.8428985989244,2300.0489538351103,2347.975416683708,2254.682319435969,2420.2663567080563,2558.9032608878047,142.37083059040722,False
2383.6187855855082,2433.0867772650627,2536.9502979257695,2685.3417529714384,2443.7268560945286,2363.301064489018,2287.4768801046826,2314.582651748233,2577.9086642349407,106.38962840644146,False
2640.9848919284846,2383.6187855855082,2433.0867772650627,2536.9502979257695,2653.0403767331954,2576.049079060649,2541.5808781726364,2256.082040823371,2569.3217970193664,120.5129159637393,False
2609.795050344043,2640.9848919284846,2383.6187855855082,2433.0867772650627,2664.371690055666,2591.3486111194993,2486.5531982383245,2294.746275161241,2567.599584904408,119.19606674520904,False
2625.560165165492,2609.795050344043,2640.9848919284846,2383.6187855855082,2628.8428985989244,2580.4060781495855,2532.649797960076,2392.803584507355,2559.8029220884614,113.45800638413344,False
2777.0019771507227,2625.560165165492,2609.795050344043,2640.9848919284846,2685.3417529714384,2576.520890033117,2673.0469569210018,2496.14545838943,2559.3339601693997,113.13139297554862,False
2641.431038000981,2777.0019771507227,2625.560165165492,2609.795050344043,2536.9502979257695,2517.232025788164,2452.735294990953,2456.783128672392,2572.4282779092973,133.5998042225076,False
2408.5012431092828,2641.431038000981,2777.0019771507227,2625.560165165492,2433.0867772650627,2300.0489538351103,2347.975416683708,2486.282182750008,2587.3540979200416,134.80645338494296,False
2447.885112763252,2408.5012431092828,2641.431038000981,2777.0019771507227,2383.6187855855082,2443.7268560945286,2363.301064489018,2394.1638805222665,2583.841878754931,139.7260813836646,False
2571.7157206758657,2447.885112763252,2408.5012431092828,2641.431038000981,2640.9848919284846,2653.0403767331954,2576.049079060649,2254.682319435969,2593.0227826374653,125.7942759169968,False
2723.514880406228,2571.7157206758657,2447.885112763252,2408.5012431092828,2609.795050344043,2664.371690055666,2591.3486111194993,2287.4768801046826,2583.127186744234,124.10571189924214,False
2849.8973024272436,2723.514880406228,2571.7157206758657,2447.885112763252,2625.560165165492,2628.8428985989244,2580.4060781495855,2541.5808781726364,2599.3728767531175,135.13168813655346,False
2782.88081063866,2849.8973024272436,2723.514880406228,2571.7157206758657,2777.0019771507227,2685.3417529714384,2576.520890033117,2486.5531982383245,2631.4210392190826,165.55490508924407,False
2623.184041334775,2782.88081063866,2849.8973024272436,2723.514880406228,2641.431038000981,2536.9502979257695,2517.232025788164,2532.649797960076,2632.2608725745017,166.42910163370473,False
2508.5500465257983,2623.184041334775,2782.88081063866,2849.8973024272436,2408.5012431092828,2433.0867772650627,2300.0489538351103,2673.0469569210018,2629.6541587650436,166.40443075873247,False
2491.5171383900806,2508.5500465257983,2623.184041334775,2782.88081063866,2447.885112763252,2383.6187855855082,2443.7268560945286,2452.735294990953,2643.946844967403,147.4619923928899,False
2737.5139322806604,2491.5171383900806,2508.5500465257983,2623.184041334775,2571.7157206758657,2640.9848919284846,2653.0403767331954,2347.975416683708,2650.1799914855214,138.43944705575927,False
2797.7268052763498,2737.5139322806604,2491.5171383900806,2508.5500465257983,2723.514880406228,2609.795050344043,2664.371690055666,2363.301064489018,2673.865450286207,136.95282138845673,False
2781.8792717401157,2797.7268052763498,2737.5139322806604,2491.5171383900806,2849.8973024272436,2625.560165165492,2628.8428985989244,2576.049079060649,2684.4671538390808,144.12162007528067,False
2843.1625133349676,2781.8792717401157,2797.7268052763498,2737.5139322806604,2782.88081063866,2777.0019771507227,2685.3417529714384,2591.3486111194993,2674.750292312349,132.97074434206507,False
3057.6222617107765,2843.1625133349676,2781.8792717401157,2797.7268052763498,2623.184041334775,2641.431038000981,2536.9502979257695,2580.4060781495855,2683.3619641261066,142.73440023434927,False
2560.9210786672,3057.6222617107765,2843.1625133349676,2781.8792717401157,2508.5500465257983,2408.5012431092828,2433.0867772650627,2576.520890033117,2745.424567036964,196.5221256660203,False
2573.478506175369,2560.9210786672,3057.6222617107765,2843.1625133349676,2491.5171383900806,2447.885112763252,2383.6187855855082,2517.232025788164,2752.9061430571646,186.75556937377658,False
2833.4538426441545,2573.478506175369,2560.9210786672,3057.6222617107765,2737.5139322806604,2571.7157206758657,2640.9848919284846,2300.0489538351103,2764.6149098836345,169.3990627309278,False
2908.168629255629,2833.4538426441545,2573.478506175369,2560.9210786672,2797.7268052763498,2723.514880406228,2609.795050344043,2443.7268560945286,2778.320611364133,170.7169522092848,False
2783.1646786747233,2908.168629255629,2833.4538426441545,2573.478506175369,2781.8792717401157,2849.8973024272436,2625.560165165492,2653.0403767331954,2794.098014789745,177.7672114526812,False
2808.143141404271,2783.1646786747233,2908.168629255629,2833.4538426441545,2843.1625133349676,2782.88081063866,2777.0019771507227,2664.371690055666,2794.2816443518313,177.75314949115636,False
2792.1766445097496,2808.143141404271,2783.1646786747233,2908.168629255629,3057.6222617107765,2623.184041334775,2641.431038000981,2628.8428985989244,2789.2788769331605,176.63743511272997,False
2561.623449525652,2792.1766445097496,2808.143141404271,2783.1646786747233,2560.9210786672,2508.5500465257983,2408.5012431092828,2685.3417529714384,2751.3580744758706,132.3751077992701,False
2706.443796601558,2561.623449525652,2792.1766445097496,2808.143141404271,2573.478506175369,2491.5171383900806,2447.885112763252,2536.9502979257695,2751.4584131699353,132.20686003797482,False
2811.378501023841,2706.443796601558,2561.623449525652,2792.1766445097496,2833.4538426441545,2737.5139322806604,2571.7157206758657,2433.0867772650627,2770.453454659391,110.07248388320053,False
2938.0028652043015,2811.378501023841,2706.443796601558,2561.623449525652,2908.168629255629,2797.7268052763498,2723.514880406228,2383.6187855855082,2767.299834427918,108.26811129402768,False
2869.811687428402,2938.0028652043015,2811.378501023841,2706.443796601558,2783.1646786747233,2781.8792717401157,2849.8973024272436,2640.9848919284846,2771.561868134871,115.10882993921635,False
2896.1925929721265,2869.811687428402,2938.0028652043015,2811.378501023841,2808.143141404271,2843.1625133349676,2782.88081063866,2609.795050344043,2783.9400122425395,121.06893972567102,False
2838.3664819343744,2896.1925929721265,2869.811687428402,2938.0028652043015,2792.1766445097496,3057.6222617107765,2623.184041334775,2625.560165165492,2796.5185053236614,128.35721639217064,False
2589.242771823058,2838.3664819343744,2896.1925929721265,2869.811687428402,2561.623449525652,2560.9210786672,2508.5500465257983,2777.0019771507227,2803.11705352718,129.28074458454327,False
2635.6064503608254,2589.242771823058,2838.3664819343744,2896.1925929721265,2706.443796601558,2573.478506175369,2491.5171383900806,2641.431038000981,2807.0626709982375,120.82710639740259,False
2845.1850128232054,2635.6064503608254,2589.242771823058,2838.3664819343744,2811.378501023841,2833.4538426441545,2737.5139322806604,2408.5012431092828,2796.943050106704,133.0108820508727,False
2926.347591338075,2845.1850128232054,2635.6064503608254,2589.242771823058,2938.0028652043015,2908.168629255629,2797.7268052763498,2447.885112763252,2801.7725517923277,134.23052595041253,False
2826.2878294169013,2926.347591338075,2845.1850128232054,2635.6064503608254,2869.811687428402,2783.1646786747233,2781.8792717401157,2571.7157206758657,2800.1075126685805,132.3176986650317,False
2945.4927056226124,2826.2878294169013,2926.347591338075,2845.1850128232054,2896.1925929721265,2808.143141404271,2843.1625133349676,2723.514880406228,2793.889818666938,129.48871202751548,False
2775.3225700476,2945.4927056226124,2826.2878294169013,2926.347591338075,2838.3664819343744,2792.1766445097496,3057.6222617107765,2849.8973024272436,2800.9326919027217,137.09748509370897,False
2688.163031703366,2775.3225700476,2945.4927056226124,2826.2878294169013,2589.242771823058,2561.623449525652,2560.9210786672,2782.88081063866,2791.9264187760396,136.2969316908198,False
2600.5773705306265,2688.163031703366,2775.3225700476,2945.4927056226124,2635.6064503608254,2706.443796601558,2573.478506175369,2623.184041334775,2806.0578844732263,115.28906642679328,False
2859.7076038951036,2600.5773705306265,2688.163031703366,2775.3225700476,2845.1850128232054,2811.378501023841,2833.4538426441545,2508.5500465257983,2801.0537302117696,124.32663453272515,False
2859.2022727098292,2859.7076038951036,2600.5773705306265,2688.163031703366,2926.347591338075,2938.0028652043015,2908.168629255629,2491.5171383900806,2803.128386079184,125.30313226981171,False
2888.0333363066047,2859.2022727098292,2859.7076038951036,2600.5773705306265,2826.2878294169013,2869.811687428402,2783.1646786747233,2737.5139322806604,2793.53619770372,116.56363599065854,False
2955.78203077089,2888.0333363066047,2859.2022727098292,2859.7076038951036,2945.4927056226124,2896.1925929721265,2808.143141404271,2797.7268052763498,2802.356984402249,121.67914316661324,False
2818.694677131375,2955.78203077089,2888.0333363066047,2859.2022727098292,2775.3225700476,2838.3664819343744,2792.1766445097496,2781.8792717401157,2803.82688799486,123.7411068444328,False
2651.6624769035893,2818.694677131375,2955.78203077089,2888.0333363066047,2688.163031703366,2589.242771823058,2561.623449525652,2843.1625133349676,2810.0229032925417,123.16045760964145,False
2727.0677382922663,2651.6624769035893,2818.694677131375,2955.78203077089,2600.5773705306265,2635.6064503608254,2706.443796601558,3057.6222617107765,2804.808538321146,129.77471443471669,False
2929.5252283540103,2727.0677382922663,2651.6624769035893,2818.694677131375,2859.7076038951036,2845.1850128232054,2811.378501023841,2560.9210786672,2822.878590858523,102.54790225450736,False
2914.3355796903543,2929.5252283540103,2727.0677382922663,2651.6624769035893,2859.2022727098292,2926.347591338075,2938.0028652043015,2573.478506175369,2832.8525372097947,109.86143195553133,False
2981.004069663588,2914.3355796903543,2929.5252283540103,2727.0677382922663,2888.0333363066047,2826.2878294169013,2869.811687428402,2833.4538426441545,2840.7287239212988,113.96501131128271,False
2997.794357639938,2981.004069663588,2914.3355796903543,2929.5252283540103,2955.78203077089,2945.4927056226124,2896.1925929721265,2908.168629255629,2854.0102572580104,125.25493682543379,False
2866.778590990749,2997.794357639938,2981.004069663588,2914.3355796903543,2818.694677131375,2775.3225700476,2838.3664819343744,2783.1646786747233,2860.012018239303,131.78076547142481,False
2710.1548961948,2866.778590990749,2997.794357639938,2981.004069663588,2651.6624769035893,2688.163031703366,2589.242771823058,2808.143141404271,2866.8811487906423,130.51525456069655,False
2768.970633038021,2710.1548961948,2866.778590990749,2997.794357639938,2727.0677382922663,2600.5773705306265,2635.6064503608254,2792.1766445097496,2875.237208689386,115.4416630474383,False
3032.7062858982677,2768.970633038021,2710.1548961948,2866.778590990749,2929.5252283540103,2859.7076038951036,2845.1850128232054,2561.623449525652,2881.2233365102084,107.27551946727611,False
2975.9104763969744,3032.7062858982677,2768.970633038021,2710.1548961948,2914.3355796903543,2859.2022727098292,2926.347591338075,2706.443796601558,2895.9634875879597,121.20322416290084,False
2954.8424006987166,2975.9104763969744,3032.7062858982677,2768.970633038021,2981.004069663588,2888.0333363066047,2826.2878294169013,2811.378501023841,2904.759901403191,124.93576900701335,False
2952.8869649074018,2954.8424006987166,2975.9104763969744,3032.7062858982677,2997.794357639938,2955.78203077089,2945.4927056226124,2938.0028652043015,2901.0225201224957,122.64514236497388,False
2821.178293726681,2952.8869649074018,2954.8424006987166,2975.9104763969744,2866.778590990749,2818.694677131375,2775.3225700476,2869.811687428402,2894.607178303562,117.8190855337935,False
2646.645904967475,2821.178293726681,2952.8869649074018,2954.8424006987166,2710.1548961948,2651.6624769035893,2688.163031703366,2896.1925929721265,2888.09285012298,120.83620940001371,False
2732.531497998702,2646.645904967475,2821.178293726681,2952.8869649074018,2768.970633038021,2727.0677382922663,2600.5773705306265,2838.3664819343744,2879.020137090505,137.6389298353816,False
2954.203724631147,2732.531497998702,2646.645904967475,2821.178293726681,3032.7062858982677,2929.5252283540103,2859.7076038951036,2589.242771823058,2873.814546370603,143.07643112158814,False
3010.4918344490748,2954.203724631147,2732.531497998702,2646.645904967475,2975.9104763969744,2914.3355796903543,2859.2022727098292,2635.6064503608254,2862.5998947610137,131.12376282934014,False
2985.945741000071,3010.4918344490748,2954.203724631147,2732.531497998702,2954.8424006987166,2981.004069663588,2888.0333363066047,2845.1850128232054,2867.540088768457,136.63976139674077,False
2966.69625594312,2985.945741000071,3010.4918344490748,2954.203724631147,2952.8869649074018,2997.794357639938,2955.78203077089,2926.347591338075,2871.9834230972215,140.40569114751892,False
2921.856754997106,2966.69625594312,2985.945741000071,3010.4918344490748,2821.178293726681,2866.778590990749,2818.694677131375,2826.2878294169013,2873.9561789594673,141.8217448701563,False
2749.010195216831,2921.856754997106,2966.69625594312,2985.945741000071,2646.645904967475,2710.1548961948,2651.6624769035893,2945.4927056226124,2888.3388162838137,140.6777535885716,False
2777.8064932419297,2749.010195216831,2921.856754997106,2966.69625594312,2732.531497998702,2768.970633038021,2727.0677382922663,2775.3225700476,2902.9622863194354,114.19388648627498,False
2939.843042567204,2777.8064932419297,2749.010195216831,2921.856754997106,2954.203724631147,3032.7062858982677,2929.5252283540103,2688.163031703366,2909.4301427827536,103.73519896645799,False
3031.3474009616207,2939.843042567204,2777.8064932419297,2749.010195216831,3010.4918344490748,2975.9104763969744,2914.3355796903543,2600.5773705306265,2907.3786167736193,102.84029573134654,False
3002.7056290807627,3031.3474009616207,2939.843042567204,2777.8064932419297,2985.945741000071,2954.8424006987166,2981.004069663588,2859.7076038951036,2910.3579834182688,106.56026930889675,False
2945.9683668761922,3002.7056290807627,3031.3474009616207,2939.843042567204,2966.69625594312,2952.8869649074018,2997.794357639938,2859.2022727098292,2912.752253144082,108.70832292701749,False
2887.667958066521,2945.9683668761922,3002.7056290807627,3031.3474009616207,2921.856754997106,2821.178293726681,2866.778590990749,2888.0333363066047,2909.7911261345207,107.26678089615538,False
2736.300500845599,2887.667958066521,2945.9683668761922,3002.7056290807627,2749.010195216831,2646.645904967475,2710.1548961948,2955.78203077089,2904.9070122872945,107.40410210349616,False
2752.6742693162355,2736.300500845599,2887.667958066521,2945.9683668761922,2777.8064932419297,2732.531497998702,2768.970633038021,2818.694677131375,2903.0913416628327,110.5404212653081,False
2985.338834834578,2752.6742693162355,2736.300500845599,2887.667958066521,2939.843042567204,2954.203724631147,3032.7062858982677,2651.6624769035893,2899.501023959162,115.58105247116298,False
2948.178815373719,2985.338834834578,2752.6742693162355,2736.300500845599,3031.3474009616207,3010.4918344490748,2975.9104763969744,2727.0677382922663,2906.0004228545013,119.44233905289296,False
3060.763449320428,2948.178815373719,2985.338834834578,2752.6742693162355,3002.7056290807627,2985.945741000071,2954.8424006987166,2929.5252283540103,2894.1191963419437,108.5340508944672,False
3073.095358819065,3060.763449320428,2948.178815373719,2985.338834834578,2945.9683668761922,2966.69625594312,2952.8869649074018,2914.3355796903543,2902.413170661896,119.84406870808685,False
2884.5874265305265,3073.095358819065,3060.763449320428,2948.178815373719,2887.667958066521,2921.856754997106,2821.178293726681,2981.004069663588,2920.5741695108777,136.07731007871757,False
2745.5131313884203,2884.5874265305265,3073.095358819065,3060.763449320428,2736.300500845599,2749.010195216831,2646.645904967475,2997.794357639938,2920.1340935771645,136.2063857781503,False
2688.7932169496758,2745.5131313884203,2884.5874265305265,3073.095358819065,2752.6742693162355,2777.8064932419297,2732.531497998702,2866.778590990749,2921.45018365471,134.16323585341848,False
2928.275169423514,2688.7932169496758,2745.5131313884203,2884.5874265305265,2985.338834834578,2939.843042567204,2954.203724631147,2710.1548961948,2912.3243190309163,148.91811406924072,False
3003.382028453759,2928.275169423514,2688.7932169496758,2745.5131313884203,2948.178815373719,3031.3474009616207,3010.4918344490748,2768.970633038021,2904.1723668293353,145.7839486048687,False
2954.7923918669735,3003.382028453759,2928.275169423514,2688.7932169496758,3060.763449320428,3002.7056290807627,2985.945741000071,3032.7062858982677,2912.0585401264843,149.9935583984619,False
3050.94170286945,2954.7923918669735,3003.382028453759,2928.275169423514,3073.095358819065,2945.9683668761922,2966.69625594312,2975.9104763969744,2896.919817633134,137.29358506577583,False
2987.144315905918,3050.94170286945,2954.7923918669735,3003.382028453759,2884.5874265305265,2887.667958066521,2921.856754997106,2954.8424006987166,2893.755009640331,132.7353122781416,False
2676.9905332458166,2987.144315905918,3050.94170286945,2954.7923918669735,2745.5131313884203,2736.300500845599,2749.010195216831,2952.8869649074018,2908.405993836816,137.14161618115048,False
2759.805999059937,2676.9905332458166,2987.144315905918,3050.94170286945,2688.7932169496758,2752.6742693162355,2777.8064932419297,2821.178293726681,2898.6170512450153,152.31283832796296,False
2990.636329675779,2759.805999059937,2676.9905332458166,2987.144315905918,2928.275169423514,2985.338834834578,2939.843042567204,2646.645904967475,2908.761734403624,137.66945250171506,False
3088.317551760121,2990.636329675779,2759.805999059937,2676.9905332458166,3003.382028453759,2948.178815373719,3031.3474009616207,2732.531497998702,2917.670471582519,141.11720006822787,False
2946.7385567478655,3088.317551760121,2990.636329675779,2759.805999059937,2954.7923918669735,3060.763449320428,3002.7056290807627,2954.203724631147,2929.8041177691425,152.8767272096225,False
3028.2063142756206,2946.7385567478655,3088.317551760121,2990.636329675779,3050.94170286945,3073.095358819065,2945.9683668761922,3010.4918344490748,2928.653569894984,152.68751170948929,False
2976.9362327283366,3028.2063142756206,2946.7385567478655,3088.317551760121,2987.144315905918,2884.5874265305265,2887.667958066521,2985.945741000071,2925.405657238723,149.86848472532463,False
2652.834162487713,2976.9362327283366,3028.2063142756206,2946.7385567478655,2676.9905332458166,2745.5131313884203,2736.300500845599,2966.69625594312,2923.9473596419252,149.21585488607306,False
2736.5896628939286,2652.834162487713,2976.9362327283366,3028.2063142756206,2759.805999059937,2688.7932169496758,2752.6742693162355,2921.856754997106,2920.496449533625,156.00403744764728,False
2957.253204273687,2736.5896628939286,2652.834162487713,2976.9362327283366,2990.636329675779,2928.275169423514,2985.338834834578,2749.010195216831,2917.179830081338,160.18054591947416,False
2988.201390066433,2957.253204273687,2736.5896628939286,2652.834162487713,3088.317551760121,3003.382028453759,2948.178815373719,2777.8064932419297,2912.410812166753,158.11264813931922,False
3033.667111252072,2988.201390066433,2957.253204273687,2736.5896628939286,2946.7385567478655,2954.7923918669735,3060.763449320428,2939.843042567204,2898.1085033533686,143.39153590316576,False
3022.78119127437,3033.667111252072,2988.201390066433,2957.253204273687,3028.2063142756206,3050.94170286945,3073.095358819065,3031.3474009616207,2910.5268682825417,151.82146257018343,False
2809.571660677695,3022.78119127437,3033.667111252072,2988.201390066433,2976.9362327283366,2987.144315905918,2884.5874265305265,3002.7056290807627,2909.751850710934,151.13289705705995,False
2744.3926412747337,2809.571660677695,3022.78119127437,3033.667111252072,2652.834162487713,2676.9905332458166,2745.5131313884203,2945.9683668761922,2885.842626132271,151.96912382976768,False
2761.8615151932318,2744.3926412747337,2809.571660677695,3022.78119127437,2736.5896628939286,2759.805999059937,2688.7932169496758,2887.667958066521,2898.9224088161313,131.0758537808834,False
2706.8643421509028,2761.8615151932318,2744.3926412747337,2809.571660677695,2957.253204273687,2990.636329675779,2928.275169423514,2736.300500845599,2902.532673430317,126.11357761577428,False
2976.179589760474,2706.8643421509028,2761.8615151932318,2744.3926412747337,2988.201390066433,3088.317551760121,3003.382028453759,2752.6742693162355,2866.7628359842056,142.45654145957403,False
2960.8488117608745,2976.179589760474,2706.8643421509028,2761.8615151932318,3033.667111252072,2946.7385567478655,2954.7923918669735,2985.338834834578,2865.045435940497,140.81149016606298,False
3028.2661223845394,2960.8488117608745,2976.179589760474,2706.8643421509028,3022.78119127437,3028.2063142756206,3050.94170286945,2948.178815373719,2854.642821727469,128.42298037680385,False
2915.406674490633,3028.2661223845394,2960.8488117608745,2976.179589760474,2809.571660677695,2976.9362327283366,2987.144315905918,3060.763449320428,2855.426383314636,129.6308944458616,False
2732.624207967483,2915.406674490633,3028.2661223845394,2960.8488117608745,2744.3926412747337,2652.834162487713,2676.9905332458166,3073.095358819065,2870.5456710021986,129.5632680001016,False
2702.899298227001,2732.624207967483,2915.406674490633,3028.2661223845394,2761.8615151932318,2736.5896628939286,2759.805999059937,2884.5874265305265,2868.8644662440197,131.5344063983148,False
2984.275454971838,2702.899298227001,2732.624207967483,2915.406674490633,2706.8643421509028,2957.253204273687,2990.636329675779,2745.5131313884203,2860.441292391701,141.07087867242313,False
2948.085664981706,2984.275454971838,2702.899298227001,2732.624207967483,2976.179589760474,2988.201390066433,3088.317551760121,2688.7932169496758,2900.07145136612,129.20341231997529,False
2989.9608747030347,2948.085664981706,2984.275454971838,2702.899298227001,2960.8488117608745,3033.667111252072,2946.7385567478655,2928.275169423514,2896.0580335405825,126.86035225890826,False
2929.4022964962537,2989.9608747030347,2948.085664981706,2984.275454971838,3028.2661223845394,3022.78119127437,3028.2063142756206,3003.382028453759,2900.216899675176,129.78194488887715,False
2890.4026660595646,2929.4022964962537,2989.9608747030347,2948.085664981706,2915.406674490633,2809.571660677695,2976.9362327283366,2954.7923918669735,2886.0934959768497,118.40538384563091,False
2665.1039546941793,2890.4026660595646,2929.4022964962537,2989.9608747030347,2732.624207967483,2744.3926412747337,2652.834162487713,3050.94170286945,2882.5214947724116,117.74902809632606,False
2709.681805270806,2665.1039546941793,2890.4026660595646,2929.4022964962537,2702.899298227001,2761.8615151932318,2736.5896628939286,2987.144315905918,2872.875744304797,133.7528244769572,False
2980.553144001616,2709.681805270806,2665.1039546941793,2890.4026660595646,2984.275454971838,2706.8643421509028,2957.253204273687,2676.9905332458166,2873.8446738824828,132.33329517918568,False
2993.599224941624,2980.553144001616,2709.681805270806,2665.1039546941793,2948.085664981706,2976.179589760474,2988.201390066433,2759.805999059937,2873.312915172451,131.82208141390802,False
2939.5788504185584,2993.599224941624,2980.553144001616,2709.681805270806,2989.9608747030347,2960.8488117608745,3033.667111252072,2990.636329675779,2879.814852309583,137.13999707590276,False
3046.3567972069904,2939.5788504185584,2993.599224941624,2980.553144001616,2929.4022964962537,3028.2661223845394,3022.78119127437,3088.317551760121,2872.6174202689435,131.60625669833288,False
2837.8317221777365,3046.3567972069904,2939.5788504185584,2993.599224941624,2890.4026660595646,2915.406674490633,2809.571660677695,2946.7385567478655,2889.325206084763,146.58787978290496,False
2689.9587101022867,2837.8317221777365,3046.3567972069904,2939.5788504185584,2665.1039546941793,2732.624207967483,2744.3926412747337,3028.2063142756206,2881.8150712445017,147.8646014000295,False
2766.3950885798236,2689.9587101022867,2837.8317221777365,3046.3567972069904,2709.681805270806,2702.899298227001,2761.8615151932318,2976.9362327283366,2885.3657505885167,141.97449658932544,False
2907.2312309786926,2766.3950885798236,2689.9587101022867,2837.8317221777365,2980.553144001616,2984.275454971838,2706.8643421509028,2652.834162487713,2893.4676482040913,131.51060201388844,False
2990.4134045300616,2907.2312309786926,2766.3950885798236,2689.9587101022867,2993.599224941624,2948.085664981706,2976.179589760474,2736.5896628939286,2882.993089200816,126.23243678536878,False
2929.5024024157765,2990.4134045300616,2907.2312309786926,2766.3950885798236,2939.5788504185584,2989.9608747030347,2960.8488117608745,2957.253204273687,2882.5379719991643,125.77209914555942,False
2948.6537500808477,2929.5024024157765,2990.4134045300616,2907.2312309786926,3046.3567972069904,2929.4022964962537,3028.2661223845394,2988.201390066433,2881.098479427338,125.06612683052435,False
2904.9384289876557,2948.6537500808477,2929.5024024157765,2990.4134045300616,2837.8317221777365,2890.4026660595646,2915.406674490633,3033.667111252072,2867.1409012664612,107.810730420818,False
2627.4916082585673,2904.9384289876557,2948.6537500808477,2929.5024024157765,2689.9587101022867,2665.1039546941793,2732.624207967483,3022.78119127437,2876.7275736678776,107.75374446090578,False
2631.3797051568718,2627.4916082585673,2904.9384289876557,2948.6537500808477,2766.3950885798236,2709.681805270806,2702.899298227001,2809.571660677695,2867.803701975918,126.71735366961609,False
2993.13700150725,2631.3797051568718,2627.4916082585673,2904.9384289876557,2907.2312309786926,2980.553144001616,2984.275454971838,2744.3926412747337,2848.515790058353,152.39868815280656,False
3069.3395954418156,2993.13700150725,2631.3797051568718,2627.4916082585673,2990.4134045300616,2993.599224941624,2948.085664981706,2761.8615151932318,2860.788042991004,161.1240181549369,False
2920.5683010966377,3069.3395954418156,2993.13700150725,2631.3797051568718,2929.5024024157765,2939.5788504185584,2989.9608747030347,2706.8643421509028,2872.0632131212546,173.957276749017,False
2865.218720233017,2920.5683010966377,3069.3395954418156,2993.13700150725,2948.6537500808477,3046.3567972069904,2929.4022964962537,2976.179589760474,2870.7869129328064,173.49778351182425,False
2814.7592241242364,2865.218720233017,2920.5683010966377,3069.3395954418156,2904.9384289876557,2837.8317221777365,2890.4026660595646,2960.8488117608745,2858.867622954545,170.0892703986624,False
2646.4732448646214,2814.7592241242364,2865.218720233017,2920.5683010966377,2627.4916082585673,2689.9587101022867,2665.1039546941793,3028.2661223845394,2845.9848794026284,169.43210810299854,False
2716.378644589856,2646.4732448646214,2814.7592241242364,2865.218720233017,2631.3797051568718,2766.3950885798236,2709.681805270806,2915.406674490633,2848.696541774921,165.4577219555916,False
2855.459193082018,2716.378644589856,2646.4732448646214,2814.7592241242364,2993.13700150725,2907.2312309786926,2980.553144001616,2732.624207967483,2860.839247408205,149.16816453560565,False
2965.574669346967,2855.459193082018,2716.378644589856,2646.4732448646214,3069.3395954418156,2990.4134045300616,2993.599224941624,2702.899298227001,2841.170989061743,137.4319312761459,False
2947.2519511598566,2965.574669346967,2855.459193082018,2716.378644589856,2920.5683010966377,2929.5024024157765,2939.5788504185584,2984.275454971838,2826.3474281910503,111.95416579909019,False
2869.9523741221765,2947.2519511598566,2965.574669346967,2855.459193082018,2865.218720233017,2948.6537500808477,3046.3567972069904,2948.085664981706,2830.159378200082,116.07542481919926,False
2845.010928252913,2869.9523741221765,2947.2519511598566,2965.574669346967,2814.7592241242364,2904.9384289876557,2837.8317221777365,2989.9608747030347,2830.8356144699615,116.32723203243664,False
2736.5434423616325,2845.010928252913,2869.9523741221765,2947.2519511598566,2646.4732448646214,2627.4916082585673,2689.9587101022867,2929.4022964962537,2835.157286488344,116.19229802718282,False
2717.4974362319294,2736.5434423616325,2845.010928252913,2869.9523741221765,2716.378644589856,2631.3797051568718,2766.3950885798236,2890.4026660595646,2848.0244575593456,94.84019434063656,False
2875.2420853906733,2717.4974362319294,2736.5434423616325,2845.010928252913,2855.459193082018,2993.13700150725,2907.2312309786926,2665.1039546941793,2848.184284936785,94.58195668844918,False
2918.001787750506,2875.2420853906733,2717.4974362319294,2736.5434423616325,2965.574669346967,3069.3395954418156,2990.4134045300616,2709.681805270806,2851.01041240945,95.12953492259278,False
2936.2820267549837,2918.001787750506,2875.2420853906733,2717.4974362319294,2947.2519511598566,2920.5683010966377,2929.5024024157765,2980.553144001616,2844.214286467098,86.9265346861007,False
2844.3269735190465,2936.2820267549837,2918.001787750506,2875.2420853906733,2869.9523741221765,2865.218720233017,2948.6537500808477,2993.599224941624,2842.647154409259,84.8330239660794,False
2806.0228059267797,2844.3269735190465,2936.2820267549837,2918.001787750506,2845.010928252913,2814.7592241242364,2904.9384289876557,2939.5788504185584,2838.9863828945267,84.00723159691432,False
2611.7628178472173,2806.0228059267797,2844.3269735190465,2936.2820267549837,2736.5434423616325,2646.4732448646214,2627.4916082585673,3046.3567972069904,2833.4166511336502,84.82967114555875,False
2778.1666813381776,2611.7628178472173,2806.0228059267797,2844.3269735190465,2717.4974362319294,2716.378644589856,2631.3797051568718,2837.8317221777365,2815.5908476315913,115.97278917868742,False
2867.9448419596315,2778.1666813381776,2611.7628178472173,2806.0228059267797,2875.2420853906733,2855.459193082018,2993.13700150725,2689.9587101022867,2824.257882646769,109.50689123700512,False
2984.9246144744675,2867.9448419596315,2778.1666813381776,2611.7628178472173,2918.001787750506,2965.574669346967,3069.3395954418156,2766.3950885798236,2823.2154192994776,108.97408693975416,False
2844.532972554404,2984.9246144744675,2867.9448419596315,2778.1666813381776,2936.2820267549837,2947.2519511598566,2920.5683010966377,2907.2312309786926,2832.775823117186,120.95295825101057,False
2934.378999050822,2844.532972554404,2984.9246144744675,2867.9448419596315,2844.3269735190465,2869.9523741221765,2865.218720233017,2990.4134045300616,2819.6688153742466,112.54617531306069,False
2798.893866680128,2934.378999050822,2844.532972554404,2984.9246144744675,2806.0228059267797,2845.010928252913,2814.7592241242364,2929.5024024157765,2832.533390450214,120.68676391000308,False
2576.2838307881193,2798.893866680128,2934.378999050822,2844.532972554404,2611.7628178472173,2736.5434423616325,2646.4732448646214,2948.6537500808477,2831.5149705578356,120.97748834154818,False
2689.2273713906256,2576.2838307881193,2798.893866680128,2934.378999050822,2778.1666813381776,2717.4974362319294,2716.378644589856,2904.9384289876557,2826.4465438351067,131.9630122128092,False
2916.7597343365014,2689.2273713906256,2576.2838307881193,2798.893866680128,2867.9448419596315,2875.2420853906733,2855.459193082018,2627.4916082585673,2813.7409281283144,141.3350316469538,False
2881.907600902017,2916.7597343365014,2689.2273713906256,2576.2838307881193,2984.9246144744675,2918.001787750506,2965.574669346967,2631.3797051568718,2820.714484182153,145.59529742494428,False
2804.877274318282,2881.907600902017,2916.7597343365014,2689.2273713906256,2844.532972554404,2936.2820267549837,2947.2519511598566,2993.13700150725,2805.9977679575168,130.6723015037769,False
2894.1929270093333,2804.877274318282,2881.907600902017,2916.7597343365014,2934.378999050822,2844.3269735190465,2869.9523741221765,3069.3395954418156,2800.3326682094994,129.57825326056215,False
2731.170196271724,2894.1929270093333,2804.877274318282,2881.907600902017,2798.893866680128,2806.0228059267797,2845.010928252913,2920.5683010966377,2794.591800775001,123.39217206802941,False
2587.48223115511,2731.170196271724,2894.1929270093333,2804.877274318282,2576.2838307881193,2611.7628178472173,2736.5434423616325,2865.218720233017,2784.9169907166574,125.63329393188961,False
2665.3186559011274,2587.48223115511,2731.170196271724,2894.1929270093333,2689.2273713906256,2778.1666813381776,2717.4974362319294,2814.7592241242364,2786.5167621976557,122.56775081893727,False
2773.4471775475827,2665.3186559011274,2587.48223115511,2731.170196271724,2916.7597343365014,2867.9448419596315,2875.2420853906733,2646.4732448646214,2783.101231413442,126.01535336178593,False
2812.048890788161,2773.4471775475827,2665.3186559011274,2587.48223115511,2881.907600902017,2984.9246144744675,2918.001787750506,2716.378644589856,2762.628009015025,111.4852390843438,False
2891.2645290852747,2812.048890788161,2773.4471775475827,2665.3186559011274,2804.877274318282,2844.532972554404,2936.2820267549837,2855.459193082018,2752.648193284475,101.72788593641701,False
2860.3078938671215,2891.2645290852747,2812.048890788161,2773.4471775475827,2894.1929270093333,2934.378999050822,2844.3269735190465,2965.574669346967,2764.989229679759,113.66022468494464,False
2645.5141065769526,2860.3078938671215,2891.2645290852747,2812.048890788161,2731.170196271724,2798.893866680128,2806.0228059267797,2947.2519511598566,2760.148510659443,107.81149016299065,False
2627.665555067303,2645.5141065769526,2860.3078938671215,2891.2645290852747,2587.48223115511,2576.2838307881193,2611.7628178472173,2869.9523741221765,2747.911926417333,116.18453024117971,False
2671.0285390825898,2627.665555067303,2645.5141065769526,2860.3078938671215,2665.3186559011274,2689.2273713906256,2778.1666813381776,2845.010928252913,2753.6524012619316,107.61342988138239,False
2808.1908199554373,2671.0285390825898,2627.665555067303,2645.5141065769526,2773.4471775475827,2916.7597343365014,2867.9448419596315,2736.5434423616325,2754.468098859284,106.85121761822404,False
2815.951658983506,2808.1908199554373,2671.0285390825898,2627.665555067303,2812.048890788161,2881.907600902017,2984.9246144744675,2717.4974362319294,2759.43147634612,108.67119808591059,False
2897.990103157939,2815.951658983506,2808.1908199554373,2671.0285390825898,2891.2645290852747,2804.877274318282,2844.532972554404,2875.2420853906733,2759.9890146597404,108.99567159644707,False
2890.7197456103054,2897.990103157939,2815.951658983506,2808.1908199554373,2860.3078938671215,2894.1929270093333,2934.378999050822,2918.001787750506,2760.949810955836,110.36674951640715,False
2859.6846232886114,2890.7197456103054,2897.990103157939,2815.951658983506,2645.5141065769526,2731.170196271724,2798.893866680128,2936.2820267549837,2765.294361204862,115.41302488256368,False
2603.1767404569964,2859.6846232886114,2890.7197456103054,2897.990103157939,2627.665555067303,2587.48223115511,2576.2838307881193,2844.3269735190465,2795.8901493065273,106.40370788169557,False
2668.529450606776,2603.1767404569964,2859.6846232886114,2890.7197456103054,2671.0285390825898,2665.3186559011274,2689.2273713906256,2806.0228059267797,2792.391747219341,113.05143846139867,False
2825.513925468404,2668.529450606776,2603.1767404569964,2859.6846232886114,2808.1908199554373,2773.4471775475827,2916.7597343365014,2611.7628178472173,2792.0347345799387,113.501625873722,False
2905.083257721388,2825.513925468404,2668.529450606776,2603.1767404569964,2815.951658983506,2812.048890788161,2881.907600902017,2778.1666813381776,2794.5094639389345,114.09986969460445,False
2882.044864816832,2905.083257721388,2825.513925468404,2668.529450606776,2897.990103157939,2891.2645290852747,2804.877274318282,2867.9448419596315,2807.2425494729173,121.61726676926537,False
2925.290842719619,2882.044864816832,2905.083257721388,2825.513925468404,2890.7197456103054,2860.3078938671215,2894.1929270093333,2984.9246144744675,2804.9646582813302,119.76957308486817,False
2723.4080934770873,2925.290842719619,2882.044864816832,2905.083257721388,2859.6846232886114,2645.5141065769526,2731.170196271724,2844.532972554404,2809.903386439804,124.51386952832708,False
2559.5196396903652,2723.4080934770873,2925.290842719619,2882.044864816832,2603.1767404569964,2627.665555067303,2587.48223115511,2934.378999050822,2790.4353107524435,126.07699009945608,False
2624.8211443313326,2559.5196396903652,2723.4080934770873,2925.290842719619,2668.529450606776,2671.0285390825898,2665.3186559011274,2798.893866680128,2784.198582071496,137.4508652183915,False
2864.371500811818,2624.8211443313326,2559.5196396903652,2723.4080934770873,2825.513925468404,2808.1908199554373,2773.4471775475827,2576.2838307881193,2777.9545383178606,144.39837557127746,False
2931.985074086723,2864.371500811818,2624.8211443313326,2559.5196396903652,2905.083257721388,2815.951658983506,2812.048890788161,2689.2273713906256,2783.5056205097776,147.25014980851424,False
2829.976470812473,2931.985074086723,2864.371500811818,2624.8211443313326,2882.044864816832,2897.990103157939,2891.2645290852747,2916.7597343365014,2787.3487371333968,151.24884526206628,False
2847.043149032058,2829.976470812473,2931.985074086723,2864.371500811818,2925.290842719619,2890.7197456103054,2860.3078938671215,2881.907600902017,2779.9103951327743,147.03726495744743,False
3108.6903030930334,2847.043149032058,2829.976470812473,2931.985074086723,2723.4080934770873,2859.6846232886114,2645.5141065769526,2804.877274318282,2768.732153177408,136.75793954408434,False
2566.2451906340452,3108.6903030930334,2847.043149032058,2829.976470812473,2559.5196396903652,2603.1767404569964,2627.665555067303,2894.1929270093333,2823.772468836829,184.6291883032851,False
2687.9246440771603,2566.2451906340452,3108.6903030930334,2847.043149032058,2624.8211443313326,2668.529450606776,2671.0285390825898,2731.170196271724,2824.7332618287833,183.03547128247646,False
2726.674384055036,2687.9246440771603,2566.2451906340452,3108.6903030930334,2864.371500811818,2825.513925468404,2808.1908199554373,2587.48223115511,2833.748047506759,172.81723541005513,False
2827.1003194918103,2726.674384055036,2687.9246440771603,2566.2451906340452,2931.985074086723,2905.083257721388,2815.951658983506,2665.3186559011274,2814.0770308272186,176.54702506737578,False
2815.691500955978,2827.1003194918103,2726.674384055036,2687.9246440771603,2829.976470812473,2882.044864816832,2897.990103157939,2773.4471775475827,2799.0934944565165,169.16898218841908,False
2762.557094458905,2815.691500955978,2827.1003194918103,2726.674384055036,2847.043149032058,2925.290842719619,2890.7197456103054,2812.048890788161,2797.052784477017,168.82014656561006,False
2702.554381524328,2762.557094458905,2815.691500955978,2827.1003194918103,3108.6903030930334,2723.4080934770873,2859.6846232886114,2891.2645290852747,2784.9833481094242,167.66666749857382,False
2538.0366250682687,2702.554381524328,2762.557094458905,2815.691500955978,2566.2451906340452,2559.5196396903652,2603.1767404569964,2860.3078938671215,2726.9639307424663,88.61643999730731,False
2638.506235756917,2538.0366250682687,2702.554381524328,2762.557094458905,2687.9246440771603,2624.8211443313326,2668.529450606776,2645.5141065769526,2722.934135661641,97.3538043215718,False
2881.1275202921397,2638.506235756917,2538.0366250682687,2702.554381524328,2726.674384055036,2864.371500811818,2825.513925468404,2627.665555067303,2715.8743630444633,101.99681559634715,False
2856.886279466137,2881.1275202921397,2638.506235756917,2538.0366250682687,2827.1003194918103,2931.985074086723,2905.083257721388,2671.0285390825898,2737.9390967926206,119.86388151401123,False
2808.7039771205195,2856.886279466137,2881.1275202921397,2638.506235756917,2815.691500955978,2829.976470812473,2882.044864816832,2808.1908199554373,2742.1942339318107,124.01348437291601,False
2869.1848766563035,2808.7039771205195,2856.886279466137,2881.1275202921397,2762.557094458905,2847.043149032058,2925.290842719619,2815.951658983506,2741.196016241031,123.34963075675566,False
2798.495791041534,2869.1848766563035,2808.7039771205195,2856.886279466137,2702.554381524328,3108.6903030930334,2723.4080934770873,2897.990103157939,2756.4285565549444,132.65960775849936,False
2541.261144124249,2798.495791041534,2869.1848766563035,2808.7039771205195,2538.0366250682687,2566.2451906340452,2559.5196396903652,2890.7197456103054,2770.13447220026,131.1129854999235,False
2613.141942137843,2541.261144124249,2798.495791041534,2869.1848766563035,2638.506235756917,2687.9246440771603,2624.8211443313326,2859.6846232886114,2770.5951177796856,130.1638672987849,False
2863.3471303571996,2613.141942137843,2541.261144124249,2798.495791041534,2881.1275202921397,2726.674384055036,2864.371500811818,2603.1767404569964,2766.971647262675,134.72683294764528,False
2865.7248655818134,2863.3471303571996,2613.141942137843,2541.261144124249,2856.886279466137,2827.1003194918103,2931.985074086723,2668.529450606776,2764.431591557684,132.3627744183315,False
2892.6239262975223,2865.7248655818134,2863.3471303571996,2613.141942137843,2808.7039771205195,2815.691500955978,2829.976470812473,2825.513925468404,2765.694246717066,133.429583345315,False
2880.151535918887,2892.6239262975223,2865.7248655818134,2863.3471303571996,2869.1848766563035,2762.557094458905,2847.043149032058,2905.083257721388,2777.682810885209,141.4661026674769,False
2792.5015149500737,2880.151535918887,2892.6239262975223,2865.7248655818134,2798.495791041534,2702.554381524328,3108.6903030930334,2882.044864816832,2779.24947649415,142.70364378978377,False
2548.874702681042,2792.5015149500737,2880.151535918887,2892.6239262975223,2541.261144124249,2538.0366250682687,2566.2451906340452,2925.290842719619,2778.3931513382267,142.5868405308736,False
2664.482394398791,2548.874702681042,2792.5015149500737,2880.151535918887,2613.141942137843,2638.506235756917,2687.9246440771603,2723.4080934770873,2779.4808025606258,140.49014857980868,False
2840.278260895483,2664.482394398791,2548.874702681042,2792.5015149500737,2863.3471303571996,2881.1275202921397,2726.674384055036,2559.5196396903652,2786.815152883618,131.40545372893533,False
2833.1681199456543,2840.278260895483,2664.482394398791,2548.874702681042,2865.7248655818134,2856.886279466137,2827.1003194918103,2624.8211443313326,2783.519600103373,129.4407813658585,False
2805.9658233911964,2833.1681199456543,2840.278260895483,2664.482394398791,2892.6239262975223,2808.7039771205195,2815.691500955978,2864.371500811818,2778.8686364410646,126.54731980097098,False
2925.109031567209,2805.9658233911964,2833.1681199456543,2840.278260895483,2880.151535918887,2869.1848766563035,2762.557094458905,2931.985074086723,2766.488907454447,117.47803527657376,False
2759.2712299118025,2925.109031567209,2805.9658233911964,2833.1681199456543,2792.5015149500737,2798.495791041534,2702.554381524328,2829.976470812473,2772.9114068327785,125.67082916022709,False
2564.243891465912,2759.2712299118025,2925.109031567209,2805.9658233911964,2548.874702681042,2541.261144124249,2538.0366250682687,2847.043149032058,2768.164223255883,125.43489389447721,False
2676.150195852524,2564.243891465912,2759.2712299118025,2925.109031567209,2664.482394398791,2613.141942137843,2638.506235756917,3108.6903030930334,2770.359821653721,121.01331810660955,False
2916.6336804903394,2676.150195852524,2564.243891465912,2759.2712299118025,2840.278260895483,2863.3471303571996,2881.1275202921397,2566.2451906340452,2772.0266504328256,119.38126229246608,False
2802.0275321597155,2916.6336804903394,2676.150195852524,2564.243891465912,2833.1681199456543,2865.7248655818134,2856.886279466137,2687.9246440771603,2782.9345675178056,129.6992334496976,False
2826.41745272151,2802.0275321597155,2916.6336804903394,2676.150195852524,2805.9658233911964,2892.6239262975223,2808.7039771205195,2726.674384055036,2778.485912119814,128.2146278121052,False
2870.832780405602,2826.41745272151,2802.0275321597155,2916.6336804903394,2925.109031567209,2880.151535918887,2869.1848766563035,2827.1003194918103,2781.4075734527164,129.17460988673423,False
2859.5999147092757,2870.832780405602,2826.41745272151,2802.0275321597155,2759.2712299118025,2792.5015149500737,2798.495791041534,2815.691500955978,2773.653823286772,120.44528018926502,False
2642.4178875252956,2859.5999147092757,2870.832780405602,2826.41745272151,2564.243891465912,2548.874702681042,2541.261144124249,2762.557094458905,2787.986492543554,124.35452471440252,False
2735.136246881171,2642.4178875252956,2859.5999147092757,2870.832780405602,2676.150195852524,2664.482394398791,2613.141942137843,2702.554381524328,2799.1542062663234,102.50262543230056,False
2835.369436418341,2735.136246881171,2642.4178875252956,2859.5999147092757,2916.6336804903394,2840.278260895483,2863.3471303571996,2538.0366250682687,2807.580784984701,92.65706598956663,False
2875.761763629024,2835.369436418341,2735.136246881171,2642.4178875252956,2802.0275321597155,2833.1681199456543,2865.7248655818134,2638.506235756917,2795.97160726013,81.08458068073185,False
