distance_miles,duration_min,speed_mph,fare_usd,hour,rush_hour,fare_per_mile
7.2973281684206945,69.08461118375892,6.337731118448753,40.33406794820206,21,0,5.527237780363009
10.105195782533476,102.83962574575696,5.895701608745151,63.003331398315915,23,0,6.234746238881908
7.621900754070231,91.42345441606506,5.002152326940012,55.90993797997523,21,0,7.335432431354912
5.148489079410192,72.50618500452826,4.260455087318675,46.52367275696104,10,0,9.036373980672941
9.326714099108068,86.22811374415693,6.489795748134459,54.10218627300212,22,0,5.800776747104965
7.080716429610138,71.4992184493913,5.941924890791939,49.91983840063652,0,0,7.050111227711613
1.1571402343023576,19.27829427125741,3.6013774393751414,19.58481376355039,4,0,16.925186060407032
1.3611574411368483,37.780738471357246,2.161668876063051,16.25928981203402,15,0,11.945194083098974
4.078308833389836,48.294819707401246,5.066765576223691,32.13291407455056,18,1,7.878980083968313
9.166055167446947,100.94248102436734,5.44828405707659,63.958811679759116,2,0,6.97779039197882
11.069762465452975,113.42610499407171,5.855669186223865,70.62846535744582,7,1,6.380305411057048
13.412509146220106,125.51730729798022,6.411470785162041,77.9473610316103,2,0,5.811542059867099
3.5264983215184484,32.57967227535614,6.494537376029942,27.96518294655257,2,0,7.930014534789642
3.544483948122425,40.22180503598362,5.2874065869765285,29.079791798400603,0,0,8.204238536276819
2.113659258872751,44.92417266047529,2.8229691950218614,21.614703771055915,23,0,10.226200689785443
8.792298675954987,92.67636764389086,5.69225935337005,52.10437447246103,21,0,5.92613790691109
3.35544610821024,48.52525873230657,4.148906605593789,33.10516946317518,14,0,9.866100779318769
9.006557123786918,84.54955874392354,6.391439949011589,53.960198750789836,0,0,5.9912126253302
12.600623542864334,123.45428039230252,6.124027536099911,76.24633851475772,17,1,6.050997258618652
5.165512235443304,63.16267366078925,4.906865339346774,43.632544521293525,12,0,8.446895977112904
18.762947058198968,174.3195217728687,6.458122487042959,108.06136438700887,18,1,5.759295917204466
5.089533624348207,57.42199827113691,5.31803188072588,34.62341249167217,11,0,6.802865458248393
12.859705737547069,122.45875493635552,6.3007528098242735,71.77546104835233,0,0,5.581423285510044
7.036420583977817,80.28639155932377,5.258490596463232,51.193629260707354,21,0,7.275521502690884
7.453652094313959,81.47396812358902,5.489104507349446,50.25527995488878,21,0,6.742369957571023
2.4404847175758775,38.06467497058971,3.8468496885285277,24.986801278354257,21,0,10.23845840885803
8.930053816108234,97.59693455977772,5.489959611777732,61.92443555058319,15,0,6.934385483644285
7.81831525877106,80.99878850970615,5.79143125665455,55.784139710129175,22,0,7.135058879538932
6.261210336949308,74.37028336404734,5.051380783074562,46.1331311803775,1,0,7.368085194028996
4.052788232841077,44.936005194423316,5.411413251319508,28.768977119577578,9,1,7.098564116045613
9.199172300246634,98.54687131083551,5.600891541993677,61.36448607986325,7,1,6.67065297583545
4.42282970030736,39.97974762218943,6.637605232684283,27.603801210089987,11,0,6.241208249137807
4.86683896840385,51.32341357989938,5.689612551776871,39.32028092969899,0,0,8.079223739468546
11.786633544370833,131.97452112082726,5.358595027708308,76.45143910439202,19,1,6.486282857322259
10.416521597765147,109.41462200026926,5.71213686470873,67.84288208469965,7,1,6.513007384274542
5.279679581498189,63.18519755266151,5.013528281301508,36.71349154638128,2,0,6.953734782511796
7.349385738090553,73.20109605421884,6.023996470747092,46.138975868048114,4,0,6.277936349009149
11.438089116603273,108.37753931352935,6.332357713075735,69.03871515310091,2,0,6.035860924783831
1.9546453340218206,28.005647020761806,4.187681147104561,23.05678874081879,16,1,11.79589378159864
4.260315261230514,49.94006644330849,5.11851372813064,32.8120742737649,22,0,7.701794881791854
10.106398490977101,114.44438954147516,5.298502721611092,68.80909379611994,2,0,6.80846830426804
1.266140975205706,29.508905308508375,2.5744248293222243,20.66775112210084,0,0,16.323420161600104
4.05947990851691,49.188886404234104,4.951703775307435,31.65967964574679,21,0,7.798949707651918
7.217283764588154,77.34983070491295,5.59842241319585,50.16011842771782,9,1,6.949999482330199
1.685292621950009,31.71647816208489,3.188171044724644,17.782982060485878,2,0,10.551866084780958
3.125398611704916,32.21581231229398,5.820865694289303,19.81849263750034,4,0,6.341108799139475
13.404158158715138,121.1093239676334,6.640690106880993,75.06383611871618,16,1,5.60004106411644
14.74094334553688,149.1288185951548,5.930822821934089,84.93683396338491,2,0,5.761967329526524
2.2527212625957516,32.70656734649251,4.132603532612546,21.792346895409295,9,1,9.673787546311232
11.307686342459906,105.89647871365315,6.406834191174299,64.86011454437707,23,0,5.735931523041097
2.9978771994471702,26.411609708044832,6.8103623351681595,20.161547707250513,10,0,6.725274708039557
4.923374186130397,61.673568456210184,4.789773943072017,37.12044265102848,3,0,7.539634658604706
13.312393458087953,128.68221014157987,6.2071020275955515,84.84409053069471,18,1,6.373316022983653
3.478004317175408,45.70360295562335,4.5659476613505925,25.608233292569977,10,0,7.362910151119995
3.043477116662363,37.80873389231984,4.829800107028588,22.026356686535742,9,1,7.237234203584551
9.853160515238795,100.47301079850536,5.884064050792059,58.4847068888997,6,0,5.93562916167334
8.131270495388755,81.6279301158031,5.97682961005124,55.8120406299982,18,1,6.863877011796523
11.567616730766543,115.64949043067483,6.001384020468638,69.45185290603797,11,0,6.003989803821557
5.824011252994614,67.87854069530677,5.14802869360799,42.09506435230335,11,0,7.227847358752739
11.238570771373777,111.49276582169064,6.048053802529674,68.62161000320016,18,1,6.105901844564531
2.4388980288678543,31.95314089517864,4.579639986319822,21.546338938867624,8,1,8.834456661916905
4.951347922181102,60.20735864848987,4.934295109428747,32.03715610257703,15,0,6.470390811975993
5.8028014241516575,68.2702922101492,5.099847593699622,39.499269572645645,4,0,6.8069311157619445
7.633736804446787,73.87868995675296,6.199679617152457,46.17349964991449,13,0,6.048610376901861
7.143332500574643,76.11653945406536,5.63083862073274,47.5911905902294,10,0,6.6623233044802195
3.063736901075385,36.431055250677794,5.045810855591483,24.11319990308303,12,0,7.870519134531164
4.406732358398192,51.74289908133176,5.109956075099113,37.779015346920694,8,1,8.573022428948471
5.805830454413121,72.85627541893578,4.781329065502147,41.464872334330714,3,0,7.141936482628852
1.711571122143972,29.557943941374212,3.474337306151067,18.09576333650938,22,0,10.572603792147422
5.781526371119679,77.01920679381564,4.503962020744089,45.644879928431585,9,1,7.894953166077451
6.427199315818946,71.16236102078125,5.419043907727039,48.65646818010409,17,1,7.570399763447252
11.100407204174395,110.90491378448618,6.005364501204182,67.55694242894945,21,0,6.085987764804172
9.227102295213983,94.925825860563,5.832197220238706,61.4722445791889,10,0,6.662139706749975
3.5253593972999075,44.58401367418872,4.744336510026953,32.686572446990915,19,1,9.27184118363244
8.99340205435564,94.87772705692625,5.687363515122765,54.913808905623554,10,0,6.106010670236629
4.18292793870709,43.69454732196686,5.743867180339243,27.31589847010147,1,0,6.530329680636238
0.3994558194945714,14.196141226643684,1.6883002773099878,6.859951049486283,21,0,17.173240981108076
8.16097800971116,81.1024254259863,6.0375343648573105,50.51675253344937,20,0,6.190036595287591
8.548290235370429,95.11234442119587,5.3925430735984055,52.94051944880627,13,0,6.193112071669401
11.53929047471274,104.29960252351559,6.638159798611544,67.87508104035186,19,1,5.882084447834437
4.471019654259769,53.18059499706369,5.044343322416718,32.111553283501316,16,1,7.182154355529839
8.648808951716678,80.73026184067533,6.427930806506347,51.31573137042896,19,1,5.933271466268595
10.496474768952105,109.06170095192437,5.7746072236187125,63.23398182778888,1,0,6.024306561935529
7.627563645476189,78.25464338441674,5.848264063774474,51.62876591205955,19,1,6.768709946154289
9.312060652081104,84.90777847113966,6.5803587042944205,53.51513217030782,5,0,5.746862501196016
5.362645302417461,65.91719105923316,4.8812565125221345,38.12332279881509,23,0,7.10905171774632
8.177571718099571,70.49982230631757,6.959653046416348,47.29046275289571,23,0,5.782946867739094
8.432332338875165,87.70247413747214,5.768821749993708,51.42684057342455,1,0,6.098768230034522
3.3716675270451852,46.49215080058809,4.351273239442219,23.258432953808875,15,0,6.898198819203201
4.10819228146064,57.234120811499274,4.3067235661653465,32.87212103698416,9,1,8.001602355695166
2.140822044951438,21.60645761904437,5.94495057736204,20.200221506380824,6,0,9.435731266883064
15.011517941864634,144.00751835221467,6.254472591555678,86.83006684823661,23,0,5.784229628509583
7.125140309183355,82.62818094849646,5.173881521335614,51.71266878174746,9,1,7.257775501641242
6.094820255230359,73.76082651482847,4.957770033125991,42.434415620860506,13,0,6.962373596570759
7.402013595339877,86.30258348316595,5.146089465641804,54.52417927429459,7,1,7.366127955860774
6.372719231271799,84.72396126650973,4.51304622872315,50.39642324845414,16,1,7.908150574271662
4.0503760454982185,45.40122712510067,5.3527752027551445,30.48501862655755,6,0,7.5264662550135455
10.550612161458927,109.18980091375367,5.797581132944419,67.33319673801958,8,1,6.381923219961184
4.588512343647529,51.22142409122172,5.374913827630853,32.00740176872358,16,1,6.975550978529146
11.012569519651395,99.26244314682744,6.656638203048322,62.74518376100526,5,0,5.697597063885911
1.8406994133462218,28.02627724000039,3.940657685464749,20.600827343021813,18,1,11.191847617081274
1.1092906506434723,10.017428923956123,6.644163841226757,9.235650646575476,23,0,8.325726572398407
4.132119483771275,46.06410420780922,5.382220566100698,31.453565015741173,16,1,7.611968903434115
6.911678205709744,65.39615514323012,6.341361987326481,51.73545567421907,8,1,7.485223434082965
6.199302371985793,70.42686415642122,5.281480962903756,41.815903137973265,4,0,6.745259487089444
13.908602956918351,132.50626889899905,6.297937330430749,81.17585817908673,13,0,5.836377559308257
7.814834683857505,71.62226395157577,6.5467084557459625,48.953436088192724,10,0,6.264167838292475
3.3328339824886983,47.189457821594445,4.237599840738438,23.72587378283674,5,0,7.118828572769209
11.27924142094577,109.8906636579358,6.158434781714726,72.69543573943345,8,1,6.4450642579949236
12.040880541103656,117.77531219533094,6.134161896917987,66.09303304503098,23,0,5.489053131904335
2.8896700413139675,32.14048679030497,5.394448553627302,19.454388992770433,4,0,6.732391143150824
4.110309976451699,55.88724690996197,4.412788466471084,30.984938150887583,6,0,7.5383458494378335
5.786993476753017,65.70605529379323,5.284438504984797,38.461941470171496,8,1,6.646273513989138
13.823036098209366,132.72879409696318,6.248698118108933,80.0360347808121,21,0,5.790047440531531
10.355987260162719,93.71967203035622,6.629976632958148,61.48270283314375,8,1,5.936923374718182
7.148034233719446,91.39611331725777,4.6925633755826635,55.194388656708554,7,1,7.7216178395369015
2.4275363136604358,45.72403132247385,3.1854623183244244,28.759640167090726,7,1,11.847254356300283
5.881039463463149,73.5879672581852,4.795109594069403,47.54118291279672,22,0,8.083806138039634
8.702582036378516,86.1042081662037,6.064220707712857,62.518986770343155,8,1,7.183958336617962
5.834804722689687,61.50755925471151,5.691792807313586,41.65405848294291,8,1,7.138895038074473
3.444395972258095,45.4035561452679,4.5517086299202765,33.81905438956509,8,1,9.818573317920187
5.36855994385116,54.953917698475664,5.861521982808599,34.782854706764674,20,0,6.478991586301081
3.965540472920971,41.75346896322636,5.6985068374753025,33.06648385474097,17,1,8.33845577432339
16.0716554537449,165.39625045344926,5.830236928473151,94.29535902615962,14,0,5.867183956098786
5.869425965877619,64.49399153125331,5.460439795883936,44.8414622750519,5,0,7.639837785797343
4.659700559763964,47.218091115044594,5.921078700632979,27.279899309009387,2,0,5.854431837223301
8.211712493540833,91.62141646309331,5.3775936744103845,53.25836624167339,2,0,6.485658902886011
11.61138843209131,113.0591059748907,6.1621158235605105,71.51972007461568,7,1,6.159446003627868
7.460184039898651,67.26552903266867,6.654389682663895,51.09729812271244,18,1,6.849334795151596
2.446456300875901,27.20923171756391,5.3947637910629025,19.451480102336806,18,1,7.950879848282032
4.448928460586352,48.94139556318428,5.4541907635339495,34.05352890127463,18,1,7.654321529995227
4.1427194997371295,50.60423185542729,4.911904812513609,37.380521089596975,16,1,9.023184189025809
17.224444994489982,168.05043066203845,6.149741453193744,99.95625970734932,12,0,5.8031628734234895
6.513100134718304,77.98452246321722,5.011071373392322,47.727779977678196,8,1,7.327966558239083
3.7929791835349125,44.71461536057085,5.089583107825919,28.771758845419498,17,1,7.585530384747672
8.118749876405968,82.27483045198778,5.920704909487771,49.024330594934355,4,0,6.038408787220403
7.679499753690716,88.58577762611242,5.201399113593398,50.267684871546905,1,0,6.545697829782284
1.874381324075801,34.741634217098124,3.2371211653940954,22.032872851206005,19,1,11.75474412180762
6.17803886238043,66.3216039925856,5.589164155080842,39.1903411927828,11,0,6.343492177011422
10.04611198222259,104.16718532589017,5.786531689875094,62.96088073498866,14,0,6.267188823537211
5.074389685795605,54.81757370374261,5.55411997607164,30.310313512701043,22,0,5.9731938990705915
7.235664112512961,70.14800584046539,6.188912165773084,43.471970806789514,16,1,6.008013933594771
9.45182603469573,110.24985112767129,5.143857849068846,69.15862757884393,18,1,7.316959424028403
6.6086700022861065,68.22669960025054,5.811803919293061,41.050132559103396,11,0,6.211557324681534
13.66836314540541,136.78522459040482,5.995543679370855,86.91582801898693,7,1,6.358905385697445
8.204996791485152,76.7528864295125,6.414088516934437,50.863511496817196,8,1,6.199089748530006
7.60801347171083,84.89083093287582,5.377268702477357,51.48361662416403,21,0,6.767024902834038
3.5515505473368925,36.728808377894374,5.801795436643293,32.95053494576453,9,1,9.277788533932673
7.900878998571308,93.17566247586964,5.08773135943141,51.99701803401611,22,0,6.581168758997394
6.639286823872149,82.53804177716668,4.826346746967899,45.969402564421294,0,0,6.92384645879949
5.788546810564397,67.49075562993924,5.14607971702415,46.68909769915092,7,1,8.065771812355548
0.6021111702158504,18.108289804386533,1.995034904080215,11.785306754084857,22,0,19.573306952368863
10.651039202051,106.7348620974299,5.98738162550592,64.38044521353976,13,0,6.044522416286144
7.2046358983788865,76.55645905055418,5.6465275335850835,51.81093693816926,8,1,7.191333145624643
7.013114496082206,77.57344121157806,5.4243677113311906,45.06052139334097,4,0,6.425179771200584
16.269026688649475,158.9597106247418,6.140811388511888,94.39715482760386,11,0,5.802261968963551
13.029116913516328,135.15228112553459,5.784194009162621,82.43144470736661,22,0,6.326710033728588
12.014473617331335,114.62047380155252,6.289176733712961,72.19428665651824,8,1,6.008942959629562
9.187486170036745,103.85586993679107,5.307828729735805,66.67944152023482,11,0,7.257637212853419
6.888557444334738,71.46106443235931,5.783757210212026,45.62776511884766,8,1,6.623703944919945
8.049211083691393,79.96762593494222,6.039352292568876,50.830641393015156,20,0,6.314984271688905
9.715334517136602,101.61367607481914,5.736630083129621,68.64095732034149,16,1,7.0652181043553
9.98317700462009,104.40790802213922,5.737023484372392,64.10015498468537,14,0,6.420817236338754
1.391246453461894,14.101197520698937,5.919694911384813,14.946346890093073,16,1,10.743133865967085
5.698531058539396,60.400120805316035,5.66078112019721,40.07017626622153,9,1,7.0316676095281325
9.209052906304825,81.84917631143853,6.750748135519976,54.14774929928598,19,1,5.879839094225924
9.354508238188425,92.13633162244257,6.091739104518366,55.757542432107975,14,0,5.960499580778163
6.52314053227369,66.91240515483749,5.849265633640515,36.61536122333298,1,0,5.61314922500534
3.8536352599050008,48.46748324948408,4.770582256233849,33.15972156993756,8,1,8.60478984997532
3.8221962583390363,41.6729917876669,5.503127221314904,25.736071357446566,20,0,6.733320221665008
3.1676983798005693,37.202998886839566,5.108779089721928,25.782743100299086,6,0,8.139267066810289
2.8919425729958155,45.85080941812324,3.784372764227884,24.844837222297844,22,0,8.59105483431527
3.361283138629363,54.63670102340094,3.6912365596777774,37.410697057572825,19,1,11.129885675988563
2.737229346532334,31.109637549679178,5.279192357341808,22.908658865111867,23,0,8.369287321186206
6.62415242806691,77.73291227815233,5.113009844039022,50.45145876037032,19,1,7.616288922731401
1.8984142696179505,31.412572183221084,3.6260913468881393,20.35335848255244,3,0,10.721241832346998
4.533755708963998,42.371068983680004,6.420072683146499,24.56185592876651,4,0,5.417551695651265
5.424575418947042,56.07415722953385,5.80435874951318,32.50594566943622,11,0,5.992348369957019
2.4297155583436942,15.700443790672661,9.285274699510632,23.24278369133296,8,1,9.56605130650654
8.428706164667888,89.79975318954519,5.631667704170832,52.07621863878563,22,0,6.178435648532014
14.104874671286506,132.48312605463212,6.38792656453626,86.04732214425162,20,0,6.10053787428678
6.045538136811353,67.213404853866,5.396725385320478,43.239731566129926,18,1,7.152337904022587
0.6256449202523503,33.056515812582546,1.1355914043685267,21.95854691036381,22,0,35.097458957242004
9.459774712048889,106.69680044592492,5.319620460508488,59.54390981566086,1,0,6.294432122132882
4.261726238236591,45.75349821724827,5.588721830187831,33.43523569588346,16,1,7.845467734623478
3.917949996321019,41.208856654407676,5.7045261350175664,30.49368699337718,20,0,7.783072020319543
8.819472994084707,99.13314618143022,5.337956072498859,58.779166377251734,23,0,6.6647028021601065
4.77734532136823,48.96729910762476,5.853717164430264,30.73436112548106,20,0,6.433355568418225
3.4918242494952096,49.37315484769141,4.243388043887757,34.804326872406115,19,1,9.967376473039144
3.917193950399344,63.66993858114326,3.691406686758899,39.79930980773611,18,1,10.160158090634933
10.014419851516783,106.182288030459,5.658808095363751,66.95873238022249,3,0,6.686231791058862
8.033157500620147,91.40249981527847,5.273263324430886,63.96940969000895,9,1,7.963171353863112
2.256352078746159,38.71534864965784,3.4968334122432347,21.745754980495324,21,0,9.637571718230829
13.949258525923854,134.20073676985024,6.236594013569254,85.09073637265827,15,0,6.10001859342719
5.104713991273411,59.68356928070897,5.131778195701877,33.34876899720581,6,0,6.532935842089499
8.032777620089503,78.55638467763393,6.135295802921448,51.69930012449217,17,1,6.436042745064332
4.319837921944506,58.61811014207416,4.421675736192527,33.56867386901742,0,0,7.7708179046465276
10.085645338646296,96.26004631036572,6.286499368259848,61.79340555739869,9,1,6.126866797568023
4.3795739074064075,55.62209612634695,4.724281405135936,38.44463462443595,18,1,8.778167793771276
8.99203993022453,99.71866747316605,5.410445300611898,66.40600121095656,18,1,7.38497623745521
2.6812660310407344,33.18154002091555,4.84835730231442,20.248573669894316,12,0,7.551870435637014
3.166519927778677,36.172705926055066,5.252335726696926,27.161729213414656,6,0,8.577785655203089
7.763250438022885,80.8510962800574,5.761146696983814,49.2048105437969,11,0,6.338171225650708
3.657175532449362,39.55999026269977,5.5467792203644155,25.236042384210215,4,0,6.900418686578216
10.692476359435025,109.17067280208717,5.876565245037457,62.38082338100132,22,0,5.83408569577585
6.807618303995007,67.76674388133551,6.027397434867734,40.61969621601525,20,0,5.966799900073399
7.75031361605332,76.68548672048321,6.063974251844834,50.95582937295847,17,1,6.574679670692684
3.494889256663643,46.735420695922926,4.486818611608468,29.950692527827723,8,1,8.569854529931463
7.319820261928905,81.58373137457856,5.38329405036977,44.27281930325228,3,0,6.0483478718076595
7.031420232746678,73.5216961287759,5.738241038752064,46.09932053404051,1,0,6.55618907818183
5.609880117244134,52.61037844649846,6.397840444674664,36.656489619080865,9,1,6.5342732559298335
0.6335556673557681,24.727164746805833,1.5373109060656263,13.924860887871507,19,1,21.978906677591304
6.589154292703377,68.61198043783477,5.762102406013553,43.17248950667194,8,1,6.552053205747481
0.2070021454261171,26.236909421310806,0.4733838321475027,15.968772541892285,19,1,63.87509016756914
12.882521960555268,127.14831641425005,6.079131359592963,71.9262063129682,4,0,5.58323956545136
5.972735042123502,66.56927970348436,5.383325523779893,43.28030838060642,19,1,7.246313133826686
8.588944008986546,86.70998749695174,5.943221252999365,54.71764829331649,1,0,6.370707299531332
4.398305506167674,53.04520457001401,4.9749705465221234,41.023233031268674,8,1,9.327054015175264
0.8280253240859801,40.31163204709246,1.2324363197977284,21.739219432737205,3,0,26.254292955030273
2.666443791461446,33.90418017633645,4.718787673248327,19.672764885661188,14,0,7.377903464028687
5.378048651600821,68.06040897236954,4.741125185231383,41.22079453607086,4,0,7.664637716470108
3.561967487066968,44.601509689146006,4.791722314189455,27.49148092408614,0,0,7.71806060103133
4.1478895398725655,56.373765727569236,4.414701930594003,33.185571195222344,7,1,8.000591837419542
3.8393700429408892,34.96300933437849,6.588740699443809,25.117262638232884,0,0,6.542027040194726
8.997115263613008,104.64336580964677,5.158730433028707,63.29165982727484,9,1,7.034661441233838
2.7710755297732663,38.98583244509527,4.2647423784153,31.322428975861833,6,0,11.30334725247445
10.885872119384072,108.36631764566042,6.027263280263359,67.77147725813681,22,0,6.225635990841619
5.409778480289604,66.10786571477381,4.909955953166364,37.15811347838636,12,0,6.868694090482825
8.479292449338445,89.1770926606246,5.705025043779481,59.04776979714935,10,0,6.963761439995652
10.817026465551637,102.46598033328922,6.334020187207867,68.82046979345967,14,0,6.362235500914069
17.77721946837104,157.45529656157277,6.774196812649973,98.22184649921483,3,0,5.5251523824617035
4.132125125045704,60.14547846685536,4.122130438107144,33.03190681038286,3,0,7.993927049829476
2.832471441174146,36.15514522370357,4.700528387285511,25.895103389811307,3,0,9.142229296079678
7.499841777300819,75.82100022349591,5.934905966837973,45.2907731981089,20,0,6.038897158495653
5.529883001504227,58.55764709354341,5.666091391278548,41.993691401571596,17,1,7.593956579216696
9.997954675809995,110.76840931484342,5.415598944312127,61.41483130340784,23,0,6.142739519714041
12.783791392731521,124.11345385469069,6.18005107215782,76.8012110980442,19,1,6.007702154910871
2.5310760470708744,38.64587807369347,3.9296445156366566,24.12356776111654,2,0,9.530953362319517
9.787852439121668,98.08289125588755,5.987498317266911,57.25662405762468,3,0,5.849763716172524
11.965456253660832,112.160250380089,6.400907387302859,70.11009185234059,19,1,5.859374717189777
6.168244166553391,72.92190689773648,5.075219035511691,43.662725186367794,13,0,7.078631131874448
2.0310937415419255,36.89787097086359,3.3027820111557857,17.425895506850114,14,0,8.579562405436329
11.901775914161876,115.04007094079851,6.2074592705806255,72.15749974845464,5,0,6.062750657453962
12.526800828464042,124.5146650572978,6.03630142169981,77.59621819710539,12,0,6.194416216851414
3.6439966189880946,45.37802229280981,4.8181870009334755,30.442057505950675,21,0,8.354030118283744
4.079518104748815,51.38641159660952,4.763342655766976,31.11124472369109,11,0,7.626205822564104
3.1361526243456637,52.05311705315418,3.6149450429373977,30.262537028278704,16,1,9.64957406516297
13.253369446926063,129.33710325092662,6.148291146375792,79.70053590974922,17,1,6.013605538494565
17.047429515944234,163.44659990166681,6.25798133195809,98.78536532832564,22,0,5.794736692469266
10.257942149601087,103.26958871782301,5.959901037834208,67.4709982889679,5,0,6.577439929468868
10.92329016795588,104.65632329236826,6.2623775559784605,63.400510079662155,21,0,5.804158738330628
7.5881607046039665,69.9604763175156,6.507812213997888,47.84802901600511,14,0,6.3056161932593575
10.239057064949195,104.95409220717895,5.853448979237896,64.76749071402607,19,1,6.325532742242553
7.303203511880802,80.89249267942179,5.416970057399648,50.75398616267454,6,0,6.949551122340806
5.23767328838217,59.153774342049914,5.31260094217751,40.92655100611836,2,0,7.813880086201385
6.01608357634024,65.7685136059597,5.488416793833472,39.830159726190836,2,0,6.620612765891908
6.376975167130721,64.00039658983052,5.97837717287896,43.46557301849691,9,1,6.816017293361042
0.9208373884336646,21.80195114736498,2.5341880152179637,14.166647045018625,13,0,15.384526326755642
4.996390386446414,57.98666860552717,5.169868012700597,34.498275792948384,6,0,6.9046397748524635
8.314233511962067,89.67745264018008,5.56275848645384,54.307791050631096,6,0,6.531905914417246
3.8178810405483046,48.30298535449044,4.742416245119366,32.680493643010706,19,1,8.559851209590674
5.560334389776758,64.40590748761714,5.17996060300444,44.08127396657767,17,1,7.92780988992777
5.020087520805006,65.093475638206,4.627272523016282,37.469549202799534,15,0,7.463923496853901
7.136155082178302,79.65857795394535,5.375055843681323,45.5183729696872,15,0,6.378557142537992
4.584864585277603,56.147439719136734,4.8994553712997995,31.883044071186585,20,0,6.953977261087666
6.539497541922074,60.40040947796119,6.496145570974842,43.76288134039226,5,0,6.692086213022656
1.6743396953526912,33.3900385175432,3.0086931965765586,15.110515267538618,22,0,9.024760811369084
6.1912039535913115,65.93370500978583,5.634026438531629,37.81758984948503,20,0,6.108277183720996
7.4949264363806885,79.92960429051075,5.626145533617126,50.51613156863912,8,1,6.7400436812070215
2.2785320050502658,24.869378860418916,5.497198827132793,18.486782908740683,8,1,8.113462030713434
11.420669554960462,127.32526714613705,5.381808251076718,79.82703710126381,4,0,6.989698521361357
6.915522029267974,59.39440399323901,6.986033933488262,43.465012213341915,17,1,6.285138277253496
14.864619667886991,154.71025171415556,5.764822758617586,91.78144947008452,7,1,6.174490267542195
8.758523332955615,93.37767339607053,5.627805672008221,58.45842175633767,6,0,6.674460926121725
3.6725050406884985,33.62078261581575,6.553990874015337,23.64012667203326,16,1,6.437057651417507
13.63243650810968,146.91031283947154,5.567656719786229,83.43546778105565,4,0,6.120363570475568
5.52538155220457,64.81102688902767,5.115223582245079,41.484601661026225,2,0,7.508006690411144
8.0893883668733,70.65459648580335,6.869521958276588,43.414922008856614,20,0,5.366897970512114
12.855926797911433,125.16860131471391,6.162532773976208,76.2857960535091,0,0,5.933900935551566
3.582828139292666,47.45254179684406,4.53020386722165,31.127106749157534,22,0,8.68785929411137
3.6653185967796302,55.267294458098476,3.9791909114261412,28.208761612770278,16,1,7.696128144918878
7.465777687087528,76.73651029639248,5.837464584916242,48.60711638457718,8,1,6.51065681591964
7.762005279240577,65.97658261678342,7.058872986185293,45.563359757329174,13,0,5.870050086050319
11.38669197602269,123.2343514932756,5.543921076248297,78.64264727214392,7,1,6.906540322487355
4.773904626459123,57.954354590329544,4.942411655039685,36.90522775833973,9,1,7.730616894563496
1.457595154428915,11.723032829841639,7.460160739558067,13.685830261462764,16,1,9.38932200747118
3.564629040596311,46.13783823337164,4.635625565158799,28.115899895555543,21,0,7.887468674959838
1.3734732179319267,27.052657812598028,3.0462216927735364,14.37833038229757,5,0,10.468591738503198
10.60783433110964,105.52221109957004,6.03162171484456,70.30248775765625,12,0,6.627411926247741
4.135548183195855,44.256237087556634,5.6067326849511545,28.597895968928142,20,0,6.915140315649365
5.074113733236359,54.008635641146185,5.637002682627302,31.273905709810773,0,0,6.163422294806097
3.9850421484057863,45.913256553710525,5.207701366698719,32.405424930451105,0,0,8.131764664876851
5.027533592147478,59.37612482554375,5.080358753878752,32.51591052038045,14,0,6.467567033498725
8.69114460720075,94.95046103419014,5.4920078402175685,61.28086503158865,3,0,7.0509544831202655
9.891738540043715,88.13865796787141,6.733757083287665,57.09165828324377,23,0,5.7716505599218415
8.410050147797541,89.22628224311079,5.655318098909284,53.65561251773244,2,0,6.379939664424474
3.2262433468252754,43.963869003769545,4.403038340254336,29.584744580480987,17,1,9.170028854020979
2.357748170836123,34.23458182190706,4.1322219440589905,28.436100500061684,7,1,12.060703026641498
9.972997665996932,99.32784467608674,6.0242911935838706,61.72956975340369,22,0,6.189670530443568
2.117686946428996,39.57804485912397,3.210396502353961,21.755418009401957,20,0,10.273198333723306
7.311924552132033,85.87373654393876,5.108843411086994,53.54564961831629,19,1,7.323058277824173
10.925399973834686,108.13132416288416,6.062295116654905,62.81009625892855,15,0,5.748997419714873
10.877566861973218,109.3996338251682,5.965778759016698,62.926012743499214,5,0,5.784934585277675
4.318200331970674,55.49484445348975,4.668758376922483,32.59646597582739,2,0,7.548622914618581
8.033257117988686,91.99508203039414,5.239360805396916,54.740369585556934,6,0,6.814218539448724
2.875949936639542,32.99040837038572,5.230520163953792,20.820196957152493,1,0,7.239415642081812
3.1261865598956353,33.858484443089274,5.539857931592167,26.00430199689364,18,1,8.318218218480784
1.899123257362139,30.737080522796425,3.7071639044319213,19.055803602538994,6,0,10.034000441344334
7.659815253669574,74.19686140206348,6.194182699045986,42.222809700498836,10,0,5.512249095077225
7.285772331978066,65.9019660275064,6.633282226151285,52.241137195022546,14,0,7.170295037319568
9.157497478416802,89.49522166472198,6.13943223430883,54.95246902296986,16,1,6.000817270491931
7.266980034863535,79.9058020165173,5.456660105879205,45.5649229563749,14,0,6.270131848137182
12.101223584558952,130.23267408079755,5.575201616631741,85.50326388341121,17,1,7.065670945251568
0.8455088007637069,15.356991227993984,3.3034158379505127,10.774559256238984,2,0,12.743284571972342
4.262399503490608,49.61599686370641,5.154466026591326,28.707263053451392,6,0,6.735000562463032
5.624155409340076,63.55066900966711,5.309925604545136,39.67666528470916,18,1,7.054688641572357
2.378446801995699,29.514424987550147,4.835154612700024,24.80173694175175,17,1,10.427703037520617
8.276602605213974,82.12644028289766,6.046726907951124,53.85218492819741,15,0,6.506556795933683
10.28944979449501,106.61495785439202,5.790622630202241,65.03062603047485,22,0,6.320126666565503
13.270497041829502,124.2498837138653,6.408294307489297,75.18630718966419,23,0,5.66567378393378
3.7686086893698754,41.31299575296658,5.473254050959393,24.113610017118088,2,0,6.398544397866356
2.557012777307898,33.797587717314286,4.5393999098899425,24.434563586450878,13,0,9.555902028841773
12.655873542205292,127.83762885230541,5.939975728192047,75.77540235089252,21,0,5.987370377729661
3.839920503593874,37.46780506514793,6.149152047071556,31.06338473279321,7,1,8.089590579732118
5.491750557080794,60.64085388689011,5.433713615567722,36.1901745343269,1,0,6.58991593994834
4.84011000699149,47.815855667201,6.0734372807364005,31.580029889237878,2,0,6.5246512669383225
3.109288192815342,35.87838895051842,5.199712055806366,24.436232995206858,17,1,7.859108413196262
7.83818196084269,87.27539761474524,5.388585219932649,49.570945247735445,22,0,6.32429120622329
6.483314060720589,69.90675344097032,5.564538824874885,43.33703669494336,16,1,6.684395710135729
9.351124398544332,106.17454004992067,5.284387986506555,69.01783486872546,0,0,7.380699039729309
6.230742810844436,67.64350016312824,5.526688709914584,47.73274577166352,9,1,7.660843533548839
14.111674320630145,144.81314582230527,5.8468480498087025,87.82251084412647,8,1,6.223394109637079
8.830118839665596,96.23971780764654,5.505077762580897,63.05995564177624,21,0,7.14146171606501
21.109304019728743,201.90441450846947,6.2730586860476745,118.72721462453336,12,0,5.6244021363078085
2.345658346829637,25.21700919419525,5.581133738975489,21.306079501730586,5,0,9.083198126669906
1.2589459376255254,22.699756126601354,3.327646157793371,15.11449563221481,13,0,12.005674890791562
6.35350903247261,65.98495719448107,5.777234056919882,38.34518303092665,17,1,6.035276385843708
6.849575416346546,70.2176650681983,5.852865152688249,44.69049463568965,13,0,6.524564212992759
11.123238151335821,113.04406930390593,5.903841689261352,71.40739567590464,10,0,6.419658979191156
7.644731839369918,72.10516093188309,6.361318724404602,45.89946319848931,17,1,6.004064519583248
14.903738009372477,140.8905779996044,6.346941671038212,88.87627154778406,7,1,5.963354394172298
3.111436348718241,33.930539932628285,5.502010321491326,30.105723202323087,3,0,9.675828083298303
8.4485294380663,86.51141750599214,5.859478215680228,51.73972986518006,20,0,6.124110739563482
5.939701950210047,60.848349643041345,5.856890435045002,40.94854463239195,17,1,6.894040302972421
10.887751643505368,105.77519217956905,6.175976475668396,67.88173447487837,17,1,6.234687995971177
2.649429729135884,36.657648047591955,4.3364970808211885,22.63892936819787,21,0,8.544831032594171
4.171815548878834,46.87223070589022,5.34023939469292,29.589885213769616,17,1,7.0928076438379035
3.818937317810093,46.39927358158248,4.938358327220836,28.588449108542296,0,0,7.485969716029765
8.070179267876322,77.93742471927212,6.212814418960975,48.900821805801165,20,0,6.059446783351255
12.837838288027193,122.57001087585627,6.284329190945342,69.18335360233297,0,0,5.38901893372926
8.20238565830383,98.06644160619032,5.018466372773577,60.083648824084364,16,1,7.325143114096034
6.484999724615009,66.1805690155959,5.879368963799728,37.922884346814314,23,0,5.847785035806714
7.731754622035831,68.94722114474145,6.728411524349471,52.39787598257631,9,1,6.7769708874671375
7.497310151837347,81.52856064352562,5.517558577749325,54.06459662865988,7,1,7.211199154594185
9.93652116359456,97.18087644041692,6.134862039253242,58.88601339540573,22,0,5.926220296410417
8.32485644291586,88.38678938752246,5.651199574463383,50.657834921432965,10,0,6.085130148345186
16.769899614488224,162.39188657465095,6.19608527305796,98.34923775038912,22,0,5.864628889335811
7.331999547281618,81.28725336611272,5.411918285091082,53.38473081084345,7,1,7.281060298296957
14.266199914013255,139.7980623825537,6.122917444295119,81.5977504509377,4,0,5.719655615563519
5.588690727772381,60.93890296974137,5.502584183913575,32.40450393080482,13,0,5.798228155616882
3.7316094236829027,52.47200738034499,4.266971602554728,34.940088638278155,8,1,9.36327591428208
5.864231018051871,51.46922613136134,6.836198783815013,43.62390433146197,17,1,7.438981206090695
10.562234842696697,99.10718727482325,6.394431201083968,64.69420623839898,7,1,6.125049026260959
2.008561680699037,25.126485588833766,4.7962816135137745,15.613464184316538,18,1,7.773455171604491
10.065388209077211,92.4314304312461,6.533743876157505,61.690206915240694,8,1,6.128944620298596
7.439325583223472,76.07760928347207,5.867160380003954,51.060789507302665,8,1,6.863631512841778
6.412449191070058,66.2435637261713,5.808065415300096,47.605428487131775,17,1,7.4239073197534005
7.227198923468845,82.89299134195169,5.231225564285698,47.849485155358266,6,0,6.62075109071329
2.9096572170532946,37.65728295624919,4.636007149693374,23.39939521839125,6,0,8.041976587911817
6.079818320456925,65.44029711710549,5.574380241193358,35.47436924885576,13,0,5.834774557241984
9.943809393740716,99.21525338332907,6.013476187167539,64.53842819841819,7,1,6.490312278013182
7.4507432255953185,72.74471390983969,6.1453893968129325,54.74069418444782,9,1,7.347011234583783
4.5859808629605325,58.61859113469944,4.6940543341505,42.413358821479946,8,1,9.24848142390623
4.0135703361518535,55.382594863470686,4.3481931600129435,34.08901583237252,14,0,8.493439251660535
3.43755016620766,35.664955491887,5.783072125784025,24.481792105495074,8,1,7.121871950018299
11.55004448001801,125.67073544120191,5.514431552963408,72.45857752990578,14,0,6.2734457564437704
4.640342095099866,49.737183367118725,5.597834594913066,30.758604775346623,5,0,6.628520946295589
11.191902207269933,108.21202015027492,6.205541043441004,68.19481166988784,21,0,6.093227979207188
10.740497843631578,111.50124262288665,5.779575684169278,73.39783219048628,22,0,6.833745815051437
8.503144178174608,91.90056244377809,5.551529143280207,60.007523533748596,0,0,7.057098207010593
3.2115662746746394,40.47651172100192,4.760636929602208,25.262830748045843,2,0,7.866202527800923
6.424970254032591,67.74702382638407,5.69026052317627,42.44824441963915,2,0,6.60676123644258
6.073736868311585,73.69774911258287,4.944848607818264,41.98343378463676,4,0,6.912290521454147
6.749503440450894,69.00573532691588,5.86864562066472,47.72430508229233,18,1,7.070787577686478
9.443499417311248,96.57888037182286,5.866810247305215,57.17443863406986,5,0,6.0543699011895065
3.439091984159079,53.11455267749492,3.8849149366360956,30.515195464976934,14,0,8.873038466413238
0.4501769378834275,8.029092839187697,3.3640931564739898,6.108018898434422,6,0,13.5680404401704
9.708772591710929,96.62705616295504,6.0286050163865506,60.57242814864987,1,0,6.238937782965982
10.942555618824782,116.63381214037625,5.629185268670486,68.19626133685132,2,0,6.23220605061686
7.499788136374907,82.66609347652424,5.443432358519314,53.06579563781699,22,0,7.075639294454369
12.892616782134882,133.39765657864774,5.798880031089782,78.30002563198975,13,0,6.073245405113491
4.161066193219289,41.51228986534555,6.0142182568824465,34.05838171154435,15,0,8.185013198551024
5.580774602700005,64.15366153536552,5.219444504775646,36.97049674888094,4,0,6.624617437693047
5.7681912986602475,62.20248154200896,5.563949690429619,42.34641169126259,11,0,7.34136742328539
7.265866302686423,91.02729854218809,4.789244382102983,51.260363987464864,15,0,7.054955576117918
8.060863159806598,89.40403527476951,5.409731094373611,55.72807035351934,18,1,6.913412279641826
6.039673243608176,66.22314752245332,5.472110707115265,38.472373050561636,15,0,6.369942793060401
2.2412764046359532,33.886878621243355,3.968396906106753,19.149620242469567,14,0,8.544068996960688
8.057093359304192,84.83956675932285,5.698114924722065,51.09801527444859,14,0,6.341991211438737
1.3656568319784037,28.48500153463915,2.876580849717066,19.77159045565899,8,1,14.477715039887602
7.134329132806739,71.07115874989654,6.0229740938201255,46.49782611207539,16,1,6.517477011014003
7.599182523767652,88.58394675291277,5.147105859912105,53.36374119768466,7,1,7.022300231739542
8.444655519506329,80.05353593285413,6.329256106755398,49.94222990193087,17,1,5.9140636094118
5.704320270154006,64.56914538463172,5.300662013883528,39.649487538248444,10,0,6.950782154659416
1.5646487822260333,21.1361602378407,4.441626382330682,16.025609763109344,13,0,10.242304819558056
8.621915447405401,89.85420378151225,5.757270167372659,55.83957483384714,11,0,6.476469779189377
1.0499618877856063,27.377769453893833,2.3010535380988264,15.692402526742406,13,0,14.94568775237932
7.704159239495017,71.06336063000032,6.504752241826239,46.61465838293501,17,1,6.050583448998187
5.796750632505922,63.15388581820742,5.507262671873189,37.71313733530108,6,0,6.505909901285123
2.5203094273254045,26.04424287856586,5.806218531465761,18.46874851800631,11,0,7.327968668357387
15.613976652857506,150.84949495431144,6.210419196001919,93.1105531739099,9,1,5.963282464423936
13.75492113250191,127.13993111969066,6.491235764263347,81.5694465927047,0,0,5.9302009663989885
7.462874291746541,80.136582937264,5.58761605614426,44.60143482247625,20,0,5.9764419282531085
5.030143551179475,54.71427256081891,5.516085638080744,35.105094389153386,16,1,6.9789448416282065
2.6076689416518675,39.951755701585626,3.9162268028411673,22.666193693396767,1,0,8.692128564080118
2.225856865997664,39.404060460014946,3.389280454875467,22.80660988579821,1,0,10.246215843522323
7.121415122472126,76.15662475291913,5.610607202388516,50.002564911098176,22,0,7.02143661774632
6.705399483792114,77.71052526666678,5.177213352334655,44.94756259650386,20,0,6.70318937822398
4.8191110404327,63.66675122467425,4.541564582203816,44.108639318534486,17,1,9.152858057940504
7.59696157317213,74.84003578492836,6.090559546233174,52.0406564412647,16,1,6.8501934543200536
1.7123842745837776,36.021371865033984,2.8522804978107885,19.54198862449245,20,0,11.412151416329984
3.3891518787305737,42.28073217087105,4.809498376282378,27.657039534808312,14,0,8.16046035244883
6.687982347256405,66.32158105801636,6.0505032364104245,45.05707470190657,0,0,6.737020578469414
11.703273191375025,119.12023304951946,5.894854077313562,79.55526618718163,10,0,6.797693678193513
3.0067668833949224,38.628331153872324,4.6703030551608595,34.00305683984985,7,1,11.308843737648594
3.4330505979798565,34.45538454658106,5.978253866251818,24.99130042058535,4,0,7.279619017351863
4.293754954742124,44.03749760283331,5.850134801209781,29.76243311327605,20,0,6.931563032120805
9.214297649479064,104.75256482891123,5.277750094918512,61.86077577193742,15,0,6.713563868368714
8.157925140469544,87.09277540306846,5.620162018753709,51.45196958378048,21,0,6.306992120893509
7.669710026214083,89.91815571883541,5.117794041637013,53.579310425657894,2,0,6.985832611993244
2.387171585369568,30.98510541779583,4.622553100623369,21.40898882898221,23,0,8.968349388955966
7.032992064380786,70.48715451697561,5.986615955127267,50.33201910353776,14,0,7.156558494989458
1.208824960905665,12.779537149282586,5.675440104527693,9.434992554148476,13,0,7.805094086640696
9.42168404838979,102.60301790353422,5.509594692768928,59.48933915715669,4,0,6.31408767812838
7.009213310306877,77.5467134816394,5.4232188539877475,44.77809379821998,14,0,6.388462130603856
7.927661183682714,80.90367932273615,5.879332992057005,51.25101924800421,14,0,6.464834717393418
4.853838530888577,50.92858942090079,5.718405225136579,40.10971430828809,16,1,8.263504039749202
2.899841216090902,44.85978850902578,3.878539751261807,26.364857088504436,3,0,9.091827836023823
7.390817719893587,77.45367269498338,5.725345845637828,48.01970884902184,15,0,6.497211901163384
2.887430046623893,36.987689126761666,4.683877443754257,19.97398578949746,2,0,6.917565262871701
11.457047839968602,111.50880638676318,6.164740639531388,74.49730644114497,1,0,6.5023125923640315
2.930824462196291,35.93266320329279,4.893861240868531,26.44249429654149,11,0,9.022203355272293
10.506202578037634,109.85656020904207,5.738138473321444,64.1635175210839,2,0,6.10720353472077
8.572194700235237,80.65111092440051,6.377242372969052,51.41527682776705,17,1,5.997912859626966
5.724083223814863,64.00117251234782,5.366229710285863,38.65340607601578,11,0,6.752768009241993
5.08935964820527,63.53774718689046,4.805986872561331,36.80115469617019,5,0,7.2309990332767855
7.7799450475610925,81.51095309266191,5.726797260277519,46.36259419684756,6,0,5.95924443083073
6.324358910479448,75.24458775812028,5.043040914099712,40.17097886410542,11,0,6.3517867079842985
1.4980290383775443,33.525856219159905,2.6809678391236904,18.12469799985973,14,0,12.099029815530058
6.491445450313207,75.84450312400253,5.135332304596923,48.45467808932758,19,1,7.464389627889376
6.836692201328452,70.30669519689073,5.8344590217326555,44.582992785236215,13,0,6.521134998087701
5.102449275701481,57.70941333344762,5.304974333617945,36.924944368212344,13,0,7.236709739389997
16.05889238244768,158.60465255548107,6.075064806877653,93.94566033822117,14,0,5.850070982535725
9.891767632729703,98.20741027577881,6.043393836545961,58.927106366892666,14,0,5.957186678336005
4.129670896127801,46.14840159739283,5.369205545391338,31.015105251002637,8,1,7.510309182284731
6.250522843173882,64.8748254935706,5.780845925012936,41.56630196552439,5,0,6.650052004996419
10.54912763216257,122.20351229574422,5.179455533143435,72.70450669276745,12,0,6.891992326560091
5.814592685461592,62.70478985407274,5.563778491876018,37.31805895263168,2,0,6.4180005326837755
6.422803066378199,76.21728125017454,5.056178568188031,43.77460102913454,5,0,6.815497933960307
2.9133911172093683,33.00410636418248,5.296415697601391,21.52271385630933,3,0,7.387512692399899
6.689931858201136,82.42003694850749,4.8701253524412165,46.534349799295306,11,0,6.955877994818319
3.590414308403231,42.04232398325685,5.1239997719913335,29.95234273305102,23,0,8.342308201855333
8.970384677360125,93.05132353945565,5.78415287573411,55.55149670372366,21,0,6.19276638647695
5.876343656904118,53.890756282221474,6.5425064285201575,33.70838587479082,2,0,5.736285663822065
1.6173776569533131,33.256004790858775,2.9180492373477565,22.648972832933822,19,1,14.003515341987688
5.499623074415344,69.49592663734671,4.748154322581443,47.87044573359625,3,0,8.704313929493301
11.123579760123015,104.98858825738182,6.357022193414002,64.14997971253304,21,0,5.767026541447087
12.935143315053885,135.46511516795908,5.729213738466614,87.69624419147404,4,0,6.779688640126111
3.084843046087975,31.739861758168054,5.831486733481018,21.17973705603832,3,0,6.86574219161564
7.714949642024816,85.2269498552667,5.431345123902539,51.40747166808634,18,1,6.66335803257353
3.087494897254236,38.0596354256224,4.867353345968755,32.48604148962051,19,1,10.521812203968636
4.087011122114006,56.80062335731493,4.317217890096628,38.02323717062013,9,1,9.30343374033996
1.8340786630722299,30.00185677414081,3.6679303088728665,19.28351467607479,13,0,10.514006331535064
13.736445490981488,141.21681884929018,5.836321311971206,86.15391026924108,18,1,6.271921679142139
5.025687455056725,64.65772711247682,4.663653684869724,36.3793698014142,20,0,7.238685279724301
13.55669386674827,132.2640556967019,6.149831318269329,78.59834821627302,10,0,5.797751943713821
6.9744143272907575,74.59630935655086,5.6097260474012565,45.70687031734073,18,1,6.553506598896853
9.46293195945085,90.49929712794388,6.27381577079383,60.55639236220303,19,1,6.399326616918549
11.867829843394224,117.01032264544571,6.085529673833172,72.61738446489917,19,1,6.1188427389965385
10.390372384847105,117.07578920535305,5.3249467487879345,67.95778306202972,21,0,6.540456929256605
3.4080015157832646,47.20670852140019,4.331589669173801,27.497943010463953,20,0,8.06864166084271
8.57697873862144,82.92521140574473,6.205817453986444,50.968961122122515,10,0,5.942530892913774
4.236381043122541,59.916085209617265,4.242314258317948,36.943446330618414,7,1,8.720520169117798
4.471330865970667,54.57599686457155,4.915711436732291,38.462525570320665,23,0,8.602030742802336
6.914104356729201,79.2094860960178,5.237330550293877,46.71137252791825,10,0,6.755954223117283
9.92401380985934,104.2592971801106,5.711153294683362,66.44579501568707,22,0,6.695455718700663
3.456493378760711,45.62699099333559,4.545327189249332,29.90041448835234,23,0,8.650505356695582
5.65554753006975,50.913644715747154,6.66487056070516,32.55494122435505,0,0,5.7562846128098135
9.053791594606105,100.12588063642434,5.425445371601037,57.85022862706016,3,0,6.389613458909863
8.955376560205453,79.07237634057125,6.795326237547666,50.90926058135247,13,0,5.684770510664547
9.84802022982724,106.72811139255535,5.536322212395584,59.04229510425378,2,0,5.995346651038464
11.087360917722988,112.38364781575731,5.919381226653027,68.46540052819272,15,0,6.175085400056902
2.4728582759769133,39.26851014393736,3.7783836467124474,23.326442398414063,0,0,9.432987981973552
8.733052908154859,91.54788142193419,5.723596945671634,58.59058284233792,20,0,6.709060789913053
9.089903941446119,100.07164705306857,5.45003757355509,56.69030465472871,10,0,6.236623073236769
2.3886402082029248,33.59465019000164,4.266108195251564,21.639861461156425,16,1,9.059489741000805
8.406176694576281,89.34115032980438,5.645445573654293,50.61562500238397,11,0,6.021242098686969
5.870460139404377,67.26270183767714,5.23659619285413,41.778302169840224,16,1,7.116699743757922
13.174100329686224,141.83875664260503,5.572849328994626,84.26759938538476,16,1,6.396459513481769
6.214713307705074,71.53407022936706,5.212660166920348,44.04622330372705,6,0,7.087410331401455
6.155327811462624,59.49683324601738,6.207383629320794,41.314204526376315,19,1,6.711942205489015
3.4938972707730587,40.061196801272004,5.232840079299062,30.202235646379773,19,1,8.644282675116328
8.325417142789396,90.51677835496302,5.518590449700587,56.221226139588886,7,1,6.752962064883659
7.329792339749865,85.52660671935328,5.142113749796122,47.737628772722935,1,0,6.5128214497754815
20.914035144367485,195.89325972155405,6.405744181528771,121.55491015742666,10,0,5.812121349053175
8.100748830543493,98.34600517287168,4.94219291346145,55.10564776939861,15,0,6.802537508831943
14.52877339843662,143.8125834153197,6.061544707730604,85.20648232997097,18,1,5.864671434626386
7.036249244490782,77.84964761587642,5.422952673498677,46.66769578656946,4,0,6.632467691946696
6.5981236364206115,63.85867176342466,6.199430825180159,37.18670092791382,11,0,5.635950912263759
3.2279779195007907,47.74466076632481,4.056551498354191,29.642917573755003,18,1,9.183122782431951
10.091486174680979,100.14867052562246,6.045903228699854,59.8027089661267,12,0,5.926055680100779
2.320122931520582,28.405809395436894,4.900665703741474,22.093684318754434,18,1,9.522635209796615
5.0403681770211675,55.46015607791044,5.452961405237075,38.406937225798465,16,1,7.619867413831815
2.1634808234037917,39.767992480505754,3.264153941586559,21.52891791912068,4,0,9.951055579614225
3.7231658211741903,48.30294873276485,4.624768365723428,27.80471127776217,5,0,7.468029256078979
10.168114140119734,98.17851584283308,6.214056539455416,69.2486267237903,19,1,6.810370710785006
8.780631811382701,87.84341247316213,5.997466330715707,54.52904686817748,16,1,6.2101507089147265
6.272758409815451,76.91222513823186,4.893441893177548,44.34828453443002,20,0,7.06998128048977
10.07813012708127,101.28488505245855,5.970168276457932,64.70458053953534,7,1,6.420296198167314
2.3070886383687004,36.126273099962134,3.831707685957429,19.638595540480402,1,0,8.512284796463863
13.283491171612088,136.38231475850182,5.8439356430342535,79.85620354877064,5,0,6.0116879303108135
12.253556125226144,101.76927916336363,7.224315368622964,71.27888022486908,10,0,5.816995449845676
3.1870840367558766,48.27010201930152,3.961562835083473,30.067577588085364,2,0,9.434196664199373
0.4624593577548613,11.04802529454338,2.511540363597484,5.965271460523942,4,0,12.899017741762274
6.103592632217204,64.76880479008807,5.654196632467058,39.298599840476875,3,0,6.438601362915858
3.6350682317736243,53.95152995765406,4.042593306948012,33.08767687357862,3,0,9.102353728704143
12.0702794774591,129.31406347464107,5.60044862243129,79.75723425440947,9,1,6.607737161625281
8.737683172560004,93.5958279742893,5.6013286243657605,62.430303588350554,19,1,7.144949336731267
9.503502539489643,101.90215654409548,5.595663249017062,62.43082730608392,9,1,6.569244028363944
7.702247211735739,87.18799524228169,5.300441091918039,59.379598776236605,7,1,7.70938625363274
5.210652570002874,67.47652079676469,4.633302821611434,39.540473767174106,13,0,7.588391902159061
2.2998906363992893,42.04352737036023,3.2821565366858283,26.031275565275322,15,0,11.318484084978019
5.474669353150683,61.918237568076925,5.305063162172351,41.97857442568457,8,1,7.667782603441761
7.424633493124205,74.39769108961538,5.987793479381691,43.108804612343256,0,0,5.806186211382071
12.804443063495286,125.70907128503575,6.111464955999326,74.9778491409769,7,1,5.855611897305736
9.558587544186555,98.79048829215803,5.805369146016447,58.01821770900719,1,0,6.069748008354366
3.436459167994012,42.60972828246163,4.838978289483919,22.268598410571578,3,0,6.4800998126133935
10.022872445375954,96.13252045511334,6.255659831610813,61.82157679722253,14,0,6.16804984141486
4.363845785998324,53.89537711829166,4.858129976254237,33.97205858752302,4,0,7.784889809013079
7.193261419695634,67.33262674068297,6.4099041738552005,49.79324870251039,8,1,6.9222075769654525
3.6437953943043904,45.30648340183676,4.825528428661936,28.131269941995804,9,1,7.7203209559921335
11.767944102771173,118.8084979599411,5.9429810012777,67.79827371582707,21,0,5.761267484255096
2.8181682929201,38.0549590474986,4.443313087373313,25.380714527803704,3,0,9.006103216605627
8.421722355731236,92.90278999783807,5.439054535990071,53.39029547725827,1,0,6.339593401689925
7.35473237235153,82.50422770983863,5.348622180829998,52.3709863529159,12,0,7.1207195179246625
5.91870137331903,78.60438239680471,4.517840756084583,46.84348603592603,14,0,7.914487162182606
10.928814824095141,107.25306271393059,6.1138476874519965,65.0756276219163,12,0,5.954499977293217
15.359106780672581,151.90796001276075,6.066478720160169,88.76738639355081,16,1,5.779462807384926
4.3272412110133605,52.236591536535805,4.970356315825194,30.622336533627387,20,0,7.076641915798403
10.297455738246363,105.6862198323622,5.846053963088106,67.71637951829712,14,0,6.5760301611967975
1.8892529359299648,21.414151016042283,5.293470475242215,16.007700055496493,12,0,8.473031721195591
1.4233490555957333,17.70928604452876,4.822382061084185,14.995010085231392,16,1,10.535019520531687
0.4731080230730832,16.296771027505635,1.74184697916381,9.021797026343645,5,0,19.069211652219234
1.3688541073152913,14.864323457164419,5.525394188010033,13.488378367555883,5,0,9.853773528875474
2.6410298486435,33.76403650754751,4.693212284709737,24.367088441274696,8,1,9.226358594087928
4.770644676928898,51.05056448940237,5.606964065503221,34.93090111105261,18,1,7.322050472545228
3.903321039682918,45.34202471919455,5.165169924179234,35.229226273080734,20,0,9.025449332741163
7.975485430403614,90.57333060723458,5.283333654796549,54.91151701993156,13,0,6.885037594150888
3.7492056752761718,39.27283739903079,5.727937053056469,26.36822486645306,14,0,7.033016364062433
5.6961714710776095,68.48433814305798,4.99048830041589,39.327361251606156,18,1,6.9041744005234715
13.760833898714978,132.41977894388197,6.235095999312913,78.156152591676,5,0,5.679608748055191
11.759482119769736,115.15482270560206,6.12713311182806,68.44187923508679,2,0,5.820143994268598
9.2762250646782,98.27929951803597,5.663181428949349,60.730910671593485,17,1,6.546942344342557
4.468726527399409,50.57364774585923,5.301646284075235,34.029993726506646,3,0,7.615143490624503
6.7220815661358815,67.14392748733644,6.006870748575457,45.89416488134621,3,0,6.8273739956606905
3.9582745440525686,45.402807070169715,5.230876414229301,31.382539758374424,9,1,7.9283383224459945
3.298207811895345,31.024068276417847,6.378675644681442,25.214887143354787,18,1,7.6450268089277325
4.426159111088639,54.12253911859972,4.906819801697974,31.65800832470265,9,1,7.152478600552654
4.290860746014756,32.00664653189411,8.043693190548373,23.29666425321123,2,0,5.429368518856872
3.124155172997978,45.445514055002505,4.1247043691267224,25.172802543477182,3,0,8.057475109125598
15.32624997686508,153.6278214984173,5.985732204250377,94.71418771357175,6,0,6.179867081415381
5.054971710928562,67.10335416332936,4.519867992253959,39.266544684027195,1,0,7.767905921043069
6.798619900694995,86.280041788588,4.727827960969459,55.25305198152167,7,1,8.127098262380189
0.9789041980310511,26.424763540234657,2.2226973494931603,16.111978344887195,1,0,16.45919833349833
8.206224660065736,82.09159174036054,5.997855190349141,51.97094469599865,20,0,6.333112588168203
11.831926546336856,131.52307322940425,5.3976505821299305,77.97030117642137,1,0,6.58982295664782
8.18412349746478,78.49351191811634,6.255898071679384,54.55433943386836,4,0,6.66587441535649
9.48983930386659,85.99233193774702,6.621408507030578,54.13853231510451,0,0,5.7048945278816285
5.793500422921272,75.25628745734451,4.6190163921161105,40.786625001365266,6,0,7.040065940100392
13.498964671185085,137.10003114031,5.90764184030129,87.00813413479962,19,1,6.445541288105401
11.392933196280193,103.28149342684289,6.61857191541297,66.85490053670335,13,0,5.868102567171338
7.763433307014493,73.7387445514606,6.316977611353203,44.89136245136873,22,0,5.78241103852957
5.223329457105706,62.317675300556544,5.029067049032611,40.82781885980396,14,0,7.816435703526736
8.972007271899185,87.52827641590864,6.15024605027078,60.77254450448179,10,0,6.773572809601337
7.154313027706175,72.03192387394255,5.959285252655237,45.12996592708967,23,0,6.308078183372317
13.648174998160371,146.63210958636373,5.584660155266404,95.27633172758286,4,0,6.980884384939752
3.4611326031661243,56.03935811987732,3.7057518707786024,33.27972704276311,2,0,9.615270738925163
4.756596962127732,55.68994708230018,5.124727759318893,35.09514339107876,7,1,7.378204138485577
2.245907467379585,31.31020627985994,4.30385053481602,17.352272584585954,22,0,7.726174313330787
8.043665760483773,89.80772291633374,5.373924757881263,54.28078182595428,19,1,6.748264217121032
1.4126673236051823,21.344366182597938,3.9710731483521773,13.873008000668525,12,0,9.820435263742114
4.240998122248665,36.7858320959768,6.917334007044242,24.188563487476436,22,0,5.703507238209094
12.489563754379477,107.83689652966366,6.9491412436617335,66.47104973376976,15,0,5.32212742102074
9.624641955346625,98.18018757386733,5.881823324958745,59.50814028503505,5,0,6.182893925937414
11.104981906855436,117.2361087068951,5.683393297172261,70.74001788359071,0,0,6.37011554606143
2.5072056841283725,34.660850884675455,4.340122565029492,24.862551006782695,0,0,9.916438513271054
3.3311755067687967,46.840344171647075,4.267059389523261,32.3760962851536,20,0,9.719120538490646
9.153127953503414,99.83715308957271,5.500834711477402,62.284886760332824,7,1,6.804765220887457
1.6687297262230323,35.33481154225459,2.833573442259638,20.83602747041592,10,0,12.486160666398474
7.359328108809943,79.35154028382169,5.564601329088787,51.68080663323039,9,1,7.022489807372857
5.360991720790713,61.904177364950385,5.196087193779004,39.94296508288353,2,0,7.450667183084587
2.2989428453589094,32.469688456575305,4.2481642811574805,20.53167236966004,0,0,8.93091901397603
9.627692408847318,97.09881443773065,5.94921315853236,61.07925610802292,17,1,6.344122092215415
2.341445426079328,23.640829067887353,5.942546480131298,18.94174120927661,16,1,8.08976412531379
2.592420075234604,42.363685216276544,3.6716636836474805,21.063167877494788,5,0,8.12490540353058
10.476913647568034,103.98966140117409,6.044974186702993,61.43158238408485,2,0,5.863519014337274
5.867844019370945,62.16430622200639,5.663549753212276,36.257705056390435,12,0,6.179050591102352
8.343592549269045,83.84262527782545,5.970895487793661,50.01264369828703,1,0,5.994137825278689
12.041950711327667,112.3352294163607,6.4317938943420305,76.67449200451658,6,0,6.367281667445303
5.800985041583203,63.695606137995185,5.46441306706352,45.350218142558106,17,1,7.817675415032812
6.98249148830707,77.94097340651422,5.375214999090695,44.79501111908925,4,0,6.415333437083783
11.161063581568417,108.2178471539486,6.1881088240598086,69.72969833921763,18,1,6.2475854410838165
7.613111188249797,86.74360733466946,5.265940457521421,51.26227146784678,21,0,6.7334195180238305
11.84952029818856,116.43521453790379,6.106152856873616,74.3858486906693,4,0,6.2775409315127035
4.853839740054322,46.48863257158718,6.264550456604586,32.47171875821431,15,0,6.689903354297994
7.0776666800867805,83.94119037524905,5.059018092390817,51.97251675096929,18,1,7.343171005381684
2.4835016584811433,35.54229097790478,4.192473118896647,23.013857445722746,12,0,9.266697031238357
13.60844755281802,139.65572724918832,5.846569054144013,86.19039340217415,7,1,6.3335948547875285
8.938937358616936,97.77159415161427,5.485603934055942,60.70470446258236,23,0,6.791042606878141
4.219856349231219,44.30204828817144,5.715116811460719,30.3924301516349,7,1,7.202242833970367
1.1794561464978675,19.483622694124417,3.632146336482539,15.106828750845466,5,0,12.808300499939596
6.301050759164479,74.91517328402148,5.0465483690005035,42.87338046359813,2,0,6.804163639094879
5.436809365694786,71.94258938257622,4.534289976789348,41.221749061586415,21,0,7.581974332535489
4.943382552775732,56.87016196705935,5.215440626639043,32.17012788175775,5,0,6.507715625547547
8.320234948390437,83.11897527080379,6.0060184245170705,48.14726216508795,3,0,5.786767136233589
1.4193311937456985,34.867997632575126,2.4423505049565,20.565555416938402,0,0,14.489609970922073
4.943240716416475,52.72940522396885,5.624839531665485,32.83755782568744,6,0,6.642921053112808
8.538413749073237,90.81954688814847,5.640909281075126,54.00981849693421,16,1,6.3255096419749455
6.107120327984507,64.3973857559422,5.690094642471706,43.60377620730997,16,1,7.139825951603648
9.639059627535968,100.36597328438536,5.762347125488744,54.362784113233566,20,0,5.639843118921584
7.78196680393778,76.36498855176504,6.1142942216217335,48.22831080523292,16,1,6.197444941660346
19.355095134075817,183.94789033869483,6.31323200231484,107.14150923520155,1,0,5.535571305282423
4.7078757517696,50.60709834415559,5.581678348464284,33.96816401762057,20,0,7.215178523955862
8.499237160707606,92.4665636000936,5.51501223564385,53.694504505059165,6,0,6.317567505151111
4.3797287871393475,52.39684578869476,5.015258519341246,31.632109313993606,22,0,7.222389981516265
1.7809579168064482,33.30982575817093,3.2079866098421324,22.18496457385202,8,1,12.456759569947238
4.067317763025515,43.65130014561386,5.590648273189001,34.34322747082967,0,0,8.443704050623062
5.903962511862463,63.88495668747777,5.544932157419505,42.739100360914996,9,1,7.239053478920639
8.795539670424404,94.91004632113169,5.560342668465908,57.67118986647182,10,0,6.556867688334702
4.415246014088278,56.889415028697826,4.656661713108855,40.09383387133307,19,1,9.080770073377714
6.377295886853744,60.72095804823158,6.3015763504141304,40.488613497403435,13,0,6.348868582508032
8.263472787106439,88.27803112774392,5.616441156338434,51.266136618223214,1,0,6.2039457185862785
8.036373809198494,79.44786313075998,6.069167999626439,48.182782459448205,1,0,5.995587512902627
1.393796957160095,29.99997838326513,2.787595922944256,13.9927913083974,14,0,10.039332656392185
6.722361458270277,83.66428303777752,4.82095432903062,50.924469045187884,2,0,7.575383942280783
3.7814107226661338,30.361187630290168,7.472851395760755,20.458227272663976,12,0,5.410210308559032
9.390798942533978,92.58150156744708,6.08596671054809,59.384925135592496,21,0,6.323735126158317
13.21191118334327,132.48982512368454,5.983211693883401,80.01224680315049,20,0,6.0560690798485535
1.0509418670966397,21.435411285951876,2.9416982573655455,13.71300812653764,15,0,13.048303199130856
8.235737230820678,91.75954058639212,5.385208237654603,56.968454147223085,7,1,6.917225811191437
12.243150612831451,122.66274202818722,5.98868918649383,76.23638584913715,12,0,6.226860083648526
5.277815819474233,56.32189635627713,5.622483787926663,43.034976049689234,2,0,8.153936689283013
5.679041369496064,56.989384842207144,5.979051767503991,42.71678850624693,17,1,7.521830838509537
12.486090018550211,117.24360512834703,6.3898188757749175,74.03046606046952,3,0,5.9290351063050695
12.803033546273072,122.77080311551262,6.257041521945711,78.54992880173725,1,0,6.1352591569677575
6.53823781953172,67.45355245944796,5.815768849353701,38.630069707193584,15,0,5.90833046662722
3.5728650272502573,46.45829955249901,4.614286439665532,31.58754277522655,13,0,8.840956077072104
12.775747623840294,126.04136706920822,6.081692663722971,74.51417876421397,13,0,5.832471097438254
6.94262565541487,70.57826687412822,5.902065292532554,44.39985075847169,11,0,6.395253462044612
10.225799277075444,97.97629567642146,6.262208143190501,54.23291850690295,14,0,5.303538338414701
8.379952571317181,83.20380291627684,6.042958815055202,50.91537406933118,10,0,6.075854682472048
4.122836781082899,45.721334146596774,5.410389077270326,29.78082584676079,3,0,7.223382206980941
8.197370911726727,81.2875839961158,6.050644274617703,50.269907658839436,13,0,6.132442730745043
11.170330172583139,116.5716482558914,5.749423812587433,68.67877889897368,1,0,6.148321297390237
5.176955841806826,66.8008688793125,4.649899854889528,37.84753232319339,1,0,7.310769780486305
10.337422552248462,97.98042718916453,6.330298519085243,62.27662287833609,13,0,6.024385920530112
7.148008528623177,83.0476002701806,5.1642733844458375,48.20494302132465,16,1,6.743828414347137
2.0938308057829107,35.00389768081942,3.5890245564228755,19.884343945728418,1,0,9.496633582240854
4.1370870077845465,50.31299481476297,4.93362045692096,35.5805202466992,9,1,8.600379972610956
12.325364373403895,132.0882648253861,5.598694656045665,73.88128986243828,22,0,5.994247928431384
8.856782032629186,90.68942892957259,5.859634669994779,57.01324065588581,18,1,6.437241025673194
4.26224578003564,52.7715944645084,4.846068219032744,31.640409227259145,19,1,7.423412646793582
3.9279204108163928,48.093626569090475,4.900342133908671,34.57617699489414,15,0,8.802667411407073
9.659063404944668,99.22768088786557,5.8405456936115066,59.5456976734784,4,0,6.1647486073024185
7.5957741479791325,83.1159592186059,5.48326041308234,54.913308996404645,9,1,7.2294552110945025
5.814975349820409,64.61330901354863,5.399793422065177,38.95609585748644,14,0,6.699271022479841
12.24720906641326,125.0215868084353,5.877645315050632,74.33291434682421,15,0,6.069375801763257
3.1427967771571668,36.26625039785743,5.199539642525889,21.888806316857824,3,0,6.964753965624674
7.802735392393225,78.39313942268281,5.972003761953329,47.27047754842744,23,0,6.058193078610708
6.184078489738196,63.61055320904782,5.833068424431108,38.07260309203078,22,0,6.15655237157939
2.036217242346038,28.13716987415531,4.342051282598299,13.266723158630892,0,0,6.515377083903665
1.9470631397642348,35.60327558048357,3.2812651780245936,22.098517601365607,14,0,11.349666659521613
4.727698364603384,51.77605639608744,5.478630888883969,34.41222843955944,3,0,7.278854483866031
4.089827168169117,52.72320973683667,4.6542999053924845,29.95031195228708,7,1,7.32312411277146
11.278474018328147,115.09894374274464,5.879362738655416,71.01335485319825,21,0,6.29636196685807
5.105013250874731,55.296589458671406,5.539234843433023,37.387802125563546,16,1,7.3237424249892475
13.518951824706868,141.525661639688,5.731378324501294,83.07135652876049,8,1,6.144807497349132
3.0976593020807752,44.29560078963881,4.195892025655084,25.399866431173,0,0,8.199696594816373
9.328881745453764,95.97062824493494,5.83233552768544,56.20209498782123,20,0,6.024526467516877
2.9485585485944488,38.05019540126314,4.649477119631139,25.151043153538144,6,0,8.529945306844057
9.183672648106752,95.21541319688525,5.787092030436417,55.194304474811034,14,0,6.010047024725946
6.0377044069302785,57.162113798446214,6.337453959333179,41.03553322824108,5,0,6.796545584632981
9.48502533076467,92.41546089499211,6.158076953081767,61.52956508377347,18,1,6.487021693469009
13.57414759126073,136.94242134347886,5.947381735224645,81.34307829315242,8,1,5.992499915465962
10.436086316841084,96.4272250107505,6.493655489314921,65.98577381555891,17,1,6.322846689096019
12.45821517658769,119.63818931561339,6.247945700877552,74.2411198602311,2,0,5.959209951659044
5.047171319506964,55.06927602684965,5.4990786336608,33.57677667499429,14,0,6.652593016849339
4.631839059767271,71.10847938666805,3.908258845964592,39.92949117745483,23,0,8.62065599910138
6.033373747679912,70.34278722450907,5.146262170496773,43.24270577513556,11,0,7.167251289838329
6.501492092014591,77.09747978162525,5.059692309343761,43.270756119627876,11,0,6.655511612907267
8.671923315591968,85.21642651470725,6.105811053291684,56.57390625562777,16,1,6.523801490945943
14.409044043083751,143.8537319529995,6.009872881625984,84.68325667148231,20,0,5.877090556339144
4.035192771340069,37.75568789103014,6.412585223693516,29.720440596883726,19,1,7.365308742613976
9.45405980117001,95.10285009494316,5.964527745529281,57.3120983837168,1,0,6.062167956312695
8.64370297578059,92.82552234955169,5.5870644777399425,55.49040217262701,7,1,6.419748842378033
8.7142872912439,81.92311835363142,6.382291689845779,57.60496031459256,20,0,6.610404085767739
3.0006771631597844,41.36491610773031,4.352495948999179,28.821798118261654,23,0,9.605097966590852
0.5895393813192256,20.16228303620757,1.754382815459519,12.162870770242593,15,0,20.63114213511142
6.242953586792376,64.57156287721637,5.8009625060462895,45.652265938294214,0,0,7.312606974185484
4.878828238610002,50.90062547644312,5.751003874246612,37.487173536023924,16,1,7.68364281393603
8.845021393990391,87.31374181732491,6.078095756676425,52.64728651551648,22,0,5.952194366797896
7.38370454287884,76.37164716976666,5.800873609389823,47.278000453103544,19,1,6.403018996568662
3.27449464055217,39.569807649951166,4.9651411038226945,30.34492586480873,17,1,9.267056201286602
2.6244041028704483,38.67728942740483,4.071232718305628,22.817106364815892,12,0,8.69420465387157
8.21798706028935,82.75546836069633,5.958267572944373,49.45369350160928,21,0,6.017738059065287
6.1517346004793865,76.97836827109234,4.794906469423992,44.70085778416047,15,0,7.2663826850848
14.319739701338422,150.4469029572951,5.7108811493726,86.97259775032616,12,0,6.073615831312709
7.244286550316768,78.6157866735553,5.528879267263195,46.41743757291081,21,0,6.407454654162064
8.24290971106149,84.11838276928202,5.87950655233348,56.223181563254435,0,0,6.820793085699616
9.260241276942384,92.14248370059462,6.029948990977302,54.14637697227906,3,0,5.847188572408074
6.106800061091807,68.86175223311375,5.320921872930685,38.16044012630995,20,0,6.248843869875677
9.986367491616134,104.82759636955953,5.7158808390932645,64.61073145277449,1,0,6.469893232651132
6.488037657664634,69.18631271463214,5.626579075915245,41.23048787865307,21,0,6.3548471901893935
5.962056856539374,63.299734644673904,5.651262416823758,44.40962869009636,23,0,7.448709356299825
2.4175201206935593,35.87414089284283,4.043336052977157,22.650963043276708,6,0,9.369503421869515
2.359267511941956,33.647656585274035,4.207010683129406,16.96742795664076,21,0,7.191820287761501
5.156453105185623,54.97534306350015,5.627744531830839,36.36675385388489,13,0,7.052668396676081
7.047509909795189,76.10582632392307,5.556087030550941,44.518833782189965,12,0,6.3169593731701115
7.225787214341107,73.40046941927592,5.9066002750468956,48.88463090404358,22,0,6.765301752454275
10.93214895128507,105.87938860593016,6.195057845662386,65.51600431965896,18,1,5.992966672115968
2.9411188792187626,38.44020664233395,4.590691574451206,26.55597807423709,21,0,9.029209346781332
4.212593636827899,46.46532660441834,5.43966085424308,32.52401081744269,21,0,7.720661811076894
15.54362214766184,147.4946075926564,6.323060511034876,90.84008851214101,17,1,5.8442033426427376
6.351661222105241,75.43923512856117,5.051743601016851,48.496776394035955,11,0,7.635290154527768
6.618631179305875,69.21444898798568,5.737499562082545,41.65794961131785,4,0,6.294043055544107
2.1806782781809533,42.6862744956781,3.065170203694037,26.276978057814436,2,0,12.049910489195952
6.96527240734986,78.44728543932271,5.32735252852364,46.63899554146544,6,0,6.695932738000494
6.428671276977247,64.93382115375046,5.940206040013037,41.4353908881708,11,0,6.445405139404432
15.452733183392168,158.0331563135052,5.866895356846685,97.52057384396664,3,0,6.310894822721519
14.756084481252861,140.5050433314554,6.301304550232907,88.58436844783533,8,1,6.00324351357428
3.3301604660997133,53.81152925042135,3.7131378860491733,33.234722750540904,19,1,9.97991630999855
2.559936325145773,36.39658534339231,4.220071142927458,25.67708309515521,0,0,10.03036006909002
11.204062132955132,116.0919636164182,5.7906138119816974,79.8260702165249,7,1,7.124743621487784
9.785307172207485,100.25348139055482,5.856339572340909,59.7089871017737,23,0,6.101902173430069
6.9057244481200515,75.74681554067423,5.470110709336824,49.76397019619996,7,1,7.2061911201434095
7.432673885768896,77.51940691294635,5.752887578809054,46.96014522766392,17,1,6.3180688335562545
9.991259602510933,96.36648626444901,6.220788983688526,60.57705501698527,14,0,6.063004808899318
2.9497809196215634,40.58607877891848,4.360777402058995,33.824384819608206,18,1,11.466744731655407
4.923894986852438,62.463851076787364,4.729674749767942,39.22671278653263,17,1,7.966602230809964
14.999450314790119,139.8511987893726,6.435175577170642,87.59850648705358,14,0,5.84011444743929
17.74416131181995,180.9402947484347,5.88398333378092,104.45169772486047,23,0,5.886539007920417
1.867348264460578,32.41295752726524,3.4566699374281944,19.897753529256807,6,0,10.655620008303424
9.623748964054357,95.99229159747425,6.015326108314874,55.22808710825048,6,0,5.738728983323732
6.976067041985171,72.05593756115444,5.808876224306592,44.364053671493274,14,0,6.35946492550746
4.6765509571096375,65.27393323987557,4.298700009319572,42.548487782174945,17,1,9.09826241014002
9.236858847146651,100.76407783442177,5.500090337148664,61.45099705211105,16,1,6.65280243738853
6.656566608183999,78.74940658918527,5.07170801393555,48.46522165415597,22,0,7.280813744817005
3.2944438051033527,40.14362392368627,4.923985654159397,28.273715329632886,14,0,8.58224240639184
7.702753377076803,84.65787568337994,5.4592109581523625,50.01151842692643,18,1,6.4926807309915215
6.687375786125384,74.28265375067271,5.401564522913795,46.7017040271748,3,0,6.983562090838239
13.99603675307717,136.91642930049807,6.133392533496164,85.01027615066826,0,0,6.073882031781453
7.957918885921286,84.27681264391741,5.665557561754068,53.65361291353564,19,1,6.7421663480959415
4.514389332542726,59.28981104181448,4.568463875884773,36.89899096564748,10,0,8.173639499733655
4.813687651430304,64.92073812276524,4.448828947995888,38.48241636878931,7,1,7.99437336931384
6.713283500624022,70.91057121672708,5.6803520705869825,44.56009781121828,18,1,6.6376010795725024
6.325629081849321,61.05232421013494,6.216597808866946,40.26551801080433,9,1,6.365456698424143
5.3090164477201895,69.64270561789198,4.573931814351778,40.98267485161384,0,0,7.719447708475779
9.318071921245188,105.79959482868483,5.284371043008286,60.835104126696216,13,0,6.528722319473869
7.6407837342056455,83.16937849714319,5.512209329159362,47.98737067762556,3,0,6.280425195493961
16.403397329031055,170.38636173612858,5.7763064467921765,97.8869029803073,23,0,5.967477408296703
4.76277499317139,56.8306668894853,5.028385469169206,36.37126595332234,7,1,7.636570277930304
12.184736595200635,116.20827597054412,6.291154305544895,71.78091958959958,7,1,5.891052221668287
4.648473463839316,45.96348154605041,6.068043552160493,36.15059855916735,20,0,7.7768753205508165
9.040994601891882,85.43882189689938,6.349100608715194,60.68394882387295,1,0,6.712087717779909
2.7596466237438326,36.864160563368095,4.491592779930693,26.921374825272714,16,1,9.755370341130938
10.129871065964304,100.3713656856127,6.0554348324960525,66.7378978806198,23,0,6.588227771709229
10.45291209276177,102.60307511612525,6.112630882221369,63.22914094869836,0,0,6.048949841688811
9.93684873834211,100.79019889261455,5.915366085701953,64.02808768548724,22,0,6.443500285802866
2.87809186345634,43.05065485028259,4.011216842297276,25.267141841354686,14,0,8.779129729032007
7.898269253020859,79.80237361754205,5.938371676166289,48.25017974916357,4,0,6.108956051442444
3.03696253474587,35.04030207836961,5.2002334819263805,22.68367425266094,20,0,7.4691979216526905
5.69398405013218,60.35979250077352,5.660043364190701,39.98544430538552,19,1,7.0224018812376725
4.160716005057846,54.971996922209435,4.54127509060184,31.646545150275937,23,0,7.606033459579023
6.707611403557942,71.94839530321678,5.593685342353741,41.27365172241471,22,0,6.15325623969835
2.965661428043419,40.370399198486666,4.407677140068395,22.19522461628702,14,0,7.484072324105526
5.555319505712128,71.31601680239555,4.673833246552425,42.94866938997501,0,0,7.731088976217126
9.290224747442423,112.67166219966916,4.947237610276261,67.54183565794888,17,1,7.2702047037713475
2.580366916889368,39.065626745739024,3.963126357117741,28.90726499968907,18,1,11.20277306707093
10.060326623509335,105.79107957550613,5.705770276970654,64.37407234268386,18,1,6.398805401829818
1.7539459590208109,20.67835137547747,5.089223779515097,13.624025198427983,4,0,7.767642513931258
9.193721173117348,96.95458382545083,5.689501709172809,57.86191795024557,17,1,6.293634194545202
8.333894166946036,87.3770192536821,5.7227135268257685,57.02841906746742,19,1,6.842949757348015
6.470730614694653,75.5900650529229,5.136175456521408,42.40787078200263,1,0,6.553799455921843
5.337329416123729,57.68488357909541,5.551536990246719,35.37012697750349,0,0,6.626933475504175
1.9742379709963456,30.972444122055542,3.824505350400461,19.31012576437938,2,0,9.781052764694861
0.5527653763301912,20.606282345561034,1.6095053937255213,11.30133817227972,16,1,20.445090550550205
6.559550652969305,82.42721132566376,4.774795032470292,50.834411840763615,7,1,7.749678984146948
6.912349845549452,83.5937793656151,4.961385809810196,52.48511879280765,19,1,7.592948847431447
8.982269840297516,100.43686270255412,5.365920200175126,58.9674651097604,22,0,6.564873485008467
8.342818342128108,91.44808070118317,5.473806521575362,58.6874289963716,0,0,7.034484821516736
8.875982293884407,89.29588144458027,5.963980969979971,56.71616995353391,17,1,6.38984712628501
1.8213844784741156,32.7516925189636,3.3367151528175465,24.270561511981278,18,1,13.325336741814228
3.3297137620572945,37.33381628628845,5.351256463883433,28.998871421393957,1,0,8.709118408867894
5.092873942073476,56.59855226831143,5.398944394828512,34.473456234007536,2,0,6.7689592607454685
11.088827318500003,122.46965884712003,5.432607924061723,71.8865264525725,19,1,6.482788881800051
1.6145348683573162,29.758704162261807,3.2552523649294622,11.869292850113263,1,0,7.351524629622582
9.952994245506268,102.93902663846737,5.801294943537144,63.61785628891895,4,0,6.391830912355056
4.420730305305651,53.920837922775675,4.919133836499645,32.09211802857369,22,0,7.25946072531444
3.2959991790609497,41.10102538912818,4.811557591844591,25.88580312597018,17,1,7.853704360856426
5.407879194179679,47.73600234922368,6.797233443995286,36.32554139656171,22,0,6.71715104798526
0.4301957819070051,8.285439145582009,3.115314283393625,8.225152351791197,6,0,19.11955602012206
17.064846977121046,169.28705289207213,6.048252368596893,102.38110592878684,17,1,5.999532610286507
8.58560257821024,83.74715230094174,6.151088610649054,53.736212060708716,14,0,6.258874851380623
8.926719056489462,91.6949570646893,5.841140674852036,55.967905840357346,21,0,6.269706202938058
7.120773963256061,68.7223069375812,6.216997898272264,48.91554757146053,5,0,6.869414451837661
11.04555369170897,107.09809757708605,6.188095180920673,69.06720279087013,0,0,6.252941655855013
7.260826088461856,77.32186560308405,5.634235049940842,55.42913433594729,9,1,7.63399834407678
3.5006273771095975,49.04881021347815,4.28221687156969,35.249026484955046,12,0,10.069345488024922
1.686189970924427,33.92167395618194,2.9825001674785563,22.8756773847262,13,0,13.566488817499591
11.372540721393118,109.94504308960549,6.2063047510697515,63.210569380014846,20,0,5.55817481146567
9.116156132370076,95.88562462286524,5.704393855632998,61.515626007538415,16,1,6.747978546473753
6.868111538395629,65.260431572526,6.314495359194379,42.7079125345554,21,0,6.218290471230734
9.329191917515574,96.30119085354352,5.812508756015427,61.91383306712238,17,1,6.636569770944368
10.479485915325208,112.03528076235442,5.612242417218885,73.35958181269156,8,1,7.000303488686449
7.56185511050448,79.65441163595099,5.695997212356434,52.44054214536607,19,1,6.934877933923751
5.880296364035412,72.81679072210163,4.845280578055415,43.11679074909637,7,1,7.332417973489187
0.6609175836656529,22.969774068155942,1.7264016138023233,15.120237019355281,19,1,22.87764373810995
6.044982565831422,67.8527903826507,5.345380078025855,40.95357742120248,16,1,6.774804885739114
18.027630946354687,172.75044983329835,6.2613895235877255,105.93840267101497,5,0,5.876446161243192
18.670352566061318,176.8271943553985,6.335118068503579,106.37078898505554,1,0,5.697310139628254
1.3619068536065344,15.509360481923254,5.2687157095634785,12.388152609545878,21,0,9.096182001537173
1.6382683853235804,18.97347160907737,5.18071258358368,17.111502170009622,18,1,10.444871135464087
11.24219523617676,119.14936505925044,5.661227937179316,69.457981648401,1,0,6.1783290708997
8.489346048918538,97.48625927777422,5.224949307817382,62.941587989098764,5,0,7.414185689499243
5.295308221972921,53.17155406750819,5.975347136083148,37.075746116949375,11,0,7.001621919400893
5.9476466336076035,65.93794125102453,5.412040340445288,41.62249304080574,12,0,6.998144914261527
8.056434102317022,75.06106641782594,6.439903790445268,46.548989136328935,9,1,5.7778650635200375
6.827245878494836,67.58451150819812,6.061074402527875,42.394118439819835,4,0,6.209549091143356
5.661542047436896,64.5128544421763,5.265501360673547,41.34532866655624,16,1,7.302838753140441
4.995677933420661,53.84891918904337,5.56632668806151,43.32212273112994,17,1,8.671920669927221
14.707800118772097,132.87303991668088,6.641437628579015,81.26454874477986,15,0,5.525268774971926
4.1104050071296205,59.30683366860444,4.158446593285825,36.21943190795439,22,0,8.811645530095136
10.781800336921588,108.74132320364316,5.9490541512338515,69.45063322583806,9,1,6.441469054848734
8.910186217468132,85.56524266847416,6.247994587235142,53.011788658688914,12,0,5.949571351804187
5.683043015808852,63.91559238810754,5.334888846496494,39.625626152742775,7,1,6.97260711251241
7.427520302756466,78.36247957018134,5.687048452394405,46.747188853257995,22,0,6.293781362793368
10.066996786037405,105.13392456628884,5.7452416967598205,59.622082447872984,10,0,5.922529202608553
16.052660503547738,154.4348157360939,6.236674195660392,95.70827839360557,9,1,5.962144304519082
4.324478965980696,52.8058616043858,4.913635154800534,38.38832699994654,17,1,8.876983169980784
4.826749091830648,61.10255766703651,4.739653405148283,36.57070853080002,6,0,7.576674866463753
7.12689913871731,68.23298741078503,6.266967995240513,50.15083152504766,8,1,7.036837557108145
8.862843123946043,87.60606379360473,6.070020320620569,53.731374319881205,20,0,6.0625437648453095
5.138296014676151,63.28023590334683,4.871943924979324,36.041722343586414,0,0,7.01433359242889
8.27993294250411,83.21108571294371,5.970309992878373,50.33048967063355,0,0,6.078610783460286
3.8389022357147495,46.06008515218526,5.000731834990042,30.807094697002015,20,0,8.024975059378184
8.5247732888963,85.9006046037766,5.9543981057298705,59.3841434479623,6,0,6.966067182726304
3.4074124021734473,40.218561468511346,5.0833430303188365,27.489439628704755,18,1,8.067541108663683
7.987545852364057,80.93030248580223,5.92179611865308,47.919938644434275,16,1,5.999331901206115
14.111828685485,131.45432995126305,6.441094191747197,77.38430045160926,4,0,5.483647950687243
9.243858131988343,97.94990490686982,5.662399452522602,60.19404816453389,4,0,6.511788401017597
1.7398605721636282,34.032564291539586,3.0674043082839106,19.152623591052617,23,0,11.008137029759288
15.694120560057337,152.188141159931,6.187389020106927,91.25307941055323,21,0,5.814475494905962
13.274669374862807,137.16880195352613,5.806569359420535,80.70796342281476,6,0,6.079847350145312
5.9862527694392575,62.9297782736743,5.707554928993145,44.66992486884492,11,0,7.462084644486075
7.282857176953801,74.24501959238724,5.885531891785415,48.56920868098238,20,0,6.668977229798897
9.364901390574696,98.74829393287172,5.690164974561006,59.55492547676671,5,0,6.359375608237131
11.34421816511912,116.6622113754184,5.834392147057877,69.90378733434808,15,0,6.162063027779761
1.597246737228556,25.698668259171832,3.729173950463756,17.36591771341229,8,1,10.872407692968315
2.431184819235293,37.94019203548859,3.8447641229035505,19.042409263475374,21,0,7.8325634122151975
9.753967656357702,92.063847680929,6.3568716072975295,58.130021739294484,6,0,5.959628305862276
6.992661285183134,73.1101192095883,5.738736055240398,45.58289901818605,10,0,6.51867681833416
9.584872260601031,104.05275730198224,5.526930285634114,65.70450233396356,16,1,6.855021177908059
16.646794452000165,167.5939075727185,5.959689594841806,104.70509713985456,16,1,6.289805370142833
2.789741056737273,42.123823647071774,3.9736293838527654,22.060993259886175,2,0,7.907899984698757
8.015193275390018,90.26117442735257,5.3280006555915875,51.49682748744476,2,0,6.424901523655265
8.703378650465334,88.09516453877177,5.927711489750293,54.81726833306627,20,0,6.298389457080028
3.3117135917948626,31.57423382654782,6.293195160308882,24.339127234576083,18,1,7.349405846833786
2.448551925711587,32.48424898204468,4.5225954161322885,23.143081210267276,3,0,9.451742055068543
7.098565674202221,79.70306545358288,5.343758587305216,46.62575559460532,15,0,6.568334750223383
2.6424850378878717,40.578985775985714,3.9071726225129133,27.518126108282175,6,0,10.413730149358692
2.133881962144195,28.047308708673203,4.564891379009904,20.623066843879396,9,1,9.664577146130734
3.867055571393878,40.99540552199247,5.6597399471792285,29.611252220776503,15,0,7.657312307540267
7.3926580550711245,73.32286632653823,6.0494018513802565,40.61313764164461,15,0,5.49371245620989
5.886601976225348,61.7174053929985,5.722795965327296,41.524316046919,8,1,7.0540383424302
8.058527394938436,73.14390942314314,6.6104156519602215,54.375743217893316,19,1,6.747602949398266
13.730506892120905,132.41168718583899,6.221734886370063,75.86393711303128,12,0,5.525210227785905
0.5622606073374873,17.347605789575113,1.9446854424443036,13.278004646017195,19,1,23.615391995703693
6.043510939046991,65.80429252441758,5.510440769624076,42.35171075808854,13,0,7.0077991394795145
12.864943980155124,125.80287225313546,6.1357632380294795,82.2945741117654,8,1,6.396807808779367
3.2883321954455638,37.45942964763886,5.2670297861614666,24.4554999675595,6,0,7.437052741031178
7.38114472494008,74.9934595237448,5.905430771015191,45.7404350985582,0,0,6.1969297179618055
1.527694528119568,22.418502738504895,4.08866161832211,15.420031469476909,12,0,10.093661517828012
2.777072503455709,41.226533520225445,4.041677433917596,24.353189432429463,13,0,8.769374729008716
6.660392249899131,71.93795663723519,5.555113790750934,48.0399041730458,22,0,7.212774018493182
4.291151557394214,69.62140807660735,3.698131085776788,37.826523923828496,6,0,8.815005347142415
6.034648276904409,64.31781337565869,5.629527460759333,39.51247394073611,0,0,6.54760180339869
4.972969637795061,59.38396563368888,5.024557977624046,36.06675080805171,21,0,7.2525580156252785
11.635536133856155,114.85962250009858,6.07813392413657,69.24656158510486,14,0,5.951299603944913
3.3198758885159223,39.87287257739483,4.995691066007714,21.59128673173165,1,0,6.503642743519415
9.957964810237126,110.99591269934201,5.38288189253089,73.13977027364187,7,1,7.344851248967229
4.406776583429085,57.6462795015517,4.586707022412919,40.9525314786978,23,0,9.293080940997248
4.977521183228868,46.2695517835097,6.454596154099127,33.75535998283319,20,0,6.781560286788459
12.52903704017688,118.62617743094687,6.337068585457937,73.96178817276585,13,0,5.90323006752973
8.199660450503202,84.97949441378984,5.789392257791044,50.74434217811764,2,0,6.1885906720690524
14.85777874546672,142.61733216808656,6.25076006664698,86.62905197491868,15,0,5.830552026584069
15.732291022039245,144.54065650557968,6.530601729250594,92.27299964947119,1,0,5.865197860896843
6.746655881448438,73.41473283890981,5.513870816299731,46.0898785473163,9,1,6.831514658106628
8.729086737809578,79.29302981352816,6.605185922397665,50.56954225230227,9,1,5.793222563966855
2.7673917027199693,37.66704189278373,4.4081906573876415,34.69042149141445,18,1,12.535421515255136
8.874759477516532,96.2526952777636,5.532162679853883,57.17668895775662,16,1,6.442618428432795
5.073770341969283,62.90034839348977,4.839817716330253,38.533778329023114,11,0,7.594702899790099
2.419248871375768,32.90735542564879,4.4110178531517255,20.97819115676833,0,0,8.67136548247661
3.403138556971841,51.693141528729114,3.950007822697915,29.89704894330742,0,0,8.785140082544928
3.496471256837889,45.457997590203306,4.614991564333335,30.518651628613075,19,1,8.728414846519657
9.323037307925194,100.98228754128735,5.539409455809803,61.110985045016804,15,0,6.554836479423766
4.725169349513096,50.10894176483297,5.657875640266593,38.61014874248558,8,1,8.171167187153653
15.975471222982423,164.9090497878595,5.812466172184031,98.56966647351767,18,1,6.170063161061232
1.3152785271933265,23.81976067367216,3.3130774365346904,13.58411195983692,22,0,10.32793562655057
10.774270474196147,118.42906072879168,5.45859457529757,68.92716218602263,0,0,6.397385544673287
11.530417442872105,123.92267670956514,5.5827154879307646,73.32370902702789,21,0,6.35915476523838
2.4387797103596855,35.49484544426668,4.122479779531386,23.102062387803958,5,0,9.472795878065071
3.6907998874579495,47.6513205737293,4.647258262335833,29.002118462174046,18,1,7.857949318988776
2.154103141134557,30.30731069263594,4.264521843552342,16.354116477853005,14,0,7.592076797789432
8.561933821751058,84.14230718912708,6.105323783793823,56.056037219104546,17,1,6.547123393630734
0.9166562677174112,23.82109553778965,2.3088516636774314,12.796000173726005,2,0,13.959431276883807
0.3881150109422474,18.75728781984643,1.2414854898103014,8.94858344255906,14,0,23.05652497396097
7.306598265553253,68.04734904996111,6.442512486582249,44.6908218476555,23,0,6.116501855363951
5.141416384178862,57.77607286625233,5.3393207213105915,40.34753201925565,19,1,7.847551920403268
0.5094104568839302,21.792780280407037,1.4025116125506558,20.299504286966783,19,1,39.849013722920205
3.2722089997628645,50.24430356407049,3.907558191853783,29.375346312144423,4,0,8.977221905530252
5.79597187234948,68.51564588825208,5.075604379591736,41.10645067858524,6,0,7.092244680256212
10.64375313721812,98.69017785274487,6.471010612484423,69.38289176335725,19,1,6.518649095754146
6.648282538581537,65.50787598313028,6.089297604727972,43.50754293765114,9,1,6.544177791056066
5.47374789814436,59.18774851389881,5.548865806435245,41.1173829125772,13,0,7.511742169659711
7.28707608111976,85.97655633617882,5.085392850087926,47.66954676953683,4,0,6.5416562471530755
4.528113317313324,49.11056197469051,5.532146001074377,34.6197772942467,18,1,7.645519197118444
15.843139366560536,160.93985381140357,5.906482076885528,99.1751123746039,10,0,6.259814426926568
12.043963066964226,116.65687201704395,6.194558207529118,70.90257956600529,11,0,5.8869808195017015
2.360475258281276,36.439984270342514,3.8866239470949515,20.57194298993667,22,0,8.715169929345347
9.678140134230308,93.46309029715478,6.21302383868957,55.902068200065344,15,0,5.776116839055376
15.082186678977678,146.57679975861416,6.173768305959203,90.08185565135011,10,0,5.972731777475663
2.6190451304760605,28.78173704633155,5.459806250595728,22.12495807268845,8,1,8.447719290987102
6.5279671415765765,79.41030141987792,4.9323327262494185,48.92832231797112,14,0,7.495185140615519
2.2760150589769395,28.315021569259606,4.8229136327720346,17.810336248633227,10,0,7.825227771840362
5.796119306841551,54.88219496300963,6.336611694282393,36.08284197801544,5,0,6.225344936468858
4.997136723282659,47.21632868254506,6.350095650443912,32.74615526187916,8,1,6.552983653480657
13.790092386934417,135.5982346324148,6.101890230791201,87.92774976096177,6,0,6.376153784456871
14.107833747672775,136.22209484038885,6.2138966946013685,93.96315104444784,17,1,6.6603528738030375
2.5573418857365025,38.90841921462006,3.9436326697779074,26.900175915075366,12,0,10.518803162420436
13.583732470773048,132.84289367908218,6.135246874516998,79.30932772689377,4,0,5.838551951574197
6.783902878478218,80.05092317211536,5.084690551707189,44.78255190459512,3,0,6.60129614276566
8.159147896224942,83.11983393714888,5.889675791985692,50.23507610242439,22,0,6.1569022576079355
3.7130069058592703,51.575953898962226,4.319462802141966,25.79944801083045,21,0,6.9483975292687745
6.810138483084473,67.57590429408181,6.046656914968634,51.832550021348474,19,1,7.611086052081614
7.482987290839644,70.32688614041074,6.384176267295153,44.408651573018375,17,1,5.934615394493796
9.966349396947383,96.7571142130136,6.180227352588984,57.678345420886686,20,0,5.787309186506458
5.848132866559932,57.86073921340521,6.064353424511762,36.78477968532375,15,0,6.29000409612133
10.606115728317128,100.01125502486944,6.362953285015617,64.5922615411225,21,0,6.090095865036478
2.9419477106508256,40.95944246791673,4.309552376776468,22.59957475345291,22,0,7.681841071353838
6.686728787093231,70.59465947142913,5.683202245461187,42.545590740664174,10,0,6.362691249387288
10.267028973985548,105.25391332153652,5.8527205212529205,63.513379788478666,5,0,6.186149854004305
2.7836091045583813,40.21777834532564,4.152803887858579,22.35700834543003,21,0,8.031662315236234
9.514123271814599,87.51292915115773,6.5230063928368,57.31962377417977,19,1,6.024687944078674
7.751126880979981,85.17972473339238,5.4598393492633805,47.18438891930512,10,0,6.087423111997821
5.166278885608245,51.26528095117967,6.046523639101636,36.753280383456456,21,0,7.114072081133761
11.688483069837904,113.73542757779683,6.1661436469350575,71.4829732274411,2,0,6.115675815273471
3.795703857829704,34.808581187441746,6.542703658141264,28.164880640314536,19,1,7.420199703466477
4.195084753643098,53.683243383136215,4.688708605442704,35.630792504821926,1,0,8.493461895824492
1.6388546506080441,16.615314051759096,5.918111371844465,10.894690606327941,2,0,6.6477467066928835
9.837073783231833,93.33301105337466,6.323854982631776,57.38339189007076,1,0,5.833380246459659
9.51522018520758,90.87149445088528,6.282643578851068,58.311187108833096,1,0,6.128201552233549
4.082019108764929,47.96561195950518,5.106182044183439,28.874868116805114,4,0,7.073672941609918
7.0466659867069765,74.4643784620187,5.677882068378129,46.74512565390377,8,1,6.633651395154113
4.958022434266548,61.49359021727946,4.837599252294131,37.53719742370648,8,1,7.571001930986512
5.158134458761839,57.79579318599292,5.354854574445328,34.7941120784051,10,0,6.745483731875631
4.4796910338064855,58.111841712076476,4.625244255036792,34.768020208521484,23,0,7.761254056617021
3.641950647567609,47.053502227329915,4.644012209725296,25.903727554062172,12,0,7.112597083478545
4.602275291837633,47.7476017852154,5.783254177925247,32.25196635865228,5,0,7.007830760548543
17.459206178686838,165.12968877799537,6.343816054359351,101.9561409244488,3,0,5.839677925844693
6.001520001481077,75.07718032356406,4.7962802883241045,47.3798291886799,21,0,7.894638221148531
6.630398440680827,79.03817007863756,5.033313727342651,46.3428953170445,6,0,6.9894585870899615
11.8288264518001,123.40390979349084,5.751273102251758,78.1608564484013,19,1,6.60765941295105
10.319907435966963,110.61210217018889,5.597890592525934,69.37092257561362,18,1,6.722048914299554
4.95429787083654,59.379433899816924,5.006074540079253,35.5631345193397,20,0,7.178239065656909
4.809993228341175,57.300579101495096,5.0365912216922135,31.703033896985318,3,0,6.591076617361218
10.782864110175312,109.3440661959838,5.916844590825011,69.78322672305777,18,1,6.471678211840435
2.4184738382920745,43.9593599433418,3.3009677685150867,27.1858856478715,18,1,11.240926082156905
6.912216775217122,71.4220002785716,5.806796293794893,47.27928401461217,23,0,6.839959676051547
7.884217647385221,84.3997589786306,5.604910068083095,59.365610198914055,16,1,7.5296767357256424
3.9652969116322376,37.4380496405383,6.354973535809259,27.43861108755879,2,0,6.919686393991672
6.5852338337681635,62.68280166511456,6.303388162785109,38.769880104022896,10,0,5.88739611723677
11.282035507350413,124.42929297795914,5.440215195636704,77.35990966978446,11,0,6.856910671782883
3.98277588542398,51.54566455352437,4.636016533986073,26.45588533264301,11,0,6.6425744490081176
9.092068467455677,92.55242514415116,5.894217328154096,59.50490727082251,8,1,6.544705144249134
4.741867454253999,55.14675461119819,5.159180250245704,38.16901039793471,19,1,8.049362569949679
2.2073057119689357,23.71701862757713,5.584105860765422,19.44087813760329,6,0,8.807514986341362
4.735514993086025,52.050914957848946,5.4587109528286275,31.426098145887504,10,0,6.636257765368798
8.74219696434034,81.93095200562664,6.402120383324705,47.78118014604938,10,0,5.465580373097302
7.561035661110089,78.2774882753381,5.7955633179090515,46.45619024257582,15,0,6.144157007686333
7.414004063304239,82.80795969594121,5.371950298396954,48.63791862206992,11,0,6.5602767690409385
2.194799914452163,34.473005428596906,3.8200323189079617,21.21173162575295,23,0,9.664540027580392
6.22426387791372,77.55309142248596,4.815486086045854,40.27808551872714,23,0,6.471140412547507
2.2007747179927737,33.575372777684706,3.932837438735121,19.88398248288855,11,0,9.034992232655155
3.6892408781869945,30.33227333405002,7.297654556037988,25.15763612433205,6,0,6.819190439171129
1.139081771411619,33.95573805174465,2.0127645636960487,23.28351437802393,18,1,20.440599579755887
10.323653758685337,99.8687236486715,6.20233445357905,61.49624146690441,21,0,5.956829132822024
7.032646452898034,76.26643769573911,5.532693015730775,47.69046476105451,21,0,6.781297066540588
5.020241962563362,57.79314694258099,5.211941790487137,34.45307829441193,4,0,6.862832220305973
16.414315640656703,161.17423306285576,6.110523498227663,91.92868478484627,1,0,5.600518888350583
10.690044597785324,108.49875422174664,5.911613275819177,68.34751175003579,15,0,6.393566567925776
10.586831568785001,107.67554203768853,5.899295997086918,74.6779067530678,7,1,7.053848572905767
4.721051389305953,46.55963941561731,6.083876226570247,35.18217729200366,7,1,7.4521911309200615
6.37586242914256,84.90465837340919,4.505662622963486,52.42976528254198,0,0,8.223164452686104
10.363506417980815,109.18017560003763,5.695268226685602,63.16966128279069,23,0,6.095394621765325
8.367737389832284,87.62092088426076,5.729958534139559,52.70655684768037,0,0,6.2987823819285484
2.0462872255387974,41.46778648865198,2.9607858033591183,23.607653898605886,15,0,11.536823181012565
10.704191252539031,101.90617365551616,6.302380435982319,66.63152213475455,22,0,6.224806766130002
7.196814952653041,81.98167239374251,5.267139405076854,46.310962326592865,1,0,6.434924703673358
3.7010816071527874,41.978738868202015,5.289937297220155,27.321230004721784,14,0,7.381958277256087
2.7867286537828746,39.49455499798686,4.233589142490535,23.844738565983885,22,0,8.556534032696577
5.904792902815413,67.68985172405506,5.233983605300483,49.53388707716301,9,1,8.388759418394706
6.856085057129048,59.68587486161843,6.892168446579563,50.019517583587124,7,1,7.2956384243769214
8.585781461118511,80.68204740949875,6.384901030739858,59.84011752401067,16,1,6.969676295046882
2.185019960126993,41.183814881620776,3.183318446444516,20.416785695123025,22,0,9.34398132177081
8.784599292570345,89.5484017909474,5.885933718668598,59.14206896560985,13,0,6.732472022443846
1.7587037891682777,39.83781517893095,2.648795544538403,22.086341449657628,0,0,12.558306626554009
3.695161409220169,53.117205338996044,4.1739711857627,34.338765529134506,16,1,9.29290001877926
3.184148766029584,39.33569014154697,4.8568850647922455,25.988815534366367,5,0,8.161935086585997
4.6604661525018445,52.093109372964506,5.367849462547788,36.86953164786444,23,0,7.911125291205481
8.816422763549703,101.2383033682544,5.225150444183141,57.348681760798854,6,0,6.5047563279178435
2.651066299370368,48.47771629978037,3.2811772109599713,33.3169212976814,15,0,12.567366310527282
12.33757243594162,121.31854259523068,6.1017411709790705,76.3594011223343,16,1,6.189175505862507
7.704262615082696,90.56735328268954,5.103999842659798,52.71093179022916,10,0,6.841788036539221
5.425593119704692,67.01044946245733,4.857982445926782,39.98064960755712,19,1,7.368899348967992
11.038788472281018,118.56438003944814,5.586225037540743,73.48250101737855,21,0,6.656754153945155
6.70198273226233,72.92472015603637,5.514165334818282,49.26609901435897,15,0,7.350973731579377
7.251534730513738,73.22930498519786,5.941502297731369,47.40999676440168,18,1,6.537925904830204
8.686802043262775,83.85497085145711,6.215590051531331,52.458414746941976,1,0,6.038863840304403
4.616304068969895,45.721138284610106,6.057990997818739,29.394997179036274,5,0,6.3676475249161
12.686813464688035,137.64665446550094,5.530165704623555,77.00979589279706,10,0,6.070066065615532
7.339961578132599,78.12532284579513,5.637067197241786,47.58913294140742,3,0,6.483567037079074
4.089845442249057,41.93995532027685,5.851001143444318,24.27344309467016,11,0,5.9350514432452215
12.093214900047533,126.85349865676977,5.719928119334763,79.70998919923693,1,0,6.591298497384978
4.334745360195814,48.13947503097171,5.402732818428472,29.198864634784883,8,1,6.73600458816014
6.983016509293292,70.94129554944804,5.9060239499792635,39.383466012285695,1,0,5.639893011834144
1.3943214894959768,36.95695362499696,2.2636954933745703,20.728448417851286,10,0,14.8663336067095
1.669288852599709,19.039382446876832,5.260534654180029,14.12893078147225,9,1,8.464041893928785
20.483749869575984,197.76403312400186,6.21460319533399,118.65008270530838,11,0,5.792400486277001
6.835854809764642,69.97717283474013,5.8612154788605455,43.369539323936394,23,0,6.34442078289688
0.49433921066308656,11.946027126001255,2.4828633257685837,14.062399070351018,13,0,28.446861521440486
6.925881996351332,65.54980901844637,6.339498558479998,45.425247224561055,3,0,6.558767135866857
3.1591642474507635,40.78997942360506,4.64697108273984,29.46462783945858,15,0,9.32671603359483
0.8225076430044688,14.159162803123223,3.4854079486523326,8.952603359225385,23,0,10.884523001540966
1.0949104020377518,25.402461073079827,2.586151945406769,16.68930259265954,5,0,15.242619452330405
7.446868081357524,78.73977131617646,5.674541307559747,46.47600005290494,1,0,6.241012939285561
4.599808174316288,51.522521519186924,5.356657289302107,31.15567308659555,21,0,6.773254863226227
12.718579278004057,121.25594655791416,6.293421298853705,75.40988489026623,4,0,5.929112304287212
13.28765287214428,140.17311162036304,5.687675497194559,83.05037582011282,19,1,6.250191558978517
4.530000722199099,57.18408892203938,4.75307115065693,29.897967170700507,10,0,6.599991700704734
8.017220084609304,80.06692543848825,6.007889055838843,49.539403788327846,18,1,6.179124841967214
4.60681251946277,45.30608240493284,6.100919269454897,34.103654715876644,17,1,7.4028744542557785
5.634392771027242,51.381599826684266,6.579467502023288,36.544427027021335,19,1,6.485956608303451
4.9903699297501225,63.73744973060922,4.6977435879618055,44.87122555648977,18,1,8.991562987943974
14.655553512010506,149.3550192182802,5.887537059839265,88.60791945888155,12,0,6.046030222349887
2.215687099754065,38.22060567499504,3.478260577964039,25.328234378109045,5,0,11.431322762550908
5.884575950150596,64.23945406091974,5.496225990249032,34.77954822925956,22,0,5.910289632402399
9.448897154054059,101.8761465427825,5.564932012864875,59.688613894363314,4,0,6.31699265228576
6.166067863093211,73.6577751472239,5.022742962927198,45.40569617310774,8,1,7.363800915147559
10.982996387335984,110.42819515038494,5.967495731889284,66.27190680909501,6,0,6.034046126566178
5.629620264015505,60.51769368257787,5.58146213589384,38.66536930259993,10,0,6.8682020259428
8.211549166164465,80.04624041925122,6.155104192143603,51.23134247682429,5,0,6.2389375549162
9.87087165825338,103.3947382194575,5.728070012983976,63.4717442862536,19,1,6.430206620423705
6.155933752977059,70.75868677907243,5.21993895013699,38.42957772156632,10,0,6.242688642154648
6.317733680270101,66.42039466347742,5.7070425843862385,50.663055116124774,20,0,8.01918182691721
2.8171720176313033,35.622098351306704,4.745097253701725,22.153040569416444,0,0,7.863573978007515
2.9390827764876524,37.14797499527022,4.747095006166873,23.14273166204079,10,0,7.8741340145912755
6.448800120540745,74.78664748005849,5.173757886869006,46.38726517325351,14,0,7.19316218617175
7.02853137549983,67.01082831417733,6.293190117764433,41.62999625086834,20,0,5.923000699119429
6.856147184057022,67.07380376264013,6.133077415725039,52.14278299359611,17,1,7.60526015468959
9.274626416446571,88.95716606124836,6.255567815679414,54.42606923083636,15,0,5.868276174911298
7.92733473329931,82.45482111170612,5.768493310458858,58.457529989805465,20,0,7.3741720207992
5.323574313119063,61.80383202506499,5.168198286760002,40.25384659730662,9,1,7.561432268937754
3.918638061615794,40.85448808873937,5.755017250155014,25.069163415634364,22,0,6.397417424485857
7.534756949687964,85.26684778962702,5.302006919461557,54.28060731395202,21,0,7.204028965552756
2.3900506879081695,42.286352904189926,3.391236922214712,24.763128346921057,21,0,10.360921829902423
4.376504754174734,53.871328505756296,4.874397801836752,35.76553108787402,12,0,8.172167767841996
9.949625071900295,108.28336627881681,5.513104411409518,60.47408305517303,2,0,6.0780263194000925
11.311747635127784,108.31469639063687,6.266045889653962,72.69114452923903,20,0,6.426163920374437
10.689405459116951,102.85649084991525,6.235526044563143,68.28460930155782,9,1,6.3880642906400515
8.026473460516703,87.32600501023676,5.51483384101389,54.99645772632251,19,1,6.851883083754958
7.813549090305891,82.09152551893152,5.710856783995789,55.081971266278906,1,0,7.049545683998834
5.6093846251895725,57.12514068596532,5.891680501262418,38.95167549952343,2,0,6.944019371502277
7.584497629096568,88.81076424192379,5.124039429569224,54.966332359718436,8,1,7.247194876671849
1.6737754641103484,28.856720590411797,3.4801781280714748,20.966365388456502,20,0,12.52639068861045
3.02225592576688,43.4133531680224,4.176948848991043,24.113757042566746,0,0,7.978727690457922
10.65109524496142,103.81434842390006,6.155851521489297,64.37857700654473,3,0,6.044315211339369
10.264135595096972,114.45667109332493,5.380622464580262,67.14519001513538,11,0,6.541728662198272
8.447517692912115,87.09208514355997,5.819714394703593,62.242675872977145,19,1,7.368161646491942
4.59140613520434,59.43699582477993,4.634897243534775,40.141285351838604,3,0,8.742699767737301
0.8034932293735001,15.734472221582939,3.0639473052220345,19.63448475950825,18,1,24.436403496290385
14.814423049360402,146.34169458081055,6.073903855683375,88.00755169281443,11,0,5.940666835257825
5.313796218866465,63.17118215110851,5.047044590195203,41.728760239982556,17,1,7.852909393067411
2.775177598446022,48.949041067417475,3.401714359989735,30.729248699385753,17,1,11.072894475868063
5.526991422222541,59.104560200839465,5.610725876421333,35.829285319976464,22,0,6.482601940708027
10.615908985533796,108.7585567357944,5.856592421315155,69.54375438681282,1,0,6.55089964331641
1.3558654779236505,27.753920865018397,2.9311868788224675,16.844595180032712,14,0,12.42350030611314
5.720920012494936,54.99923982120559,6.2410899107981885,35.55989955223991,10,0,6.215765903836151
0.6190461122455925,4.5253759472802155,8.207664328321414,11.574258276277389,8,1,18.696924263511995
2.8716498689305574,31.869824867747617,5.4063363338466495,23.895908355577365,17,1,8.321316820032985
6.776438213740888,78.79102327210467,5.160312380006897,43.13820373350591,14,0,6.365911172337208
7.207132568957395,87.16263456693717,4.96116204249606,47.49865999197803,10,0,6.590507325557539
7.545360957611555,74.37033570738105,6.087395641697527,53.15116847084196,16,1,7.044218132099367
2.998688017990392,31.687845136228308,5.677927303227124,22.631438653440874,13,0,7.547113443501073
0.6286990267484404,26.86676709237457,1.404037243305422,20.335999369389512,8,1,32.34616009279509
8.33875720682477,83.65625454833693,5.9807295355351595,54.927610234199705,8,1,6.587025964641922
5.8694384761822365,62.594201821665955,5.626180993157702,36.78665246819873,6,0,6.2674909392911005
10.82795125442047,118.20636524608095,5.496125981986979,71.51127160238993,7,1,6.604321530649274
12.527984052069764,132.5200610876093,5.672190587259458,78.2726473880623,11,0,6.247824635052179
7.258837545647628,82.93393099099306,5.251532726528517,46.20975003768666,4,0,6.365998652965288
6.253606377121485,58.01363066587515,6.467727986002423,38.3539749083141,21,0,6.133097063580825
9.172478911810689,87.00157878394255,6.325732732682507,57.36111018820061,13,0,6.253610473210373
5.495484898913803,68.18241261833955,4.835984548985267,39.05881352130554,15,0,7.107437148817498
4.933770419526249,58.31127491249053,5.076654997096708,39.91612760756341,13,0,8.090390150621609
7.61330356639602,75.8533237567589,6.0221252195696735,47.304692761154826,21,0,6.213425269149997
6.915190322931057,72.16935956140551,5.749135393432926,46.653957734140505,19,1,6.746590557230804
11.355633047458978,120.86661001972362,5.637106747151712,75.83380456345589,11,0,6.678078117399631
8.267670430374997,95.57469515611287,5.19028833952574,57.533568691094814,8,1,6.958860924078376
4.5790892339906755,53.17596338175214,5.166720761917068,29.05071348199929,22,0,6.344212134228622
5.028916317538476,53.13873882002596,5.678248783326341,34.068049429645136,14,0,6.7744315630848595
9.528135746818974,96.10026339348913,5.948871778512427,58.44704182014114,18,1,6.134152931191607
4.971390858879823,64.80091116382826,4.603074959527585,37.87035350751827,3,0,7.617657629931635
1.1763203363301935,30.52808326138813,2.3119440410161647,25.67508911916665,8,1,21.826613317989636
5.55808039896403,63.18825197307816,5.277639648584132,38.65746133665556,6,0,6.9551821063727175
8.275276168150825,83.30054821016708,5.96054384703855,49.09346348438583,10,0,5.932546840349879
3.6665057972573707,51.49514124021909,4.272060286410553,30.22042806460872,12,0,8.242296544905038
5.326286696500095,69.67424753054756,4.586733450546303,44.176521704356304,23,0,8.29405629505162
8.961492808734302,83.93239336772164,6.406222281406317,51.41188904918899,2,0,5.736978218526326
6.11284480595639,65.6210131705837,5.589226234650668,44.042790951785335,22,0,7.204958141399206
9.352126030066543,103.10488829831414,5.442298333910978,60.865009254485926,19,1,6.508146816970649
2.0900112681603233,31.252135305885552,4.012547458349297,22.52573540505376,9,1,10.777805722014808
4.900749905084294,53.175230914312486,5.529736105497821,40.94451629636017,6,0,8.35474510827051
14.68940189883626,145.31574574559815,6.065165955746909,87.44277227554389,20,0,5.952779621508713
7.0110906997929465,77.32404210995274,5.440292960750831,49.75755466109537,3,0,7.09697774449913
6.096245940111488,60.10518936704396,6.085576973612295,41.846056868842304,21,0,6.864233707093028
1.8725967913648804,29.398141735441964,3.821867670854799,15.11513699991319,22,0,8.071752055548602
7.6208685856921035,82.79181836940063,5.522914270361332,49.42999049849107,6,0,6.486136054267362
2.7390169113612406,33.706080648930325,4.875708225865467,26.583465228251363,13,0,9.705476851196174
5.728420282452811,58.87885340638937,5.8374984746199345,36.208738710717796,12,0,6.320894230060549
6.193159877545431,64.51111335836265,5.760086492206792,50.051462821404186,18,1,8.08173271981497
4.969493235955345,50.89996344117266,5.857953012126001,39.673207857343,18,1,7.983350811366211
3.2206935565204065,46.08996531764364,4.192704682232638,23.616957964504,23,0,7.332879564617579
2.2782674384664805,26.60256625600242,5.138453372976589,20.85603899381821,1,0,9.154341865964854
10.909497662353282,111.31973875839641,5.880087997348316,66.66588943450648,19,1,6.110812018830024
4.202122969527448,47.573912920670914,5.299698147429392,32.99065631889749,19,1,7.850949759951331
3.3630862634400724,38.03067024659176,5.305853788482414,28.066909036460043,17,1,8.345581063909624
7.220861838963777,85.21572229892689,5.084175767683218,49.13480188940013,5,0,6.804561974066405
11.627104667523326,115.85924113595496,6.021326164503101,74.08061338288482,17,1,6.371372366656834
2.4672571001465755,30.18891734071957,4.903634812008333,19.732050122776528,11,0,7.997565442857285
8.13576904291211,80.63120918926055,6.054059556876196,48.985038507687754,6,0,6.020947528047588
12.784615167182265,129.09592487715537,5.9419142065163415,75.22503751777245,9,1,5.88402830543331
7.56582921217044,85.05199007278341,5.337320765119758,49.03448288409173,9,1,6.481045435867697
6.494981522280292,78.07936267957965,4.991061376052148,53.209676234964356,17,1,8.192429193591181
6.126692825666744,66.13429788588769,5.558410405661033,41.68244180621872,4,0,6.80341629526409
6.855878866533518,72.33652362656264,5.686653316595914,46.4997510514899,5,0,6.7824639199031225
6.839708460118127,74.34310226730261,5.520115452426862,52.186078521251,8,1,7.6298688497535325
3.6789145676959714,46.1129790968522,4.786827448257974,27.104142864684423,11,0,7.367429269133366
5.889192102709907,60.370388836325915,5.85306029948869,37.400383070815,22,0,6.350681454864624
6.554909992660954,79.76866181356507,4.930439982544316,42.636598260006075,6,0,6.504528408131173
4.826547817278022,55.57226089653474,5.211104683609141,33.08639907520501,21,0,6.8550857316201625
1.6080971084789906,29.681314029606217,3.2507262452227597,21.891496500388875,1,0,13.613292620801253
3.8731998761615865,49.40552627198728,4.7037651474519455,33.628441232961464,12,0,8.682340779760604
6.194587576007607,70.17488605643345,5.2964140798399235,43.889524328586305,20,0,7.085140663532756
11.373336690953538,108.33544962523345,6.29895573256815,70.46743292042056,7,1,6.1958451451165635
3.083709770441981,39.714985038546594,4.658760063662105,26.122975183537616,5,0,8.471282036309619
12.77164843725895,140.62930167789338,5.4490699810962475,78.47616568229942,14,0,6.144560435390591
1.8848350732437402,38.4865279669156,2.938433534244521,21.27202592843959,5,0,11.285881842081345
5.071213432159307,58.58296685344986,5.193878396270405,35.945288533950716,0,0,7.08810406322128
8.604549423054099,87.23975810139632,5.917863329964721,56.79732558007505,1,0,6.600848317274863
5.792189518824102,50.823028124676775,6.838068961119314,39.36164193417405,11,0,6.795641234847756
4.076306076010338,45.70273760276548,5.35150359452036,28.233726333294303,12,0,6.926301854380843
8.131478863463895,84.71279512574054,5.759327514617512,58.30924375390612,0,0,7.170804318990408
5.394090460086516,58.64291537942178,5.518917767153856,40.472765894382675,6,0,7.503167808152319
6.460583060798297,68.65915302291957,5.645787438107469,45.28136357509184,18,1,7.008866405549576
7.350599977335176,81.88998789516346,5.385713320714251,49.31091574245183,13,0,6.708420522746034
6.764595381330559,66.8792240856315,6.068786359724422,45.84689438027898,14,0,6.777477704994848
10.745783109473013,110.34795828203104,5.842853792731848,66.97699849215735,17,1,6.232863422779616
1.1637501515760966,21.812198177382417,3.201190844074074,13.631387762419427,21,0,11.713328452811018
1.131742390144767,16.891860424261118,4.0199564585057415,11.03635030307625,1,0,9.751645249997692
4.08652926647601,58.82339203753009,4.16826958622388,30.08191567148883,11,0,7.361238280676688
9.675428052007355,103.56571177992123,5.605384959397252,62.476960624167056,4,0,6.4572812994258175
3.144652095133923,35.58347011509725,5.302437482846373,26.513147347713144,16,1,8.431186199815217
13.08844622845453,132.899522563452,5.909026297158684,79.82385153078022,9,1,6.098802725509286
1.915571386489913,20.903369091439604,5.498361660583362,13.350849083719945,3,0,6.969643197784447
7.259287484829249,73.3527122988649,5.93784790554357,51.1211111650951,21,0,7.0421665035211864
6.0750259384478555,74.6406522112768,4.883418693544079,46.49346425094248,12,0,7.653212467241148
1.9914972961440256,32.03256491690381,3.7302613162140474,21.134243813313063,2,0,10.612238266270099
14.04279474522222,140.01233660497536,6.017810324032492,90.79974010093471,5,0,6.465930874039692
9.329691982933985,101.88903633076869,5.494030949108064,61.577541326697514,17,1,6.600168734330789
10.358201282433452,108.89148020135937,5.707444474046635,65.23097682534366,11,0,6.297519718599149
9.238791681107616,93.55281581451297,5.925289324968276,56.30402710192051,22,0,6.094306381759477
3.8035766297306752,51.850617534260216,4.401386302353064,28.563436462478666,1,0,7.509625608489763
1.8526081239515304,18.539739687533064,5.995579728222308,19.45597091131193,1,0,10.501935438895309
4.246063814989878,46.209726309708664,5.513207916270796,29.779237347527587,16,1,7.0133748914460385
5.806133828981953,63.6734986833995,5.471162052380533,44.5689424606127,7,1,7.676182425927205
5.973185178811118,69.04504065288386,5.190685780466666,39.91658048488337,20,0,6.682628997754968
9.881100202520107,98.97990633896012,5.989761296812266,66.70442363027544,18,1,6.750708146170092
8.353888351822494,76.48063126264384,6.55372860859442,48.587822178044945,0,0,5.81619242821757
3.71383155485775,33.877614176128574,6.5774966363622855,19.395028374475558,22,0,5.222376967826276
12.881967977493478,127.52915550204851,6.06071666990058,79.61083422119164,22,0,6.180021124123458
0.6360648675116081,14.857930519660147,2.568587327837997,13.241365884176613,5,0,20.817634427725974
4.827056249255902,49.983643043710245,5.794363061973716,31.596099045770227,14,0,6.545624789568345
3.879494235312887,40.451820390515515,5.754244231079135,27.315803581754242,15,0,7.041073378357831
10.924341973009646,111.12173404480131,5.898580723338196,67.25846943775841,0,0,6.15675247112653
9.40841480596546,104.48930090110585,5.402513783609335,68.05321731382321,17,1,7.233228840067051
12.061833987940009,121.35966886068353,5.963348829726894,70.74604957898276,23,0,5.865281320379472
8.927709552553036,100.2430014816713,5.3436406056848185,59.62625458658174,9,1,6.6787852175959905
10.645149017460193,105.56239112698408,6.050534989106962,67.78298078490818,23,0,6.367499475463463
12.741870874583988,129.33749170658194,5.910987157609563,78.23369566003021,16,1,6.139890792338961
11.784290262533828,126.17084785183665,5.603968173237073,79.5285778831418,17,1,6.748694754743912
7.41483216743784,77.78624206298784,5.719390964870347,46.20718977941774,13,0,6.231724297460992
4.840482842507304,55.72017940771164,5.212276299854179,35.5127579553482,16,1,7.336614778073065
0.5693954332705585,14.877656473156842,2.2963109853943564,10.112712947929975,22,0,17.760439155339583
2.8795343522541352,41.470846605522624,4.166108851808207,23.99758225522858,14,0,8.333841281123448
12.135120018360697,126.62971277199543,5.749892226421168,72.64056561727939,12,0,5.985978342807707
9.287639275381478,97.69643425487747,5.703978459122398,63.098132637843996,4,0,6.793775120562304
4.244318678931881,48.822216280699614,5.216049989860552,26.980961894326803,12,0,6.356959487574763
6.940800200412155,65.46886041975671,6.361009025583355,42.412688860956536,20,0,6.1106338802891935
8.53885453648902,88.55911207519468,5.785189803555457,56.23075592415149,16,1,6.585280927770937
6.718571606630763,71.31542178522434,5.652554332664215,52.198096182407696,17,1,7.769225251821652
1.906650568572538,30.575831680469378,3.7414856056859387,17.402478605564713,3,0,9.127251155723577
9.440098945537125,97.66164390878723,5.799676454977884,64.9263846953544,20,0,6.877722899933037
1.371460658947456,33.77759483459691,2.436160417572531,19.200700917736295,12,0,14.000183521466889
5.689383705909011,59.02599402109964,5.7832659663895845,36.930780961700144,10,0,6.491174241481327
7.116462086945039,66.59658046806781,6.411556302375575,46.41922608548496,1,0,6.522795388826675
4.328471926962812,44.10103493139528,5.888939251012538,34.39963497668595,21,0,7.947293076432952
0.6563661492806334,14.10555742469056,2.7919470157133435,8.95320866934579,15,0,13.640570402904476
10.193581267648918,110.23427443834221,5.548318607576378,70.08043626849158,7,1,6.874957331326125
7.076010908184766,67.90064269232793,6.252675050733457,48.852875782227606,12,0,6.90401363368729
5.407535371600699,53.68500517226113,6.043626544413287,37.74399319913762,21,0,6.97988836048333
3.4821227714826293,45.82254221191246,4.5594887625995355,23.488622417049395,20,0,6.745489449542968
4.546232140678384,58.01192581925107,4.7020319458207664,35.70467966921379,7,1,7.853685989709705
3.83237722200063,37.19596256193695,6.1819245284255855,31.853592852639814,19,1,8.31170602668679
12.806155727225416,116.62307317736065,6.588484788640297,68.71482704568113,0,0,5.365765379503854
4.442919100038397,47.26705230333846,5.639766666462417,30.14967762698739,10,0,6.786006440388894
4.763742092096579,58.81785162569129,4.859485983009762,38.82302549746826,13,0,8.149690883114495
5.045242489981476,58.2665426872826,5.195340849783417,30.994997807024447,15,0,6.143410920004808
1.1829877952652892,18.147046951712998,3.9113398397427543,10.921532456126666,0,0,9.232159875053888
9.344786992394464,100.53966508077156,5.576776281214215,69.52018580942685,7,1,7.439461794689161
5.591593869340838,63.070176766460875,5.31940212253945,39.693529465760086,6,0,7.0987862125328745
8.806480272000236,90.61274923826673,5.831285561489949,55.665270185531256,9,1,6.320944175906031
8.654407478899515,80.20357374391757,6.4743305627743375,51.62919313178828,16,1,5.965653137741255
7.806520595112998,77.63557413659886,6.033203733157832,49.56848649027626,1,0,6.3496260448357615
4.0989961108727675,60.63253035993676,4.056234585500194,37.30802418724205,17,1,9.10174666628272
5.023704910219692,55.19558543864237,5.460985551974164,40.0577758056034,2,0,7.973751747264078
5.871518441915043,59.10290428511453,5.960639511307899,38.43984713051767,12,0,6.5468323928111865
4.929989949039197,54.07640132316722,5.470027400207686,44.05671150639896,19,1,8.936470857305732
4.455571353654227,52.814649661359155,5.0617448555157925,38.10412743460818,21,0,8.552018228449459
9.026809378040019,98.54134775438062,5.496256901543384,54.160349687312674,23,0,5.9999438804004575
6.6433637905730025,75.51678435568994,5.278320983013981,43.78529628697665,10,0,6.590832245120825
9.097775487491276,89.8204033381044,6.077311044737919,60.58683330234123,11,0,6.659521702381351
1.7911040337007331,35.74939730570817,3.0060994064614524,15.97893104404617,21,0,8.921274668245212
5.499788699887665,66.38622846348966,4.970719524678866,43.74763773228451,3,0,7.95442154590013
8.092202502071258,82.15902105798277,5.909663283130124,56.02170761925628,21,0,6.922924581400073
8.393662060362407,86.77376901342689,5.803824466168078,48.199835620728216,2,0,5.742408411740027
12.832594024073735,131.09736071563674,5.873158980786309,79.10802283559848,2,0,6.16461665406021
9.9474015543309,107.9748349388613,5.52762218713097,62.92601159171462,1,0,6.325874274605702
15.299371723563732,140.58233850147508,6.529712858661774,93.19605799550538,5,0,6.09149576070284
4.452624384450188,52.4963189286431,5.089070405682189,36.200512112486535,21,0,8.130151790685256
12.528103878804904,124.56618707833266,6.034432379756484,72.54583149620635,4,0,5.790647347595806
3.900957113372806,43.6848102625809,5.357867537835111,25.062360993340587,10,0,6.424669706679094
9.201131649818482,91.355377731871,6.043080469870466,57.59268648213301,19,1,6.259304689251913
2.903651841123227,44.45912502957022,3.9186356085847107,25.07124158016586,21,0,8.63438282272419
5.715794722710697,66.65022118578891,5.145484549956224,41.53044318006286,10,0,7.265908800931742
4.753966970270218,67.42551023343404,4.230416903464131,44.49905474250418,8,1,9.360404693761435
2.160167434140914,28.022750049818228,4.625172255329578,14.939687347775049,11,0,6.915985822051093
6.729070792487398,73.38444397771559,5.501768844523064,43.072858324129264,14,0,6.401011321238813
1.1637732994125962,24.332161202969225,2.8697162320392215,19.028169550640907,7,1,16.350409104801766
8.850595002993698,97.03185945912092,5.472797317703107,65.13233860892424,16,1,7.359091517224926
6.4665964320147795,78.34984435382671,4.9520938952820845,48.80869904687067,19,1,7.547818943088656
4.776291633904217,55.54829431639953,5.159069266860399,34.950325252160184,1,0,7.317460475835985
5.100495645142424,51.335808217656535,5.961330878653412,34.583598365457604,19,1,6.780438759592727
5.801065626195067,59.9443210953558,5.806453909420793,38.34320405483288,16,1,6.609682862695398
7.514856618924112,80.49007527399861,5.601826008989979,47.1827489531839,1,0,6.278596032606537
5.086057661309859,64.51108983511949,4.730403105241948,39.58554738505257,19,1,7.783149547474408
8.580026282176552,80.54180073378946,6.391731650402746,49.54734121264585,11,0,5.774730703980646
2.120780022652856,24.067003334338427,5.287189252083478,19.808389342540348,0,0,9.3401433109325
7.437253751831396,83.47820469856738,5.345529731038189,48.34722134578086,1,0,6.500681966629891
12.099889045942422,113.13723829489689,6.416926501813785,69.51317180077423,1,0,5.744942911198412
10.779528543400966,102.26561983478962,6.324429594705625,64.00514392917006,9,1,5.937657075768203
9.86428866377958,107.59782269262283,5.500644018769295,61.40304865453635,12,0,6.2247822166843685
11.148427039916212,111.00791247398394,6.025747241681885,64.33322854158972,5,0,5.770610357070895
3.596940056657462,42.58558862568039,5.067827177321296,24.261194792237376,23,0,6.7449538802663955
12.438418109295661,132.1555259131905,5.647172764065635,80.86328439183468,0,0,6.501090707941611
17.06963408932821,159.2488468721928,6.431305880548447,97.87801143697274,23,0,5.734042740738375
2.4445040913415044,26.416629594823878,5.552193740462224,17.445964879319213,3,0,7.136811487087816
9.181375686966168,104.40765627981874,5.276265753361727,58.92858206502639,2,0,6.418273696030225
11.179633323075514,114.01663374156944,5.883159126631636,70.47162349217169,11,0,6.303571991642474
6.617839616402551,75.63878504892898,5.249560483121159,45.36147724469601,18,1,6.854423780876462
8.363178513445167,85.40210216910116,5.8756248155711095,48.383306916528085,15,0,5.785277312775767
7.166559576252088,75.85944563012444,5.668293130847387,49.267631688905546,19,1,6.8746559858602545
12.89498544209059,123.83227457872142,6.247960228119585,73.35679545459698,10,0,5.688784666258922
18.871963893921386,183.75639525118126,6.162059459685684,106.76610034259708,21,0,5.65739214756479
3.6370252187635845,49.72146455770984,4.38887943199126,29.219138585455024,18,1,8.033801480042566
10.49036775166846,107.5892012275775,5.850234576690702,65.0650530749946,1,0,6.202361501068083
5.97030277451435,72.09816552676739,4.968478238712853,41.66054403879483,12,0,6.977961690089273
12.342273739373912,127.05483763833551,5.828478774420133,78.15327172304283,23,0,6.332161591402795
5.871250915189413,58.550604564927774,6.016591246649228,40.348538682894954,17,1,6.872221825592557
4.129980189208761,48.301357641063895,5.13026596879457,30.336369900195017,19,1,7.3454032490182435
11.03529254892177,108.62726499070176,6.095316429001337,70.02589956583705,17,1,6.345631459736797
3.128663505706232,44.67857628671798,4.201562044808916,23.40486038759525,14,0,7.480785435988291
8.78395700563292,93.82513784277565,5.6172304401102044,63.20750347714974,8,1,7.195789259512135
6.428825538469376,70.62372584664183,5.461755630760227,40.79458076544512,1,0,6.345572845511966
5.461827091223612,67.23797641427194,4.8738769806858295,41.75983544295629,7,1,7.645762992032184
6.28677474132916,57.386890851093725,6.57304270863039,39.64110375891917,5,0,6.305475444876237
9.04171716011623,89.75667309740757,6.044152605993179,56.046602761219724,17,1,6.1986679928947535
11.07261643046549,108.54382585240218,6.120633583814539,73.6827143654066,8,1,6.6544989459468695
3.376389905374667,43.897915480098604,4.614875036932505,29.34477292567107,8,1,8.691168303447103
6.200898669756917,71.12494922088143,5.230990310165093,41.68312501802162,20,0,6.7221103323811695
6.1367584306420575,67.2229792111943,5.477375596248613,37.85950697336411,4,0,6.169300519362804
3.2955291955333132,33.77000357042023,5.855248173713422,24.372618441923667,18,1,7.395661514684127
4.839718880483857,57.998100649906455,5.006769697198692,36.44964062307782,8,1,7.531354924365715
6.4075490502982735,70.43631245370722,5.458163972887848,43.768795821450745,22,0,6.830817131148343
1.6738199921460464,18.252097669544,5.502337394147411,12.37909937998414,22,0,7.395717244428768
7.336931182987689,76.25996931845408,5.772568162740316,47.19699762100207,10,0,6.432798188217825
8.339693712678423,89.30139070935581,5.603290371918945,55.68685593966877,18,1,6.677326273387091
1.845163031990405,38.525720228418685,2.8736589806245516,27.9928973129361,22,0,15.170961496415709
4.102171337628868,42.38511679604086,5.806997806379121,29.466806437695585,14,0,7.183221765360964
6.580597094987639,75.96609649061874,5.197526843412544,45.232629666744806,21,0,6.8736360870957975
9.276968905637249,89.03387763408854,6.251756624886364,59.10116040542104,16,1,6.370740379382709
4.9008843531215245,48.48430824131674,6.0649119654079975,33.49858292747514,0,0,6.835211874799466
5.946646857566921,58.25027422689497,6.125272647888689,38.04488146178772,14,0,6.397703171725559
5.1960994217845835,62.39497843157097,4.996651543825615,37.325233066496786,5,0,7.183317722907918
0.7683158504391401,19.694201386624744,2.3407372617635747,12.901690257032483,14,0,16.79216984741154
0.590648714026012,15.427702642531962,2.2970965711939964,20.92246498459446,19,1,35.42285708535893
1.7112236216096135,30.148004504255113,3.405645547189878,18.041741579022894,4,0,10.543181704126107
10.975611393613487,111.0254309849401,5.931403983526401,67.96314254857347,15,0,6.1921965083530575
5.084580216084619,58.42433552276211,5.221707876270498,38.78200861085115,12,0,7.627376688476208
8.410275806978563,85.87132515544775,5.876426705949122,55.05938297997978,5,0,6.546679828774862
10.803652344953058,103.06758873821609,6.289262692887977,66.74074053393565,18,1,6.177609053211869
8.493299846594704,98.58754131655786,5.168989752563134,58.50020558419847,18,1,6.887806464015689
1.584258382293009,34.66091514030742,2.742440658384113,23.976515177048363,0,0,15.134220178368544
10.985748413594068,120.41268794353562,5.474048591330615,76.87630443606287,7,1,6.997821317383712
5.150919351667685,55.122384846543824,5.606708816399094,34.13480213834512,1,0,6.626933913708721
6.674287029872224,67.97701699354288,5.891067885935224,42.39491584282215,14,0,6.351976720970266
5.0265722686929575,54.75248064493033,5.508322774951802,33.3282849489645,21,0,6.630419929808498
10.753014190582425,115.2217693793588,5.599470090679976,64.30818075116466,22,0,5.98047948337
6.163107052797133,67.46681104696701,5.481012329312575,51.72104594586326,9,1,8.39204081687817
9.164688897048228,91.22304988154539,6.027877104930425,56.122974859910684,5,0,6.123827605101448
2.2661801909576305,34.57879178709163,3.9322024984174297,23.630632549074537,7,1,10.427517036537518
0.9906086344039504,16.49678411006053,3.6029154329533704,11.35716194494299,1,0,11.464832377295599
7.978746224743578,75.67637274265928,6.325947665495789,56.85606859414306,8,1,7.125940215747407
5.112661039305953,58.78935909985551,5.217945340028569,40.420554785054094,15,0,7.905971953607393
11.023714241692865,108.11698890248019,6.117658854689015,64.97124291455376,0,0,5.893770601275709
2.2004374274441787,31.721736272953777,4.162011956426781,26.449558465116116,17,1,12.020136603401369
11.942137058995394,103.37007568010156,6.931679393920123,68.45484935649095,20,0,5.732210995261309
6.421240470274754,64.43869386104213,5.9789298188958435,48.08504845718618,7,1,7.488436024126768
8.42822282270948,87.58366185446204,5.773832226869899,55.126119925911276,18,1,6.540657631568109
4.75336015104946,45.68189752088523,6.243208459818832,29.075153287174913,11,0,6.116757906668533
5.302328454055112,50.82662481268345,6.259312091168349,37.3133905327416,23,0,7.037170717744783
5.541371179122683,62.10495687174445,5.353554490569635,39.58902455834326,12,0,7.144265070619407
10.31737703380828,109.06588479702043,5.675859350342045,62.53862701979845,14,0,6.061485086264665
3.9068053401282605,41.810951608906635,5.6063856809650225,35.56819948202323,19,1,9.104164754944133
12.200842254359785,120.23482034410989,6.088506916436284,78.83727596176603,6,0,6.461625707323175
5.6748352642696895,61.63938131733425,5.523905473730454,40.48967976713776,16,1,7.134952449117215
6.664953492137358,62.61069615588993,6.387043014704162,39.69685947038772,20,0,5.95605948596912
7.479963857171317,86.42299119183235,5.193037468861572,52.23991312125801,6,0,6.983979350538396
4.355407091262046,50.1009191201091,5.21596070621456,34.44549899147059,19,1,7.908674957290727
9.289060131537676,94.56810361097075,5.893568619976045,53.844652855713036,6,0,5.796566293386648
3.697162761254316,47.512365275066855,4.668884918504972,28.596754086564662,14,0,7.734783652549502
10.078825065470205,93.34945568522464,6.478125656858317,60.94990708097521,7,1,6.047322647734806
7.815802089697613,87.86182457903071,5.337336523896601,52.982459857381,15,0,6.778889645532319
9.795619844495027,106.46424322618401,5.520512548246363,60.52141980973067,3,0,6.178416554593295
4.079300795115111,49.55689733696399,4.938930014981872,30.429064294274912,19,1,7.459382335990807
13.324176500651932,134.69083919283923,5.935448875587808,81.02415617960393,3,0,6.08098790763088
7.1281871550668665,74.1972074108952,5.764249683084559,47.309422127877795,8,1,6.636950054580042
9.982409012864279,107.02144540864799,5.596490857368465,61.384583649652356,19,1,6.149275547670543
4.3918891744433886,46.58936432723463,5.656083835266282,29.456024619484232,2,0,6.706914370902216
7.765269526048944,81.69303578063533,5.7032544709689725,60.29165097725782,19,1,7.764270225908679
11.408163897026373,114.83705598936746,5.960531014352702,72.38816802305266,9,1,6.345295235626935
5.376132662502513,60.15308714927162,5.362450624515565,39.00988579374928,6,0,7.256124103081699
11.373146317336404,120.77307319376847,5.650173180120696,74.2308563994452,19,1,6.526853196840793
15.076145627980369,160.81453967515367,5.624918863095689,99.91820139929133,20,0,6.627569397701326
10.044994186903532,101.74592539877008,5.923575306353225,57.76000884191658,20,0,5.750128647881445
0.13720943647992093,16.057030731282193,0.5127078802157754,13.846926166055342,13,0,55.38770466422137
11.697737081366503,112.46506910106179,6.240730837512674,71.1968767277686,4,0,6.08638031719649
4.496231102414457,58.65760880271886,4.599128257208519,33.37345172817075,17,1,7.422539226297631
7.0976296629560425,72.77375902869561,5.851804076926156,46.52571622574022,16,1,6.555106202366023
6.131856087706151,86.05747348092981,4.275182042660102,46.679857902365384,21,0,7.612679951174086
5.48689920557431,51.35765405238469,6.410221775291003,35.21528335745142,17,1,6.418066386507543
5.092687500838312,70.71885851007234,4.320788775271002,44.707214008005806,7,1,8.778707509668816
1.2855821531834661,29.517572506947943,2.6131867440268572,19.103999789122145,10,0,14.860193680983532
18.392357433311012,170.79776590373953,6.461100004203856,103.13748020277893,15,0,5.607627003593525
0.17913722221775036,27.528925326577372,0.39043417807117614,13.994991836433641,18,1,55.979967345734565
7.926677706724937,77.76963690086978,6.11550575978293,53.20398241571365,7,1,6.712015346678693
8.184038485329284,83.77036126578724,5.861766640372652,52.37434738096269,6,0,6.399572469612528
8.123136210644336,77.32867056057857,6.30281329169942,48.40232114448506,21,0,5.958575590676416
11.39656966208659,113.69041552764611,6.014527931414914,69.6739092271854,23,0,6.113586043261097
5.134275732135,57.892297910678494,5.32120083406255,43.852766630570606,7,1,8.54117872090504
4.4599951936492435,57.120140886501574,4.684857345689649,31.554942074924707,1,0,7.075106744477435
1.7790456191179123,42.641292785197244,2.5032715983726,21.150381109620344,15,0,11.888610883461855
7.00594084880502,71.97570380846551,5.840254817749492,44.11583989610303,0,0,6.296918693458242
5.952226634118639,49.05425719377445,7.280379287701104,29.897188825403827,4,0,5.022857942611047
3.9499683456242947,51.44070397981828,4.607209513120953,29.508828961760354,12,0,7.470649478609041
2.75062761977005,33.45378426193515,4.933303087447373,22.175514154128784,8,1,8.061983379626879
4.180433253843729,60.534619705931505,4.143513190453668,34.22687129529883,1,0,8.187398103732116
6.410126697158173,69.48363262460204,5.535225884164734,42.169239526579084,8,1,6.578534484392351
7.799309809246306,77.63924362917973,6.027346051821942,51.191014994379685,16,1,6.563531420907434
10.710448441662427,102.31622427978833,6.28079183944917,65.81872396596924,18,1,6.14528180817732
6.305992521904747,72.49125301512845,5.219382140288341,45.04144128434786,18,1,7.142641087487832
13.373533908761607,130.7103852006884,6.138854485767903,79.60879760094691,6,0,5.952712136078826
4.156386927497768,58.21372586626143,4.283924657610681,34.20355385336066,15,0,8.229155381823876
3.2866143200414317,40.31599188684207,4.891281349494592,26.865333220091483,7,1,8.174166666368329
1.4053900228401999,33.13623116673583,2.5447493091809714,18.260347527597784,15,0,12.993081799951044
12.528824408969177,116.47861444423678,6.453798133888648,70.47359868563098,0,0,5.624917101973279
6.128162881447098,56.72174790199973,6.482342073133874,42.95391292234687,9,1,7.009264236821946
9.917487740730968,106.2325153890148,5.601385435192194,73.16093774888196,7,1,7.3769627612859185
8.270154691419293,83.64483864963489,5.93233592766723,53.06549389405336,16,1,6.41650560044681
12.047412295408341,118.84540548641303,6.0822270307045185,76.57674662748607,6,0,6.356281726713375
14.659821645057784,137.8652309897081,6.38006618774773,86.35002207005151,7,1,5.890250520146157
5.338937690572731,53.537430920506466,5.9834074203150704,34.726801808530354,13,0,6.504440362705386
4.9466025664160576,60.33342573300588,4.919265736680997,34.41128905754138,15,0,6.956550196931074
2.1368693739568343,31.118740596776156,4.120094836058134,20.697101300230575,9,1,9.685711982434292
3.6765941212993267,38.728140195301904,5.696004150096522,32.01735677824421,21,0,8.708428431836017
7.831572919710264,87.2274195542828,5.387003050000742,53.284424877478685,23,0,6.803796047582481
6.906618736550806,81.20904946335243,5.102844164923457,47.49155374224401,14,0,6.87623793259529
8.701134749843003,89.6572200461479,5.8229341119640345,52.38067380121412,13,0,6.019981911228215
5.7474939782085785,69.74664531192492,4.944318642857423,36.53776214633683,12,0,6.357164058782571
0.8446664703018356,13.591168886644656,3.7288910645434448,9.952801707356048,1,0,11.783114468601417
7.009924822802692,78.55257680383025,5.3543181711087176,46.606341861057466,9,1,6.648622209107148
4.547713098568234,53.899919154330604,5.062396942244223,32.203256783208936,19,1,7.081197974724384
0.44355393446144925,11.242618860282446,2.3671740898115226,21.102315415193793,16,1,47.57553428269244
10.935197205180977,122.73512633455039,5.345754324010182,71.59889379529812,1,0,6.547563107629678
1.0307452545094424,22.67335724112452,2.727638197240316,14.836556554410143,3,0,14.394009081779602
18.294345555690178,173.10418863739704,6.341040860892689,104.22752041051253,20,0,5.69725329027111
8.377860254460778,87.51848658620536,5.743604978503795,52.67447297227965,17,1,6.287342038706508
8.79339665537229,85.92240358037938,6.140468345124567,55.087318630856174,9,1,6.264623420257155
1.3658726274870838,17.35158327656923,4.723047824684085,11.867542103901775,22,0,8.688615515881255
11.367903330347302,111.61461233974937,6.1109758437778545,63.72595415632644,1,0,5.605779034574139
14.942355379506038,144.190923833829,6.2177375588741635,97.92259427484214,18,1,6.553357338103897
6.4684432125144316,65.39094605139047,5.935173234010937,45.43856928923224,23,0,7.024653041913192
2.978754361969484,46.31546906863937,3.858867573019692,24.59808143074178,10,0,8.257841514154961
5.219737477046349,54.382977862312536,5.758865382761947,34.263777059216444,11,0,6.564272094121678
9.33487690604822,90.42051790636471,6.194308850817457,52.926659522990796,5,0,5.669775836968856
7.4000177606247455,71.48583840915012,6.2110352975961325,42.92436278273957,20,0,5.800575643363819
5.817128140764546,56.66225492638465,6.159791714949008,41.702402378215226,17,1,7.168898702089494
12.14753802431008,127.49255232601972,5.7168224195152035,73.80752320158216,10,0,6.075924442786345
7.366078903578531,79.84371314316837,5.535373003284823,47.61436234163302,5,0,6.464003843143925
7.077823798516932,79.84237945391833,5.318847344174121,47.22304911460665,11,0,6.67197297628427
5.802768675227263,70.33534856381513,4.950087368910176,40.53529179404608,10,0,6.98550882565701
7.108432968307337,73.97609815416277,5.765456529075398,46.45284096003912,8,1,6.534891890680723
1.517024174974959,34.486656146027045,2.6393237463523542,23.445977396897888,20,0,15.455243089507723
8.405188196597722,83.88535269982005,6.011911204576067,57.369247984194494,8,1,6.825456687265682
7.456708206827723,72.5360177066612,6.168004621083259,43.50457235107102,2,0,5.8342865436569085
8.564809258763756,91.3249832891852,5.627031476135847,57.787599087246136,19,1,6.747097027072288
9.1390498998298,95.11873636615918,5.764826310128258,56.82766379707112,17,1,6.218115057904371
4.3174263220898235,51.714595432022634,5.0091386611715345,33.140900769129615,0,0,7.676077898438338
11.933961874523387,125.49758492082557,5.705589577067479,75.77670564180431,16,1,6.349668822352481
4.129602357642186,49.80368700579319,4.9750561927214285,30.274471784971695,11,0,7.331086425051596
9.206264006958566,96.73468691671319,5.710214794958706,65.70197448758182,16,1,7.136659826170627
3.7775005809487716,54.15512069968722,4.185200437716601,30.085691957985762,6,0,7.964444032045476
7.834877725087057,84.11398537812144,5.588757462769055,52.0080110064675,4,0,6.638011827541267
7.672990119407493,84.02246528022356,5.47924183882295,51.087942117279525,13,0,6.658152991499555
4.293368378906146,42.13402930847297,6.113872965920353,28.725208540552977,1,0,6.690599549221891
9.107220028492478,116.2798891404565,4.699292420630901,61.20523277765542,5,0,6.720517631743959
3.9807481959169646,38.28167995407201,6.239143424258527,24.958929816678015,1,0,6.269909220150693
14.653079807742802,140.6417421599984,6.251236474761386,87.23879528995582,8,1,5.953614969315744
11.553054406833587,112.56008596468868,6.158339863275107,71.7881177350493,21,0,6.213778210252944
5.850487803190328,77.30248334210785,4.540983070853154,45.5989142105235,12,0,7.794036282864819
13.131465970977175,126.57959749913225,6.224446702510899,77.9157152959156,17,1,5.93351233351424
7.579334285488823,82.8652851966944,5.487944149952317,53.84055422239175,17,1,7.103599365642618
7.547018916805565,76.54657550218202,5.915628910080058,45.01719584117952,3,0,5.964897708277376
4.051600494507339,42.223822085947056,5.757319391305119,25.876499716870743,22,0,6.386735254858152
2.556220812485543,38.42811943028352,3.991172376451652,25.921477617573803,3,0,10.14054712760477
10.878780780197989,105.59522890305124,6.181404724366466,70.12320084664239,5,0,6.445869464920515
4.682610691582608,55.38903564099809,5.072423418164673,34.90382764399387,15,0,7.453924731931373
8.118693337900757,88.82839517292267,5.483850060847811,53.89614023712924,11,0,6.638523958716873
16.929502976535144,175.80605617536483,5.777788323622297,102.51119480325482,5,0,6.055180411695415
13.282870070151729,123.97278086194514,6.428606333325733,78.79570238411331,8,1,5.932129273866581
14.556270529868321,142.08954358965417,6.146660828993553,94.52844632629329,9,1,6.494001752188403
3.58729062992763,43.61679928392274,4.9347371042651185,24.963957904752288,14,0,6.959000672118922
9.58583307029157,98.2780661988757,5.85227209348645,64.9541926380111,18,1,6.776061314828988
10.190318680845555,119.1256760651054,5.1325553066878395,69.04455860057922,8,1,6.775505336291422
6.352100984134671,68.12891347552888,5.594189597416322,50.865923214847605,9,1,8.007732141206967
2.552051594015044,19.844926760866898,7.715981897340782,17.072045867740847,2,0,6.689537902673064
1.2310712718751777,21.88905627533397,3.374484280336279,12.774809794206224,22,0,10.376986358188288
9.471094437632788,96.52958666187614,5.886958453976275,59.08891159064378,14,0,6.238868377856922
9.766167719687438,98.44925969962594,5.952000705430115,59.69776260868901,6,0,6.112711180286755
10.278146837716085,100.19145635234716,6.155103765477086,62.64778085418782,0,0,6.095240887617912
6.503427292268469,62.60303581353202,6.23301462086225,39.545120681852964,22,0,6.080658536594353
7.665985858586619,93.95081896530263,4.895743928374553,50.750511756177765,1,0,6.620219850697019
9.967388677904035,103.61625893276367,5.7717131156251344,67.70892209079035,4,0,6.793045227672243
4.733300875284504,53.446266222965505,5.313711744283423,37.336400300925035,21,0,7.888025985392458
4.302843785110656,63.49134986560077,4.066233079831157,39.44309118364288,8,1,9.16674951578065
3.5405471000597775,38.65297779153763,5.495898068947613,23.424201891615834,20,0,6.615983696762669
12.379080452930664,127.02617453752605,5.847179369763815,77.60135493975937,13,0,6.268749543621213
5.454843422199056,53.59922248926123,6.106256586045013,32.10797915886698,13,0,5.8861413011783625
1.9034127491168735,33.63526552020791,3.395387643911975,23.500066830087547,22,0,12.346280038835967
13.184082531068286,123.84977102390842,6.38713293794779,81.91040573116439,0,0,6.212825620451218
4.59523763233311,56.17991702755893,4.90770140875672,39.775149158914296,8,1,8.655732813260306
17.135808218836754,177.94168864294068,5.778007958513291,102.89811978735695,8,1,6.004859442477005
12.244431107056974,122.76057752983242,5.984542279013676,73.1500753009188,17,1,5.974150588242469
12.269848324712093,109.27314613637671,6.737162107183531,69.10904796030572,8,1,5.632428872092625
6.092901142389633,67.05073916543463,5.452200424538128,46.920435198608835,21,0,7.700836449187269
6.478968443105559,73.19342810662951,5.311106702366951,50.087161443849155,17,1,7.730730884659304
8.565752842264944,94.49767946513992,5.438706785657,57.22843560964291,21,0,6.681074817763554
7.824630321945546,91.26322185840823,5.144217021453741,55.536237313649536,19,1,7.0976180379906815
6.618234134081685,80.71153106418654,4.919917176755185,46.96020993953904,17,1,7.095580027565015
7.018695157758769,74.3826173916685,5.661560781708865,46.90373257579419,8,1,6.68268553079197
13.246990645532769,127.26628452318144,6.245326024169351,79.8638525065934,17,1,6.028829840951506
4.958930830720361,49.91931423260711,5.960335281386385,38.646747561019005,10,0,7.793362900245369
3.977639228756902,44.55905458274013,5.3560012877350855,29.348350515807866,8,1,7.378333938289285
4.951530995921285,59.42296205692011,4.99961377675348,35.99378172288545,5,0,7.269222741922556
5.573603632872341,54.070545810476055,6.184813061523562,35.23678992583277,21,0,6.322083923946631
7.784489603981086,76.49924484325886,6.10554231216079,50.10129075901272,17,1,6.43604055086544
9.107547301583077,97.34172024281509,5.613757767295252,56.815295144164565,1,0,6.238265173137109
16.912142201512555,160.3303570817851,6.328985667842906,99.56425967483007,8,1,5.887146553552833
6.6460975219944745,74.03479509959342,5.386195109789105,48.84180310209589,13,0,7.348944691295864
3.6862654999397355,40.29052832462539,5.4895266752112155,26.647783346249394,16,1,7.228937619030708
8.558985873575493,90.7576626807945,5.658355859391266,58.36398758167276,7,1,6.819030717396355
10.527993897094774,102.12068312071439,6.185618961038414,73.05317357281682,16,1,6.93894528120652
8.389022191308989,76.08934136906876,6.615135870832411,48.92733972006821,6,0,5.8323054349238515
11.024311273464951,116.9545426909292,5.655690332233659,68.59558098618783,3,0,6.222210103164855
2.9054161305722683,33.973378224202605,5.1312226498025195,23.300123302029956,2,0,8.019547718777421
2.9970099706259385,37.48130849304149,4.797607273261032,23.582458071037756,21,0,7.868661867051599
6.433777507851623,65.75714498081453,5.870489824090226,42.9500045318113,15,0,6.6757055989884915
3.9447163424108656,50.76931370318816,4.661929880091898,37.660325353930546,19,1,9.547030023181321
8.504285542298616,90.53758334943929,5.635859867923867,55.06991095929881,12,0,6.475548202772835
6.77335245459138,76.21273298933855,5.332457337966538,48.54278925722704,13,0,7.166730150639343
8.82046041969638,88.0868855638567,6.008018353630298,56.27080768221954,6,0,6.379577142771931
5.6196075780607915,62.27809810690939,5.414045465949124,37.34680689191002,2,0,6.645803354261548
8.439337552276974,90.4562317508852,5.5978481895103185,58.389056829227094,17,1,6.918677735964411
9.504251169031102,106.80948435647412,5.338992820512582,59.65705636912577,4,0,6.2768812932379
6.065723585366155,68.43069989872859,5.31842310045891,40.39343513293712,20,0,6.659293745331257
13.21632611791036,124.92683713003325,6.347551777439373,77.96745208172564,2,0,5.899328708003546
3.8785702386120566,48.51449555098567,4.796797568927733,32.072498578907556,23,0,8.269155025122009
1.961094911577832,28.659867608050945,4.105591006345613,16.3424999922178,11,0,8.333354951734165
7.9795086610624555,71.8231741822811,6.665961580153344,46.138397317845055,6,0,5.782110061862107
8.794147988368472,80.07639103502079,6.589318930111937,50.879945592023965,6,0,5.785659470288654
14.189480477300712,139.30638659056856,6.11148454478456,85.78970659693516,16,1,6.046007585279477
7.335292744043654,78.12442829301072,5.633546052867483,47.048818977849905,19,1,6.4140342614211425
5.594759279511218,60.584335074197504,5.540797903609237,38.01445057791307,11,0,6.794653474569896
4.776746238294846,60.29580686211502,4.753311867160201,32.56115867932434,10,0,6.816597963334073
1.9944144698808348,24.33885561390126,4.916618516957013,18.681884143068846,21,0,9.367102187232465
6.998948364469704,66.67336454383599,6.298420737295847,44.93296065965152,10,0,6.419958873786605
4.811493389299375,50.349286729362234,5.7337376974122485,32.93053274709714,7,1,6.84413966365073
6.34753537052652,65.46916195994125,5.817275047214198,37.84060102240644,22,0,5.961463593903157
11.725228862085535,117.17814028965341,6.003796697798001,72.74345575370262,19,1,6.204011589822728
9.263799186573289,90.58835194236093,6.1357551967393835,54.54643184304452,13,0,5.8881276185371885
5.142395659135564,45.431203001598206,6.791449910258369,30.29482940196663,0,0,5.891189906429561
1.8377526140878433,13.123941245187796,8.401832558165554,14.8195595205862,9,1,8.063957796594833
12.327762085501778,123.68881372201024,5.980053513913556,72.05165159763146,23,0,5.844665974075597
4.515942850507165,45.86935643423821,5.9071369666782605,32.8074530758708,23,0,7.26480696543499
11.010862616517601,99.06563558042626,6.66882873279208,68.61452017415372,16,1,6.2315299503622725
7.278249139662128,81.25389006103346,5.374449740827257,54.821855410035155,11,0,7.532286180104588
10.316990940428097,114.12400467474419,5.424095116447274,69.36106390152604,20,0,6.72299358427545
4.942236830897758,55.91338024546228,5.303457035723235,34.065329764851775,13,0,6.892694731236464
1.281972773658083,25.148395751432933,3.0585794489536076,21.022897852897433,1,0,16.39886453509385
4.90904155757047,57.84286940063527,5.092114144859371,37.31616706888592,9,1,7.601517858682385
4.561845843783462,39.17771173007222,6.986389417351076,29.24039008780333,7,1,6.409771633920932
15.972028631825495,161.08017332959898,5.949346205064178,96.53052665033304,16,1,6.043723616797715
3.248012712854459,48.67140502635346,4.004009390436706,26.867034891431377,5,0,8.2718379719086
2.473405871399753,45.28144792015793,3.2773764775732808,25.93967384728962,18,1,10.487431176271045
5.965869171046159,63.06710367524225,5.6757347238587075,39.36445798899797,5,0,6.598277109401499
12.424764715692952,117.01215935674261,6.371012098569736,80.4512503595202,15,0,6.475072341442989
9.407878296992502,104.82224979330277,5.38504658059357,64.10370854162707,7,1,6.81383267491031
7.411330871381614,81.69544019759805,5.4431416393294745,49.5899067242243,5,0,6.691093352168716
14.690833293343864,149.46548188485244,5.897348247133724,92.79726661175302,16,1,6.316678214148525
4.312260042235189,46.92788222952994,5.513472806392674,28.50967073522916,22,0,6.611306010305363
5.710201922065983,65.0211917989487,5.269237703045278,37.7111820727997,19,1,6.604176627637641
4.329911344814067,44.648802586819635,5.818625934786785,28.65875759691531,12,0,6.618786232480232
5.166961673173887,58.47121613432586,5.30205665088665,37.04216727920032,21,0,7.16904239323428
8.049690630322527,82.35988961016018,5.864279810299423,61.55588296680013,19,1,7.646987417743006
4.448212372560861,66.0952350138239,4.038002774297281,34.45896885800414,22,0,7.746700465689752
0.9772608345263059,24.08712577207381,2.4343149376319317,16.280043934428466,0,0,16.658852334259016
7.794929457170946,69.24232720739225,6.754477879251954,52.90569528571858,19,1,6.787193595068135
4.9433864257336175,56.48114527789084,5.25136634685275,33.36620404536872,12,0,6.749665345131712
9.371409256564615,98.55170923444057,5.705477457080745,64.0182259418771,16,1,6.831227213455941
3.965253014027684,44.84351531360521,5.305453401185059,31.750989922866882,22,0,8.007304908550083
7.687854795513021,74.5741380590118,6.185405553943773,47.66078683511321,12,0,6.199491028749684
10.287299762399124,108.54879431974653,5.68627214712106,69.06966984038448,16,1,6.714071859054741
4.327056055647615,45.17518003929172,5.747035498542474,28.38235586988139,23,0,6.559276215716485
6.3989530649526944,73.04323989723672,5.256300027727636,44.16777596942383,2,0,6.902344105527574
3.716370015515824,39.17206737314258,5.692377652853524,26.73915141706571,17,1,7.194964792372638
14.711157542255313,141.1970100187839,6.25133246389491,91.8231169648306,17,1,6.241732963642339
6.312589026923973,74.55020172666083,5.08054080127307,44.31327392767233,4,0,7.0198255800703535
13.002912450832456,131.96125674338614,5.912150022692547,82.1350403983635,0,0,6.316664878652255
14.395372733374316,141.746881562147,6.0934135162879866,83.34552771357376,15,0,5.789744333631946
7.4149135285345364,78.554798655845,5.66349630225892,54.615748182260745,8,1,7.365662185012002
3.1283078645942615,40.69808981982683,4.611972520248724,28.97565462005295,7,1,9.262405068246396
5.405047623168936,55.89617837935324,5.801878890345143,40.831765147235096,5,0,7.55437657426148
10.323666101341292,95.81281134550275,6.464897098644124,58.36654386921501,13,0,5.653664434345837
8.307875156664691,90.18591436937919,5.527165887105845,56.494500560864495,6,0,6.800114288614921
1.5482317620404709,35.11468612178455,2.645443145931994,19.916889598726918,1,0,12.864281748410669
9.447175778436348,100.64997957908908,5.631700563443978,58.944803532469194,0,0,6.2394100538505555
3.9014863996176055,48.638412090133116,4.812845936320033,28.55414733600392,6,0,7.318786844624803
2.2678463160696403,25.159472382147364,5.408331975225816,18.02452891013904,14,0,7.947861714623148
8.812679221780588,96.57715862138446,5.475008385572395,58.07209345560182,12,0,6.589607087033907
6.224112237582607,70.90537646296379,5.266832402335808,42.17225610655364,17,1,6.775625904029808
8.449355857460779,92.60508172214396,5.474444188373529,59.20315557066912,14,0,7.006824729531631
7.827869542668942,88.6541719479277,5.297801132652903,54.24495964205532,7,1,6.929721981999242
3.987113767074044,57.40006570592833,4.167709968313418,32.785077714088374,22,0,8.222759527162378
9.011213396772042,86.4125894670727,6.256875382867036,56.180752594785645,14,0,6.234538027354947
4.116851477266769,41.31780169206752,5.978321171995679,24.167255607350558,14,0,5.870324868604566
10.236066246391117,105.01352052095152,5.848427628525544,64.68593159936871,11,0,6.319413145863016
4.5992079424260774,47.857762468529415,5.766096497449648,36.097264725583926,10,0,7.848582881543438
12.463483035154189,117.59712223370342,6.359075527572126,71.08305278262064,23,0,5.703305615462833
4.999307144272508,64.31433880491906,4.663943285900784,41.12107143731953,9,1,8.225354084201484
8.278932353352504,80.45601560951805,6.174006224866867,51.60701999415934,19,1,6.233535653091957
5.097367411963382,57.80990390845856,5.290478344369866,31.322962186468036,2,0,6.144929265438842
5.47736011535483,51.507686661205696,6.380438109809626,31.710254714803856,22,0,5.789331730427885
6.650299079270088,72.23092608847955,5.524198101342722,43.47865939557122,18,1,6.537850234600769
7.304230265572228,84.83497772772776,5.165956633369791,50.673185233171694,19,1,6.9375120157444625
5.421639662528998,68.07331655663482,4.778647437885621,42.09666479091906,7,1,7.7645633814185455
7.085731457620988,82.04153626690838,5.1820566362156475,48.99775155703765,15,0,6.9149885019052775
8.425369582926672,87.3580944327506,5.786781159297813,54.595041973339654,18,1,6.4798394225900875
12.744412998435424,133.36874409936522,5.733463151879263,75.39656692150345,1,0,5.916048619168223
14.64610474710544,146.3954302073568,6.002689316064223,86.19880738299034,15,0,5.885442503067316
14.050793945593897,135.8234677102533,6.206936481213049,81.51343513905005,20,0,5.801340155914204
10.820893700680909,111.67825242329545,5.813608361097741,69.86846455819426,20,0,6.456810915146294
5.9554621608868805,70.91320053111588,5.038945174903248,45.03532220904002,18,1,7.562019704333645
6.796766225052868,65.20458867842342,6.254252680196991,37.96156411047964,21,0,5.585239046556197
4.601469294440041,47.050720440191,5.8678837451034305,29.460907565012416,6,0,6.402500088528257
3.0096184302793096,38.22489038172705,4.72407125340198,27.392851917444784,16,1,9.101769062100862
0.30256869493696614,7.39256950542703,2.4557255339825583,6.79504805340073,6,0,22.457868798410672
0.9208155811183938,12.87116371269636,4.292458405497945,11.783132941852767,20,0,12.796409165385041
13.07543899014469,127.15542848093496,6.169821837581313,78.40716438328815,12,0,5.996522521529544
14.126925020817204,145.09425936460286,5.841826581981342,93.5891426116241,19,1,6.624877138776675
14.693614345130014,150.0814349930141,5.874256604415048,88.04045446640646,6,0,5.991749368023001
3.765105581219809,47.81243127470571,4.724845167886288,29.40485607792385,7,1,7.809835725349657
12.581656707707548,126.31659630738568,5.97624876326971,77.41711302078787,23,0,6.153173212345079
6.888485830950329,86.52124304904765,4.776967312209335,45.30911249523007,21,0,6.577514073071595
7.6866478935894715,77.94372520751708,5.917075074195827,44.58237389768299,4,0,5.799976077330653
3.884478400103829,48.40675041083305,4.814797564970831,30.01855874318476,9,1,7.727822284294949
2.3773880043451294,29.862564303863657,4.776658789555203,19.786626140267337,3,0,8.322842591997398
9.030185752150372,85.54714375138596,6.3334802469105735,50.57973161026785,15,0,5.601183962159718
3.307114518727689,48.87331705731006,4.060024632479541,26.79185787884162,1,0,8.101279144439475
4.652666549299349,52.042766346999336,5.364049848861592,31.26810918339846,0,0,6.720470691824491
5.544147933367046,66.06626321862302,5.035079324847517,39.506672222562834,13,0,7.125832985948091
1.6185359451658201,25.090049567559223,3.87054463357907,15.288680063097416,21,0,9.445993528139457
6.229391774939828,75.54434896164862,4.947603780213092,45.59905246748187,17,1,7.3199846975304945
7.615840437990243,74.55914393378333,6.128697328998794,47.438928247437104,16,1,6.228981375554639
5.9505017387489385,72.5379919257678,4.921973918030503,44.157456406611445,14,0,7.4207954799951565
7.2627168237442135,82.72968363164259,5.267311444884838,49.752864804709716,4,0,6.850448119091084
2.4343553989469906,23.141373501393335,6.311696405056732,18.20265134400034,4,0,7.477400938200772
10.245119080026878,101.10492416600053,6.079893238358472,59.86994082459458,14,0,5.8437525573824285
7.849106746457129,88.76693257257762,5.30542614393454,50.81126676485926,22,0,6.473509458613755
5.222927218465153,68.83031071331013,4.55287256239728,40.033869527362576,1,0,7.6650253493532725
5.787415641102302,68.37971868176069,5.0781861224410205,41.490213715165616,9,1,7.169039911441917
10.181202208145974,101.25147134496316,6.033217338714227,59.48363256612521,4,0,5.842495940070062
3.9441927602251337,41.687698162419174,5.676772190479104,27.345330211840093,3,0,6.933061306638377
8.021394130335874,87.5924740488109,5.494577622638643,51.68867014085907,8,1,6.443851193569857
7.437807627638543,76.38414240009774,5.842422833273068,51.17878832403863,4,0,6.880897017806787
4.471567251575826,49.94273832465396,5.372032934007299,37.60195005136257,5,0,8.409120994011944
5.162315088852043,57.1158940847607,5.422989700055577,35.13821304764718,10,0,6.806677322646912
12.55727591478396,130.30602595523595,5.78205458545613,77.1388888293638,17,1,6.142963597586198
7.274987411098227,88.3135571624313,4.942607439796129,51.35999310146971,13,0,7.0598050827027405
1.6651285412965868,33.14743287073018,3.0140407212654963,17.56288671399457,13,0,10.547466023445171
11.303899658278056,113.7924054808241,5.960274559895625,69.88720357798036,14,0,6.1825746592505055
3.199240138707726,35.39799659571464,5.4227478044817365,23.94591586965807,5,0,7.484876042887666
12.680250894062763,130.12792172835978,5.846670288271849,76.2470499606446,1,0,6.013055309208869
5.343914347473391,70.08788621853671,4.574754328424912,38.28758896387445,0,0,7.164708577707063
11.11980290514007,118.09945606499754,5.649375505516373,67.5998049518675,20,0,6.079226900741186
6.166122980224915,68.74149313732505,5.382009641169856,46.304326927594,21,0,7.509471847398185
6.766787429984261,69.9670053563569,5.802838691339926,45.79262925777565,8,1,6.767262860196298
9.974040958575051,103.83740239038316,5.7632649097347555,60.76542897395,18,1,6.09235807495935
7.214858587790307,83.86118688355876,5.162000817714256,50.92906523970136,6,0,7.058913853958071
4.880084747916126,57.314616165569625,5.108733242304485,38.569549275508194,7,1,7.90345890857285
5.787132670806291,63.46359738156744,5.471293380372217,41.66463467049541,16,1,7.199529895119977
6.231748387144005,63.96226764408384,5.845710557186984,35.612795321880334,22,0,5.714735754631709
6.712324594692678,87.94748099185738,4.579317919507534,50.12637598445375,14,0,7.467811676462702
0.9962230663857498,15.620419303226418,3.8266184039501883,9.199516478510997,23,0,9.234394172267471
14.636039321414653,137.8242096591671,6.371611790530372,83.74011236391702,23,0,5.721500914621967
6.355656106901361,70.18548955296282,5.433307779755791,42.86111395909091,0,0,6.74377487362
16.475774434729217,159.070404050514,6.214521626347493,98.93451941759218,9,1,6.004847894072191
7.734608343018103,87.75125084986001,5.288545702614637,54.9276972181391,11,0,7.101548621750367
7.344620343753824,84.44425576705305,5.218557693739128,56.78351197704858,4,0,7.731306632525898
5.326591082230606,52.6535421218151,6.069780912259338,35.27304063590047,5,0,6.622066550888538
7.7581977037231535,77.29039497344692,6.022635314301456,50.69936967790002,23,0,6.5349416983237525
8.408822979660254,82.42693614084831,6.120928453745907,49.889300200627616,4,0,5.932970681069483
3.6485677261447025,49.5442736076033,4.418554307658404,27.350017168591574,11,0,7.49609688552808
8.396478425253568,90.13834390623235,5.589061033108032,53.39541242826294,11,0,6.359262743731809
9.377776373513319,94.17103418859062,5.974943221755225,58.34932198017373,15,0,6.222085029130798
3.8509166913240165,47.95664681687096,4.817997437597258,25.055441205635812,13,0,6.506357632219067
10.225654410246117,97.27332195374488,6.307374440306617,56.07375654323412,1,0,5.483635011862728
5.133967031526552,53.750386603295475,5.730898721995557,31.94323087752149,10,0,6.221939229715578
5.465311686304938,53.38768238512926,6.142216453839465,39.41476488492877,8,1,7.211805501174781
9.77150970458459,100.81652522226263,5.815421439912996,60.75822280222857,3,0,6.217895150195888
11.477550454375457,116.14812014495462,5.9290931820771435,72.55679994964443,23,0,6.321627618895321
1.9895327604709852,23.999589845835438,4.973916904207982,20.96532677257699,12,0,10.537814299480967
10.077352334353376,105.22342570392084,5.7462597897406456,65.81429879383677,23,0,6.530911752433018
6.6765006367365,78.43119752433688,5.107534384896884,42.286350688802614,21,0,6.333609923756759
6.166884923973526,61.319063691017064,6.034226114457397,36.87049019894182,23,0,5.978786802978798
3.826171568872961,44.47761972187244,5.161478864380045,26.24441658324467,5,0,6.859184464374461
9.01284578963122,96.19733916192776,5.621473027103178,54.64692439886938,19,1,6.063226385359621
7.2622274392721815,77.32183605312737,5.635324619774172,44.857379433544104,0,0,6.176807296197776
6.257568752163614,60.08589329101421,6.248623504877902,36.596988877458806,12,0,5.848435762660226
6.360591247101957,66.60058907594042,5.7302117011452065,45.84700303272036,20,0,7.207978197562905
14.473075627165317,139.41380424078716,6.228827499248907,84.05130245157089,13,0,5.8074250848113
10.238283918100308,103.12204947878713,5.956990170297026,62.75698852652606,4,0,6.12963940329665
9.135442673574504,93.45197678673635,5.865328688181007,53.060769966712066,1,0,5.808231944818337
0.8329833575695373,28.892890381163017,1.7298027575239237,13.175045043404257,11,0,15.816696604655041
10.63569593466021,106.47023691185632,5.993616381335866,73.51498692585506,19,1,6.91209934709399
5.457598225963065,50.80988999206234,6.444727465635921,32.77204689157983,22,0,6.004847835019364
7.066407372429503,76.14445341222283,5.568159246615743,49.8905244834273,17,1,7.060238938117493
8.108927344566077,95.46685260860653,5.09638295784879,54.4706227590684,10,0,6.717364756704849
6.81614342058478,72.34259596516104,5.653219929127773,46.68976796512073,16,1,6.849880509279991
4.650492170589626,51.225907690978985,5.447039258310992,35.21753006442244,18,1,7.572860844093688
7.232567757020388,75.26236639589588,5.765883883301431,52.140514117823,9,1,7.209129021599849
7.986279952793661,87.38138899703239,5.483739760464248,55.31906590525426,6,0,6.926762677021262
6.253376853265466,66.42413999334863,5.648588167396654,44.14592212022401,6,0,7.059533297944669
13.570108937905632,125.03732208999523,6.51170804576505,79.46138306162831,17,1,5.855618656064535
13.31108317135552,127.76908691159454,6.250846817383458,81.15195295312499,19,1,6.096570197063908
5.390498810569711,60.126342845940215,5.379171812642866,40.5900688163205,4,0,7.529928164853935
9.439963346408916,100.17341758813244,5.654172677958391,61.63877245168406,23,0,6.529556332984306
9.670793054621543,95.54096983207026,6.073285463787712,61.71433733342461,0,0,6.381517729193073
9.530307098650285,95.9954803447761,5.956722377608629,56.30811669622383,10,0,5.9083213283020415
6.450278554465561,70.32206087722534,5.503489352276276,44.68020963710161,11,0,6.926865136106295
0.6022470483420223,12.755683681279923,2.8328409361195073,9.253641138216448,1,0,15.365191350778046
3.7509485377136604,45.20805637316735,4.978247912387563,35.836411023906955,17,1,9.553959662094044
12.54080253156906,127.67049348397542,5.893673090474795,80.50658797893152,21,0,6.419572254349086
9.41264584823523,89.5948333945105,6.303474536386791,58.004254636282155,5,0,6.162375125072545
3.469856945835572,45.06744593841106,4.619552149341847,35.10204355735954,16,1,10.116279750232373
11.61490167668509,109.99227225191372,6.335846022027973,66.85467571220721,22,0,5.755939875617409
10.046316279229961,95.99510126205202,6.279268096278192,60.8653849973895,16,1,6.058477884398714
4.827150272735702,51.467576559746455,5.627407306188674,29.730829795508306,10,0,6.15908519845165
14.86624970528449,153.9887573919864,5.792468212770238,88.95859581938828,22,0,5.983929880295651
7.379513258263476,68.12454356166226,6.499431370061788,48.51916556956606,9,1,6.574846317300803
8.770325376025628,88.14924025594752,5.969643312110487,58.312946917177406,16,1,6.648892078346423
4.363114008908407,51.10932230069027,5.1220957107265095,32.20695455505111,18,1,7.381644048102439
2.846206230721102,44.61891988575681,3.8273533801471475,23.182249953475,14,0,8.144964937274294
12.35223146513535,134.85773553357603,5.495672050073821,82.27866526244802,7,1,6.661036549928871
5.518035818030576,59.13017204077555,5.599208283269052,44.69350546662053,17,1,8.099531597924992
3.441977912900503,46.213959639467674,4.468750922560181,25.795133639980545,7,1,7.494276341315443
6.325436997496816,68.36162679481015,5.55174353865174,47.101985300770615,11,0,7.446439719407596
4.005922462420761,47.447473696359936,5.065714336729486,28.94295209553242,13,0,7.225040516146766
11.212285639396606,114.55018800748421,5.872859312285395,71.66292339355296,6,0,6.391464300708765
15.241709123429578,139.66259596744413,6.5479417811978,93.76206424121881,18,1,6.151676526688705
3.9004965740658,46.817166278406866,4.998803068349907,31.38562198035908,6,0,8.046570836400795
2.2616033917218643,35.0589808611421,3.8705119250546103,21.134256589078404,3,0,9.34481114877879
7.672445134204921,75.89341295078856,6.06570043635799,51.506950595430666,17,1,6.7132380479079465
6.338252622393365,71.78872234407227,5.297422003429813,47.31835666368732,21,0,7.465520780366057
10.294619697246985,94.2808479646018,6.551459762715847,56.97040112277274,5,0,5.533997641312376
13.280377464281434,132.08479633812186,6.032659851457179,78.53767534733603,12,0,5.9138134859923195
5.2446552060838485,67.25497046425355,4.678900461822149,39.073492269333094,22,0,7.450154630567035
6.893217436516277,72.72741635594747,5.68689315411318,47.210707799071365,8,1,6.848863862755344
1.652825315770131,21.00636702138341,4.720926700236092,14.068808491722333,9,1,8.511975438352357
11.229250067802814,104.51242470429506,6.446649821535336,65.9940830847158,16,1,5.8769804471572
3.056129657570239,41.84831328516465,4.381724496390127,20.919881084987033,15,0,6.845220402598783
4.023362940343757,53.778364922579186,4.488826998889871,32.415537335817845,3,0,8.05682654447482
7.539149328411788,79.51577748346276,5.688795029373689,48.32227167715855,1,0,6.40951247577135
2.8533287036898956,34.897813200178916,4.905743555888941,22.14181981376729,8,1,7.75999617048457
8.727261460767602,78.95990802207595,6.63166536997049,58.14773986190039,10,0,6.662770460504346
3.7166914533843194,46.19439925096898,4.827457241981158,28.7778907833865,14,0,7.742878617804587
6.464907135581563,66.04856379887917,5.872866960681381,43.12932787741912,9,1,6.671298902352963
6.202019491602331,64.02757396287438,5.811889260584976,38.60746733225896,3,0,6.224983230790279
5.292708592914306,69.33287295644007,4.580259003176951,40.635363209962854,18,1,7.677612038638224
5.087704045362476,46.97968427198548,6.497749983896336,29.557380545624724,10,0,5.8095715242255
13.608870305874735,124.47328677871916,6.559899232066267,79.353082359677,1,0,5.830982335500804
6.928606238681805,75.7454105215235,5.488337464390401,45.802762440721324,14,0,6.610674768181873
5.24710131192015,56.91204582356449,5.531800415174232,35.36489925329796,9,1,6.739892590401758
8.115157209103366,81.92361085979788,5.943456684050306,52.62034201063972,12,0,6.484204884116309
10.492218521118538,108.0658741837341,5.825457074420896,69.2251495161258,20,0,6.597760938431727
4.762693563741355,56.399696366780915,5.066722557619888,31.879798566893854,4,0,6.69364890691194
8.89827197591873,86.24262391041518,6.190631666189916,59.71205691370183,16,1,6.710522793110813
6.193631165744977,64.19249036969907,5.789117508986911,37.40336972201684,2,0,6.039005023237919
8.74617216825095,91.01289641119789,5.765889789114449,60.44561935338093,18,1,6.91109415531535
3.8046003014421235,47.24385686807644,4.831866685312431,30.905885965998486,8,1,8.123293780501383
13.693399801365034,138.14012034115382,5.947613090627481,90.11897542318638,18,1,6.581198002719735
9.013770023326368,89.62494671196752,6.0343266159774025,58.19329444300392,0,0,6.456043840968637
11.405462913560008,116.73146143658609,5.862410753636961,65.02635126898475,15,0,5.701333804844924
13.390556019633655,138.21709061926825,5.812836586114742,81.40016596276095,6,0,6.078923522175589
5.958501502399467,65.90766914605895,5.424408035909822,40.08443539685322,9,1,6.727267817371762
5.181307341388734,58.014795346406444,5.358606173254052,34.48593291595685,5,0,6.655836190314406
7.113482452895099,74.60808200228806,5.720679793921209,46.14201503436513,9,1,6.486557792180384
6.425693280593531,66.12691514794614,5.8303278774314125,46.11370764944702,18,1,7.17645639712009
9.387156105553425,90.85652956147987,6.199107197376333,55.41860434504095,1,0,5.9036628049953705
8.155355357123446,83.60936828847244,5.852470021530726,49.44084578080915,14,0,6.062377862863343
5.429953398371296,63.574374117934056,5.124662388306105,36.01681491632261,4,0,6.632987849789978
9.91347870291376,95.88638003105822,6.203266011107763,63.301115287864754,9,1,6.385358478579204
13.719722570572827,135.02510015159052,6.096520967658567,78.95232219334238,13,0,5.754658797743164
7.4989250538034815,78.34170580887074,5.743243634826012,51.91223645794443,2,0,6.922623720797738
6.028889065262936,76.92683645405519,4.702303650973904,43.61297417453694,21,0,7.233998453516885
9.319180343318891,100.2092914046405,5.579830101195988,58.19422366104189,16,1,6.244564598727023
6.96029137996181,78.88200820968945,5.29420449955546,44.1859404605877,14,0,6.348288893162708
8.616869822828653,95.07209734251533,5.4381064878276995,55.65324164622536,22,0,6.45863785696093
4.150968806526622,46.08455325657748,5.404373283276868,31.107723656377036,9,1,7.49408755071008
13.552469732751854,142.23277981797287,5.717023776134901,81.52057720748056,3,0,6.015182384836631
8.696379360466592,91.22244640285781,5.719894414184984,57.00782254983649,19,1,6.555351392441764
2.91334596679659,37.95212210488757,4.605823029465963,23.72798946565199,15,0,8.14458349131203
8.968590853324434,85.42894108409548,6.298983042172441,54.30468726456064,10,0,6.054985465685642
8.528194697901963,86.34406942970419,5.9261937183850755,53.815333287443536,2,0,6.310284320863682
4.853163358890792,45.082836868407554,6.45899463654877,32.37410385431271,6,0,6.670722054926238
8.224363073757742,84.53016324538093,5.8377005968035816,51.39443381562658,13,0,6.249047294569921
6.6191462432720956,68.11451124059758,5.8306044829933,39.12429745374706,1,0,5.910777011992174
3.9943940734521304,45.559438593311995,5.260460879390858,27.641993183405955,13,0,6.9201968246254015
7.173333611896833,68.24426879162588,6.306756953143932,43.128710882306486,19,1,6.0123665252064065
3.7431854240743014,49.91028975878578,4.499896244439715,30.893694276369896,10,0,8.253316567669094
3.5602050766221867,47.59704148568619,4.4879323993608,30.73765039808888,14,0,8.633674110495853
1.9991717262060749,40.13122001131761,2.988952330343725,21.931855984706115,5,0,10.970471269282735
8.715972254053774,100.41255730649911,5.208096967861792,60.14418875954121,13,0,6.900456656636133
5.304454693288668,60.6773264069822,5.245242340814422,38.59487333878426,4,0,7.2759360896447065
2.8649258805701328,43.92474952728685,3.913409972376128,28.28384602614147,17,1,9.87245297267965
4.825958647958936,57.00146279748114,5.079826107380731,35.12095739542688,12,0,7.277508979543523
3.040890533211136,36.80389675849261,4.957448750330125,24.96875852474612,14,0,8.211002090357878
5.223241450129283,57.34045318017556,5.465504188168983,34.76827182639764,7,1,6.656455030532252
12.589721033073253,129.1410125009781,5.849290224348163,79.39237996666095,8,1,6.306127018866964
6.998946100970761,99.51805333366465,4.219704385196116,54.83717477161954,15,0,7.835061733653523
8.9458767122676,99.51413341936083,5.393732370397438,55.14187793269543,14,0,6.163943424022224
11.103079228058938,113.4061569394803,5.874326153553098,73.94337170533231,16,1,6.659717560014136
3.720560017643051,48.38778950912486,4.613428373628975,35.805993990750515,3,0,9.62381840931392
11.757002711205836,120.66223505682512,5.8462381567864785,73.79861550460974,4,0,6.276992301300637
11.392208706830809,113.98814387048178,5.996522964585751,71.7764984708993,7,1,6.300490126015849
6.4361158643779115,74.46386290983155,5.185964530611111,44.32464685292711,9,1,6.886862789132114
6.045695561409468,65.47847945695933,5.539861901084729,37.18104651058604,12,0,6.1500031109601245
6.512893633472155,64.54697252603509,6.054096771939386,40.221366309082505,12,0,6.175652263437885
2.6637381313282478,38.863613716944606,4.112440213196416,24.356135150938613,1,0,9.143592181410737
3.3780061389259,46.094078098589875,4.397102115851938,28.149522350196175,0,0,8.333176789059015
4.54053546940564,51.98998769602291,5.240088336954516,42.606127588612274,19,1,9.383502865618944
9.204156950143124,96.69656066431062,5.71115883765259,56.97151999915178,13,0,6.1897597257145724
4.027544976116357,54.01324289688611,4.473952786510303,30.54518312156918,1,0,7.584070023476932
9.646485837046436,98.50751205049329,5.875583883654564,59.21543531394345,20,0,6.138549966717626
13.300980367862994,129.02679896591772,6.185217555328068,78.10914099776589,8,1,5.872434876040293
8.640514165570265,85.5087308687563,6.062899597117553,55.44095463206214,15,0,6.416395317419527
3.292534232127237,40.11009529390459,4.925245190271477,24.28201391847313,10,0,7.374870603178219
4.955627004148229,65.8099944628035,4.518122553815926,37.94235428981074,4,0,7.656418503259054
9.89402007825879,99.85602544026085,5.94497129320128,69.34508122013473,16,1,7.00878719384391
6.772648730391275,75.11053911084909,5.410145215756831,45.68324787788123,8,1,6.745255762768902
8.781266055993594,89.08452426145624,5.914337734052158,54.553136979648315,3,0,6.212445521157332
10.58616679351958,104.81411522671257,6.059966315007327,63.45916573306643,5,0,5.994536735611756
5.115318429908417,52.76205275915705,5.8170425475198755,37.67119191611044,19,1,7.364388440776871
3.3529715439452685,42.77838746894967,4.702802151734674,30.86580417611483,12,0,9.205507345223882
8.101137790631617,81.80772211426817,5.9415939580735655,44.241425542037064,10,0,5.461137272988875
5.632773109534235,70.33694545104706,4.8049625186989555,41.14113458511929,18,1,7.30388634249839
6.268000558584108,67.76699156326303,5.549604974922955,38.00855383795195,6,0,6.063904028518112
12.443753950612921,123.72660131035227,6.034476249484635,78.03496206750035,3,0,6.271014548922088
2.919961391976778,37.198563148169,4.709797064493076,25.772568407550242,2,0,8.826338758576027
6.616479771790216,73.77470280956908,5.381096381128638,44.57663516341725,2,0,6.73721324645661
5.459133532855023,70.07766037892719,4.674071739840749,38.016191372522435,22,0,6.963777519587562
12.735112701465953,120.37735791148559,6.347595389573269,70.87945565212702,21,0,5.565671644505196
7.801863901206618,83.88363355365311,5.580490665953167,52.956254525170245,9,1,6.787641414377935
4.756407362696934,45.39498433424532,6.286695456496195,32.940545903542365,11,0,6.925509821106812
11.305585956100991,121.08952306511392,5.601931035778344,77.7226544878365,9,1,6.874712623443806
12.241519473725788,121.52484917797278,6.04395869150915,75.21065297225424,13,0,6.143898486922341
7.043616701977002,66.42307431902707,6.362502887005944,43.1046668954507,4,0,6.119678102778091
11.31808035466776,106.2080843561205,6.393908951441621,62.214065852144095,15,0,5.496874372913071
16.71762414513239,167.34195764874642,5.994058291187066,103.85462904073923,12,0,6.212284002746778
6.31989172518349,58.89123384748818,6.438878568803881,41.02437897855705,21,0,6.491310415190058
5.711018754514377,65.06890083367665,5.266127456905144,46.30170829141702,7,1,8.107434116691879
5.61300182336986,59.94573747614011,5.61808267912691,40.542391276174996,18,1,7.222942830229599
2.112229446866669,29.84151422542266,4.2468946399520435,21.705417893905402,3,0,10.276070114496193
8.984358849675862,88.81615354290119,6.06940865458857,56.13681501938095,2,0,6.248282816687164
6.3551108228112705,63.47889772245848,6.006825308086156,40.18989933036299,18,1,6.324028085569157
7.021161748542829,72.26583593625051,5.8294448469978795,43.49507943965748,21,0,6.194855067779124
7.004552406045807,78.47279266444717,5.355654234963364,47.22358853155632,21,0,6.7418424181959775
2.2722241067633613,30.694515066662746,4.441622423736323,21.546414082667194,1,0,9.482521560498137
9.276533995067169,98.01620218572097,5.678571779892065,60.70085731865968,8,1,6.543484597904517
2.4207139345224005,32.33298639871225,4.492094676325003,21.251313151227524,11,0,8.77894444616412
12.882111695549892,131.6064733435996,5.873014313779446,77.23759938915352,6,0,5.995725018890742
3.5100504619293766,46.080107649040144,4.570367528647679,29.025348170062,7,1,8.26921107969131
4.630417887167474,50.42943588889135,5.509184632605578,30.894143048922565,8,1,6.671998899827414
11.455485489775553,109.3773035096758,6.2840196945038995,67.86952098407491,0,0,5.924630697201876
5.912922875913494,70.95022169298565,5.00034198751325,40.356673327339145,22,0,6.825164842202411
4.771010153081652,50.05876014204605,5.718491795893664,31.44701472034934,7,1,6.59126971256545
3.4928052369582714,46.43995698140929,4.512672445010878,26.252317445475413,14,0,7.516112598461799
7.964112210891447,83.86356705595405,5.697906128112412,53.44387350734185,18,1,6.710587707975013
2.9085327908046734,35.39841949076385,4.929936702225195,23.62441631775027,3,0,8.122451427207169
6.679276142922024,74.69028824805625,5.36557801523481,43.96709372207971,4,0,6.582613561900909
0.7766992252613687,27.19756185882473,1.7134607049551132,16.864252236820196,15,0,21.712719271923017
3.132796802616154,43.948242630550766,4.277026722936648,33.754540025092766,23,0,10.774570504191281
6.0089055166704215,66.85588777609087,5.392708750016185,42.0456531097671,9,1,6.997223203646728
6.3329648604352515,78.72556763268523,4.826613552016564,46.933944370624964,21,0,7.411053969972492
3.2265183347827877,30.993061438201448,6.246272265583632,20.111126414223335,0,0,6.233073650138497
3.781614769115865,39.36129799539777,5.764466562395409,25.49529386582262,17,1,6.741906678078522
10.419688106162619,102.99049105374834,6.070281634481086,60.580437905413724,23,0,5.81403563025884
2.8298090208175473,45.9842214028009,3.6923217588438066,26.590934163911708,17,1,9.396723937302824
3.352025926674578,47.82525981047003,4.205341620673113,31.737808779962297,2,0,9.46824680781876
6.960193915476881,64.34402831100132,6.490293596635309,45.29732919803789,0,0,6.508055630075692
17.797074299047374,169.5554179951821,6.29779024798361,108.450745281464,9,1,6.093740097903005
6.0155301122115565,58.196811382769404,6.201917221182261,36.35016167160019,13,0,6.042719593042877
9.782765710716191,99.80218731075439,5.881293371009332,65.26007058603423,15,0,6.6709223665192505
8.560923212331225,94.45930313719865,5.4378486361878835,57.75339841951791,22,0,6.746164751989532
10.541572130412845,112.72807196262919,5.610796998590118,66.43810514121887,14,0,6.302485466047551
3.6086290383779964,46.08571445914409,4.69815310110093,28.88239939950494,6,0,8.00370420243777
9.306072912419591,93.20453417919376,5.990742614213079,64.56013804707679,0,0,6.93742018299866
1.891574343143847,28.451771065859067,3.989012154143874,20.24728514286566,22,0,10.703933057801013
3.6566258530801647,49.00931268433172,4.476650235802048,29.424051859818203,14,0,8.046776739554254
9.751859418442747,113.85055543723708,5.139294778663789,66.85505642068473,16,1,6.855621430949696
8.50095188993636,81.39796991957299,6.266214180773237,52.860308271107066,17,1,6.218163442812142
10.462733901283022,115.69770101444479,5.425898946761313,70.32724405092824,19,1,6.721689064681667
3.0638935706442614,41.039378989602966,4.4794443474699905,24.51109979027683,20,0,7.999984080753415
8.58859096809783,94.21883821766883,5.469346341284357,55.190023728465796,20,0,6.425969513913071
10.167123075546765,104.61510341252497,5.831159790831605,60.61389481477104,4,0,5.96175480166609
0.592963573349739,25.761834321997426,1.381027994990453,17.662501524557374,7,1,29.786823876514518
5.780199366723573,65.99988290544259,5.25473601976368,39.91190250686206,0,0,6.904935275525899
5.027873939556479,53.35829497014366,5.653712071238181,31.724146898854855,2,0,6.309654394726794
17.088286382747423,168.4952621385663,6.0850208483706005,103.0456067594446,22,0,6.030189596042872
7.277507085604921,84.25821399679882,5.182289113710442,49.41796156460368,10,0,6.790506829234637
9.100311344311587,93.90408682929834,5.814642355782282,61.03893584346589,16,1,6.70734588455812
9.5616257250909,85.61014702212302,6.701279736819066,56.38891546373665,13,0,5.897419234447244
6.250514024083672,67.56502339423123,5.550665456841103,39.55357505883161,10,0,6.328051566067829
4.733030505441399,55.185576385068146,5.145942996861086,32.408027597605255,3,0,6.847204462415124
2.283001420439183,32.27744441676857,4.243833045071808,21.945862172825628,17,1,9.612723836415258
12.070772252745346,117.66408374243619,6.1552031183116025,75.464558871721,18,1,6.251841828476014
6.24829595770305,76.17276480387251,4.921677169359143,48.79124998511463,3,0,7.808729022344661
2.9405734571345548,24.22735438466675,7.282446305393413,22.185540015873222,7,1,7.544630440040749
13.00892948329518,129.64422918822112,6.020597861432822,79.34794605707019,23,0,6.099498514382849
7.637824146947343,81.3883076653105,5.630654598463473,51.58245420443983,20,0,6.753553526766665
10.004969342495574,114.61384357618087,5.237571150388406,70.68971764973243,15,0,7.065460695564715
4.626880588365881,53.555312425210225,5.183665685633672,30.973162764269635,23,0,6.6941781126036615
12.853092984182421,130.35161027984464,5.916195261380583,76.99116453423731,21,0,5.990088504688017
4.464672803492802,52.93213031208781,5.0608272637081795,33.34030204368791,14,0,7.4675801589771895
4.684808140003582,54.729842603229145,5.135927220511142,36.355694835232306,13,0,7.760338043470977
5.263708419463255,69.95112957609938,4.514902147851866,43.09236822458068,15,0,8.186693636988132
11.123242624475571,105.43926238898447,6.329658822976163,72.59432017714734,19,1,6.526363096441938
5.19064427548271,54.71256970984836,5.6922688548643166,29.816174960668864,23,0,5.7442146635826
19.604255942154605,192.96333248321943,6.095745452735516,123.68168231532975,7,1,6.308919995753561
7.257076018191671,78.85472636222275,5.521857486276192,49.82499636397017,7,1,6.865712339111702
3.770676627523933,44.23671719594631,5.114317064923792,27.464455200019028,3,0,7.283694125224931
6.693358518911832,71.81688029853942,5.592021116278947,42.28266003709539,0,0,6.31710671371141
13.971374269706153,143.22591620075502,5.8528685200196335,88.24422250038575,8,1,6.316073193438379
14.570268539384974,146.0429549992241,5.986020430548964,86.34678685619015,5,0,5.926231669840927
8.008651534854534,79.8000870260924,6.021535940608131,51.50133330522194,21,0,6.430712221786959
12.599986238674395,126.82653422603072,5.960891219917112,72.18743294780661,11,0,5.729167602281542
10.939784248607186,110.15924309051857,5.95852909389613,68.74978865660353,16,1,6.284382497338236
4.743149730441106,57.51087780062788,4.948437490609113,34.148500998884714,4,0,7.199541009579083
3.5503378422134246,42.026573132056335,5.068704266309103,26.642589681843702,10,0,7.50424068522832
0.9400526091211762,13.210625968563411,4.269529444061925,15.499148540818544,19,1,16.487533134244668
13.581496056843294,138.26769062961543,5.893566021822724,79.04538320237113,5,0,5.82007923659799
6.117554350496052,70.34970421951645,5.217552299643287,41.29188156021681,9,1,6.7497367729750675
7.035895321897575,83.81485195538895,5.036741215489456,47.60803354691682,14,0,6.766449949695524
9.29505213049371,87.7580954467129,6.355004914256171,55.879420871376375,4,0,6.011738297632153
7.978218690847258,83.38167499485081,5.740987111141589,54.848766356342416,14,0,6.874813599590321
5.842486868380922,63.199980655704856,5.5466664461900015,40.34030121893368,14,0,6.904645594883954
9.868084186915027,98.43546472202652,6.014956630589392,60.696704505375706,12,0,6.1508093522204526
5.334940547598198,50.768345549967925,6.3050396736061085,34.571575003850256,3,0,6.4802174823512235
10.210736383518359,97.4989197915774,6.283599698547898,70.13028758583454,17,1,6.868288921750562
3.605304612849454,46.07086930922194,4.695337422853168,26.327170195292528,20,0,7.302342803840044
14.030639595695975,135.27725972247404,6.2230590527101075,80.99241723124676,5,0,5.772539211690101
4.1455440244305475,44.351437949001436,5.60822045390826,33.82774708846989,2,0,8.16002601567273
12.168233427100198,130.09647598925073,5.611942983654193,74.79541289991732,12,0,6.146776633437888
6.475453750381911,84.52141034803735,4.59679060516217,50.47340327270331,4,0,7.794573974020967
6.057426621878952,66.1782595216004,5.491918342066846,46.42969130212311,7,1,7.664920138598574
9.09196196667772,84.81458971730297,6.431885360984922,53.95084741020354,15,0,5.933905971883165
12.195633812881656,124.13913079103668,5.894499374291846,80.60200369693469,4,0,6.609086902215669
8.67769017000273,77.58698828278474,6.7106794802046705,49.70475998020329,8,1,5.727879079161414
5.838749925784532,56.447740020678125,6.206182841310204,38.222453084700916,7,1,6.546341866074202
8.566752485582608,91.5826659251573,5.612472010314802,56.79273901973426,17,1,6.629436197125275
0.5258683226129068,8.43040969121963,3.7426531464581476,12.326199311745082,19,1,23.439706827175502
7.35956296342481,76.45986354507676,5.775236278641272,47.34966941165035,20,0,6.4337610326817485
11.45796155460358,106.2198888934788,6.472212505942673,65.67031864782159,2,0,5.731413771539194
9.038902409930781,93.68767877658979,5.788745667283654,56.799181202000234,18,1,6.2838582192896135
5.817107768291917,71.09341286518256,4.90940654036948,40.215660989949704,6,0,6.913342951828837
16.604405178093305,157.7625544773858,6.314960568342002,96.31710365759676,21,0,5.80069581683485
11.918946045682741,119.1540159005498,6.001784810491349,73.38132822763755,12,0,6.156696065774843
16.333603142434416,154.10735252903257,6.3593084461134834,94.05065818484944,22,0,5.758108444578739
13.662225608378654,130.48529447696907,6.282190953306266,85.53895367674338,9,1,6.260982370565215
6.102120119707028,61.93085737022929,5.911870475063409,43.33123494555767,7,1,7.101013106185473
8.111617510454622,89.72013839267801,5.424613240086088,56.35029630349732,19,1,6.946863092456036
7.31628231594616,69.3655291353188,6.328459458593765,49.96826114897849,8,1,6.829733871814987
3.646907554231274,42.83104356584395,5.108781739522504,31.276379010582097,18,1,8.576137054610587
3.2197473287052856,43.436627217130194,4.44751013370878,24.2490314006349,1,0,7.531346073167128
4.349142011122384,56.601068398477636,4.6103108660465075,36.87208707577053,16,1,8.478014050006829
4.815881930781205,57.986581630759886,4.983099671003761,29.50220170158453,21,0,6.126022632120229
2.5495474909010807,34.51012666838776,4.432694522509308,20.199965612691503,6,0,7.922961107718875
7.327645511509788,74.5354758547463,5.89865061769228,47.91279380702495,23,0,6.538634235480777
4.278736692875087,56.060528316837434,4.579411027337745,31.961909879295895,0,0,7.469940819802857
5.523628339732099,56.50930910053063,5.864833700131256,32.35190985754238,3,0,5.857003380338127
4.044609401683657,43.288264173618565,5.6060590262456245,30.10615278535366,7,1,7.443525392791035
4.231264681261553,58.19637691270019,4.362400107081063,41.6116655161948,7,1,9.834332912444575
4.984017504583375,59.01772798327498,5.066969883350095,33.8208359874019,14,0,6.785858186954554
13.412261046758484,135.08398819413867,5.95729866702608,79.64629513607565,20,0,5.9383197850391385
0.5794811926650293,20.806626192959676,1.671048022752794,17.496142261946343,2,0,30.192769814464086
4.382646937703307,50.874692685023625,5.168754883498444,38.3537712105963,17,1,8.751280163739427
6.291806392791537,60.000099102360025,6.29179600059433,43.53785358660681,19,1,6.919770073740303
5.6664849463918285,64.50536403348717,5.270710457614169,37.17236918506189,13,0,6.560040225419048
6.684133668483786,72.04779735368739,5.566416113184641,44.496288483620084,23,0,6.6570015937029465
2.622603513455425,30.448996109115274,5.167862028798349,25.44733171463225,2,0,9.703080005831298
1.5178036651784637,19.12592139844657,4.761507590327359,12.855749691374228,17,1,8.469968801836202
7.096528736558795,75.58953557675494,5.632945366639689,50.743242277859245,10,0,7.15043145199259
2.492627988620187,26.28685374716004,5.689447689545921,20.510441909634658,9,1,8.2284408276216
11.031953891340294,110.42713704189535,5.994153712681064,65.43500348042913,14,0,5.9314065418450825
10.89779631921338,108.4959280712601,6.026657320478817,71.49739068855071,19,1,6.560720038646446
5.652870418416401,62.1609353613217,5.456356522524703,45.262654379978606,11,0,8.007021394390732
6.926619238449793,76.75550857130295,5.4145580173039125,44.07773418281015,6,0,6.363527814281146
4.17962488739147,53.34835125781593,4.700754331311176,32.637725632862406,6,0,7.8087690910539616
2.939020942915488,34.18220651861536,5.158861130831189,23.41737272740285,22,0,7.967746124385552
9.07456790335193,98.88986021141953,5.505863523692608,60.86725762482094,9,1,6.707455194901128
0.8788050211207459,18.59302088165225,2.8359190043871507,12.244711862034716,8,1,13.93336584083117
7.759326305829696,92.35374506541056,5.041047095816678,50.98961661695593,13,0,6.571397387766342
13.946663338078405,134.00744456896277,6.244427710537166,89.64102309125691,16,1,6.4274171476206154
4.525909327075594,43.06520370376196,6.305660632479813,29.543515243264856,0,0,6.527641874424014
10.63399516015804,112.70780884815235,5.661007131006273,65.77178263351774,0,0,6.185049141261811
8.46210182424794,90.71264190091493,5.59708215762764,56.49760151053003,13,0,6.676544750222407
4.505292250490831,59.757599248746956,4.5235675199103325,37.313643377736085,15,0,8.282180445379751
5.3439397904578705,61.953320963264886,5.175451169398861,39.903563614414836,11,0,7.46706833891852
5.259882705115539,73.37899779683227,4.300862260080585,46.22613715109254,7,1,8.788434979003421
3.736085997593077,44.49144592731196,5.038387833513327,29.759728001643577,18,1,7.96548259885235
2.73487976334517,42.89172906434024,3.82574424907331,21.859141149228684,2,0,7.992724741394722
6.848947884648408,70.48778664891837,5.829901783207861,42.593600835040206,15,0,6.218999115252687
8.676847333301293,93.04228515771565,5.595421900005916,59.924215020564056,10,0,6.906219819101577
4.628866738820566,57.72793529176143,4.811050367998699,35.128810381301584,8,1,7.589073603413434
10.163793347734133,108.46951686705701,5.622110418464095,68.06303327670106,2,0,6.69661719281952
6.200549674361405,72.46290652911156,5.134116174490215,47.692300737206104,16,1,7.691624652957553
3.35756929415075,22.797713674577484,8.836594779839412,20.294734488719993,4,0,6.044472268696174
6.7458071954964,72.30020122497598,5.598164664443068,46.902447648098125,12,0,6.952829556025688
5.630546456697897,59.224272271016495,5.70429613479952,46.37968889927627,21,0,8.237155888147347
2.379193449926777,31.14542964650212,4.583388593955029,22.63159366809239,17,1,9.512296559486959
10.520170812085754,104.98107866015059,6.0126096700580405,63.04453075224648,1,0,5.992728813853463
16.33587968914779,164.887761202099,5.944363451860551,97.07574105313411,23,0,5.942486287874855
1.7611166474654367,29.065525104997175,3.6354753085042013,20.269769717771,14,0,11.509612237748613
5.227315835232004,56.00070294154765,5.600625235745522,44.788926104422714,19,1,8.56824563814305
8.11173615045159,76.19603667201437,6.387526048396875,47.533250722577556,1,0,5.859812232666286
4.536917045579867,62.03059937143462,4.38839904004133,37.598821131511016,21,0,8.287306281727592
5.790645066927897,60.231897615635255,5.768350621008563,40.143814098630294,17,1,6.932528869348875
8.023342683566158,83.42584547364008,5.770400746685591,53.87934996032186,21,0,6.715324533087742
6.577535406185926,84.0310319639093,4.696504554896525,52.0721895023072,23,0,7.91667186668965
3.5262859673050504,40.01592823962794,5.287323507062303,28.669574318320667,20,0,8.1302465495251
7.799889384343648,80.54492909304135,5.810339252021901,50.29386767563577,10,0,6.448023195891507
7.275125117357429,78.86920175917105,5.534574932992623,46.0959700501422,20,0,6.336106844425765
5.372437540779162,50.716258856889795,6.355875999378038,34.944711757028685,23,0,6.504442628096273
5.757704045566164,53.48854300665355,6.458621291871738,36.3157821237616,21,0,6.3073374102524955
4.695954170216174,51.373908320315664,5.48444257844308,36.192051618191904,15,0,7.707070875550269
3.2941259614524783,38.96511497808848,5.072423315016347,27.891640495277525,22,0,8.467083779327998
3.253696774626875,42.0886282634866,4.6383504174920915,23.16659992420723,14,0,7.120085714460566
9.74792502308982,93.86335921398246,6.23113754166879,54.5090573534645,10,0,5.591862598896626
6.302909536317937,71.33006842146341,5.30175535434202,46.02340206092545,4,0,7.3019296557779265
8.60185126991514,76.4763599329727,6.7486354822228884,48.835418833145404,11,0,5.677314952415723
12.686165201884176,125.75373841702957,6.052861105320214,77.94368807378392,22,0,6.143991256097435
5.470496267673243,63.3955242521201,5.177491312399989,39.37206888254206,2,0,7.197165843106975
2.643143450921719,37.75895650142644,4.200026212305736,22.923566276736825,20,0,8.672842281315795
9.63595077770409,97.74689806104846,5.914837791590621,55.16289060357049,15,0,5.7246961795620415
4.199345540588959,45.832078318905275,5.497475603924473,29.37032643124359,3,0,6.994024699173576
7.218738088482,75.81742037127792,5.7127278030287805,42.626430235268195,5,0,5.904969776266248
5.168102621734195,65.91667902763173,4.7042138936348135,39.687058837118585,0,0,7.679231962271155
4.289212956662501,47.00611199576599,5.474879041749523,33.69135189936084,17,1,7.854903041600567
2.65483352364259,41.76216613885592,3.814218134397738,26.559193601100482,8,1,10.004090035995809
4.663460510416306,60.79461258913723,4.602507010217782,36.671426238552506,4,0,7.863565298053495
5.810137355079557,53.87588523816797,6.470580293273855,37.167275563497654,3,0,6.3969702077703685
5.122603086949837,57.33452181833638,5.360752570516659,35.0559492688074,12,0,6.843385808694548
2.020841558568346,24.321123687933067,4.985398498436124,18.668467973549518,8,1,9.237967169863177
9.472634541847299,88.24270775152362,6.440850320586684,57.567257943209675,21,0,6.077217239712411
6.546949483670992,75.67473038100584,5.190860503136402,43.6793131042365,23,0,6.671704618032996
10.840274477440248,112.40240781056256,5.786499429287979,64.69626531630719,4,0,5.968139040293392
3.2275093757924864,42.62834082099893,4.542765653505237,28.50712447711305,20,0,8.832545829588296
4.116075664506927,42.531699449850706,5.806599385044853,25.975615401283317,1,0,6.31077208450564
10.845589745600416,110.87309328824864,5.869191211651672,62.24280485018522,10,0,5.738996800559824
8.501695307312993,80.65247863821442,6.324687437406113,52.39079754777269,13,0,6.162394164221241
12.914446617280717,128.69359120856745,6.021020858614895,82.39254321584939,6,0,6.379874078816555
11.539265263160177,111.88408233396443,6.188153858410237,70.36756655677242,15,0,6.098097664972245
4.942941548368368,62.79121884831011,4.723216053801507,37.955308947775976,13,0,7.678688606039611
2.5501035396996676,32.77206191232506,4.668800296768536,21.578155897833582,22,0,8.461678344391812
5.3531795738592995,61.5660691272108,5.217009612354786,38.413568768827616,22,0,7.175841616897954
10.496063053173472,107.86477562229592,5.838456340887567,67.1456355819754,19,1,6.397221057249079
14.395548370707868,141.1051376640482,6.121200946622515,89.66713602864577,18,1,6.2288100265149255
4.39449892711967,52.18248288213898,5.052843810109871,32.91225512177415,8,1,7.4894215853970305
1.6683600622416492,28.83792200038196,3.4711795022253376,17.22339164751616,20,0,10.323545880362534
3.674002115835897,39.6876548764246,5.554375224148113,32.41510482237195,8,1,8.822832377437804
12.690154983014658,128.6290308929001,5.919420318223876,87.97260689804807,18,1,6.932350866935543
5.82332256284196,69.59308804446474,5.020604252354454,39.40520624905083,11,0,6.766790921130063
5.894084147743757,67.43084559030888,5.244559011068535,42.64328031986661,12,0,7.234928998458627
7.075629040615702,73.55562089912542,5.771656023666166,49.584152145263154,19,1,7.007737666946496
8.43651605557787,88.97505448316915,5.689133502361892,53.402155683210516,3,0,6.329882540542698
9.406072465294944,94.47208515381067,5.973874155512192,56.89540344329545,20,0,6.048794930425979
2.804510365610733,36.52815374787055,4.606600790669677,22.913025677056286,19,1,8.170062752492827
3.5579726480605824,36.89562987438314,5.786006624916147,22.91209751154306,11,0,6.439649704455213
3.5825676695705697,52.523505129328015,4.092530756371938,30.771010168333582,15,0,8.58909391431593
8.51304555811519,100.2303352488478,5.096089245025079,61.636389057392684,6,0,7.2402277935229495
3.4866979819987485,39.15669703366552,5.342684515500903,30.44522109428077,18,1,8.731820550981034
3.7722626807833244,50.66738977083863,4.4670894212368895,31.328115176776016,2,0,8.304860458516801
7.919632459463508,92.02390126147964,5.1636361972703675,60.58918267741963,17,1,7.650504362108246
3.5469643028808577,38.17691631147877,5.574516716764336,32.82767006634844,16,1,9.255145319530191
6.489200291008501,57.452206224939374,6.776972427065762,40.0708714685647,5,0,6.175009195522487
11.485673385971937,124.47185648998848,5.5365158244727,82.92525792805783,19,1,7.219886474339315
2.3744170335626165,33.307805556749415,4.277226302736363,20.809304734900174,6,0,8.763963718571178
2.2932289224655267,29.52211614830316,4.660700291833249,18.662980111815333,13,0,8.138297894721362
10.7768242358348,109.2754545433051,5.917243326531679,67.10158309126335,20,0,6.226470954971967
8.060351787500533,82.32869104034305,5.874271789564174,60.49993135296258,1,0,7.505867355167044
4.93067002561096,74.13277653905715,3.990680173442485,43.09544772008593,9,1,8.740282252967429
18.57877521445774,176.02473173704374,6.332783478021199,107.92828374849731,15,0,5.809224908674769
8.871361640034962,93.80620723416544,5.674269476361835,54.594955672911496,4,0,6.154067198267924
5.951340540632311,73.31554016461966,4.870460364012392,41.542531018039845,12,0,6.980365303314685
1.757946843362198,35.54608476828561,2.9673256925285565,22.007354086235626,15,0,12.518782447451596
7.761807364590386,88.43219337478544,5.266277179190831,52.55745467934656,20,0,6.771290784555586
3.4598151655963476,40.584281937972115,5.115007584785015,31.1715487763076,7,1,9.009599439377782
3.1715095710677947,39.63099428498299,4.8015594283530945,25.179395045804473,19,1,7.93924611658258
11.986703273140538,106.833541576866,6.731988716024838,66.82638623374093,15,0,5.575043004817145
7.31015142159107,77.34439017610427,5.670858407400999,47.67914577446116,12,0,6.522319856964563
9.664587978286022,99.17813207016563,5.846805808834113,65.80581165336146,14,0,6.808961934146713
5.919642318209383,69.72712008555922,5.0938363531541,41.76626097021539,23,0,7.05553794048306
9.95197827840229,112.34072868348156,5.315246782727492,62.06736718841443,15,0,6.236686360450824
4.732127139954744,58.85700212359072,4.824024638582169,32.62535297831868,10,0,6.894437113249391
2.848153898036277,44.05725600882003,3.8787988486610576,25.8692059198055,23,0,9.082797786187607
3.986694834502351,47.77545727394548,5.006790174682234,28.405480999004535,16,1,7.125070309664251
6.021103264178475,73.89571475934892,4.8888653019626265,40.837862418121766,6,0,6.782455079466857
2.7016063494526676,36.3812511179497,4.4554922105794565,22.25161519691148,14,0,8.236438740018341
1.092559314634043,28.676671025328048,2.2859542804024855,14.38827984988495,23,0,13.169335208774784
8.21461119208584,90.75849838690365,5.430639337200316,56.29618353284054,16,1,6.85317688402315
8.507797306383393,90.92653017942786,5.6140692642255585,56.36222446389671,18,1,6.624772832987944
9.089024877531457,84.55684977696887,6.449406453649892,56.51441145872864,15,0,6.217873998610698
6.5578561351761735,77.58078721818661,5.071763025605549,43.55156542400721,20,0,6.641128522231178
7.4936264356512,81.71145171394045,5.502503953951471,51.140766752493306,1,0,6.824568477178052
7.828680453175536,86.67357414983852,5.419423760908876,54.327096840654974,19,1,6.939496019232508
9.163684716408117,96.35441039306163,5.706236805783817,57.87880085340641,21,0,6.316105654505006
16.40025988860306,162.51792050778272,6.05481284920244,101.57156638786967,0,0,6.193290050144523
3.2731333084469187,49.26212369169063,3.986592208974157,28.627786045486882,18,1,8.746293947639606
2.720719988620156,33.64293866035917,4.852227713078931,20.13187258189789,12,0,7.39946509236623
1.9866044894545993,32.685271803376004,3.6467883787022504,17.008929363031957,9,1,8.561809586819958
11.533881945928744,111.14032740013978,6.2266589719876455,66.50064045707448,2,0,5.765677225485044
6.741277333194711,76.13157680619591,5.31286303213366,46.23753014362244,7,1,6.858867816629395
8.287947957186768,88.09925439902617,5.6445072188568135,56.16542485277971,16,1,6.776758872390929
11.841578749289836,114.7883963237292,6.189604068983023,73.52114551564482,12,0,6.208728335320494
5.191304919795157,59.283727911758206,5.254026798910726,42.24196919124647,1,0,8.137061845504789
6.177956698029805,64.18935437585715,5.774748873642,41.53831628353354,7,1,6.7236334461166445
5.772744875776246,61.68669830289557,5.614900814529676,38.08745572943027,0,0,6.597806857748715
10.754928796909795,110.92320076324116,5.817500066482324,68.42159455023163,8,1,6.361882616079351
4.222006332515185,51.60845015036783,4.908505859269745,32.25094778778677,21,0,7.638772954794184
9.417849657318506,85.23777730430243,6.629349066925846,58.96490820008792,18,1,6.260973613468861
5.583432691453963,64.47382694565925,5.195999328062103,36.375373120750425,22,0,6.514876265353176
13.675216171488062,133.25694704355865,6.1573748197989016,83.74426849078854,3,0,6.123798515550336
7.953898240403154,81.09923651729268,5.884567043025482,47.66977026480686,14,0,5.993258754890816
7.947429076345068,76.76393222937114,6.211846250344313,49.98319470339554,7,1,6.289228154569734
2.2641593308172605,32.105086168395005,4.231403059829476,18.660051093445258,11,0,8.24149203612354
12.465912047187782,121.05510278886464,6.178630273321019,76.3098012935197,23,0,6.121477594632527
6.452192862653339,77.71087252970912,4.981691224882319,45.27189057086436,19,1,7.01651229815334
11.268348527987685,102.91854954199863,6.56928138501758,73.24694314626778,16,1,6.500237631480885
9.468056519882996,91.42896713859594,6.213385199154988,51.913132506460464,23,0,5.482976616947994
10.54027854696082,100.67271509893267,6.28190778599905,63.5517461267974,11,0,6.029418088302978
2.793579598087637,38.694162833627935,4.331784527964752,27.806249868219602,1,0,9.953627198328105
6.470144771078197,77.27007072657234,5.024049837334897,44.029865951846666,21,0,6.80508203597884
9.153181907232778,97.39736788415007,5.638662793097298,61.34266563483886,2,0,6.7017859206279216
4.729482028634559,47.99745554177201,5.912165937027859,35.57077506640796,6,0,7.521072043628749
12.92630365694041,125.7613466925134,6.167063567732891,75.24441670767536,21,0,5.821031186071125
5.527208865863473,56.88981946830689,5.829382744597382,32.589499037720785,21,0,5.8961945945260705
6.005260765871975,69.09373483625225,5.214881592466287,39.32463871361895,2,0,6.548364883187373
8.703960733568042,87.63822516082824,5.959016662600188,54.91891725734683,20,0,6.309646715838726
1.9238933465172339,20.83825202718588,5.53950497577425,16.72062144911008,17,1,8.691033460549628
8.998428124702594,96.49409223868868,5.5952201316806,55.4883052069301,2,0,6.1664442320323625
5.24979304187784,66.82768857830732,4.713429256850241,38.5322395314886,13,0,7.339763534317478
11.121966953375827,111.02566789418029,6.0104841507333,67.80451144324563,6,0,6.096449641280859
10.38362357201711,106.17501441819226,5.86783451582256,64.80550960226685,12,0,6.241126631064671
4.830094670374351,46.433044779910325,6.241367146955826,31.053560855486218,4,0,6.429182650591701
11.304164954168243,101.38205868449705,6.690038711492549,66.27079964246276,2,0,5.862511730070463
16.045944102243787,145.31899492076724,6.625125962779706,89.76107119020413,15,0,5.594003731924529
1.7910773206847521,27.851365089396403,3.8585052795849912,24.216141631570167,17,1,13.520433401675826
4.642099863674162,51.93124679556254,5.363360385259409,33.6354544518997,4,0,7.245741246350023
6.157735502785143,70.6970151717449,5.226021625800836,45.37392444100077,14,0,7.36860562141361
10.519362830054844,105.48834642570766,5.983236927955821,62.75516913932377,11,0,5.965681586723688
9.620503305577833,104.51110077063917,5.5231472453961,58.05782153941795,22,0,6.034800851402114
4.679192885643251,59.34633555900068,4.730731400584602,38.19321110999698,13,0,8.162350226506327
10.912267745832821,108.27565016328732,6.0469372731780515,69.57425969105293,11,0,6.375783779464352
3.8887265776379953,40.97790595499822,5.693887699252246,26.047421280038897,0,0,6.698187892618577
2.7405128429028713,25.167647483681748,6.5334183769375445,19.86473423344104,21,0,7.248546302158338
6.972591281636493,83.35473585368608,5.018976697767188,49.41297041895218,15,0,7.08674414189308
6.309424431887389,63.12966385755508,5.996633639099256,39.85491568673739,4,0,6.316727637676971
7.5383701427378575,70.8667276819759,6.38243394832677,47.31873136876038,0,0,6.277050671801413
7.875839168953247,83.66169693909679,5.648347659995438,47.57878791401602,4,0,6.041107098983532
1.9543334919548423,20.663753413567445,5.674671351831935,14.662158050263555,12,0,7.502382838252227
2.110257202136709,31.76542256255926,3.9859514501607647,15.086741463743145,22,0,7.149242968329782
4.457650427386435,50.10098879124424,5.338398145346142,28.820110035831505,14,0,6.465314071908735
6.892514769676564,79.57470658208243,5.197014276816845,43.2633141871143,2,0,6.276854766775416
4.919532799002935,61.29597318313486,4.815519725223818,32.100911113368625,4,0,6.525195059147622
3.6535838979329167,51.50219070266342,4.256421540232431,28.572849828683683,5,0,7.8204991665442
12.011039352352999,121.33692453822651,5.939349162539052,73.1219794713383,1,0,6.087897751913825
8.889233457448595,86.85306117863621,6.140877479838421,52.124386670150315,3,0,5.86376619757618
2.0842542632703784,24.536973341698538,5.096604787180566,15.583106246314777,2,0,7.476586000531198
6.482577403617039,67.15901719324557,5.791547590665768,42.29787882914829,17,1,6.524855191940729
16.413562983340356,171.6877159456338,5.736075953810637,107.48133280940473,16,1,6.548324268076193
8.33653031175438,85.53364441783151,5.847895551624432,58.068099262417704,18,1,6.965499685227867
2.3018535001514047,33.6827744797632,4.10035135591524,23.33993538168962,4,0,10.139626774751058
2.968900227183653,47.831676486953526,3.7241850320593852,28.637313172909092,21,0,9.645764755144674
9.667009361595985,100.53076302765518,5.769582804580925,65.7085284617569,8,1,6.797193010156419
11.388625117614602,110.00571801925061,6.21165444270177,64.51331782747543,3,0,5.664715201459545
6.077277147993461,71.07644038089325,5.13020386116057,43.226592385283716,3,0,7.112822294036051
2.2809741358462157,29.957912371099052,4.568357315939104,18.13582643436885,7,1,7.95091279175801
8.189112127254049,87.43676068693381,5.619452548047881,54.577614167810935,2,0,6.664655864971256
15.179145606989966,151.68525157336995,6.00420098178675,90.43195220315864,7,1,5.957644425092998
0.8055926472311137,16.284502631991522,2.9681937438426753,11.132216489148393,15,0,13.818666949618658
8.762098175399654,91.97711297525663,5.715833792972043,52.97943602943346,23,0,6.046432597408894
1.870596766223108,38.4356481071809,2.9200966160478914,21.093685919801295,0,0,11.276447335248644
7.528927889315975,76.0011426014477,5.943801078463704,50.62203849995758,13,0,6.723671583014291
11.207775538241131,120.77133534210621,5.568097184564428,68.4620321432579,5,0,6.108440690096283
1.5385216680117597,22.30371422335021,4.138830831326875,13.983805082881698,8,1,9.089118062895434
8.26734051877119,97.21847751854384,5.1023266747996,54.63308529754641,15,0,6.608302291831419
8.945580305186,87.37730705281491,6.142725570458844,57.21243392536705,7,1,6.395609001709975
7.404658137814316,76.27878902462338,5.824417166945874,47.83655740457646,10,0,6.460333011227539
5.167491644335449,67.5569594482219,4.589453125073814,39.57622085817699,7,1,7.6586908276010535
2.4053324941669314,42.96138895270135,3.359294314457709,24.895764937656512,8,1,10.350238479723766
9.390676247971427,101.42664619235413,5.55515336482416,66.81015864923366,17,1,7.114520497250235
6.7863511395645935,66.58606324494254,6.115109506865201,44.23784952611385,7,1,6.518650246110329
13.13109785546427,130.67433612700674,6.029231865100911,78.11790763597105,13,0,5.9490766496316745
3.840540391319671,46.572355437218924,4.947837001497827,29.881743116117725,19,1,7.780608995456985
6.199981865013073,62.66495822910598,5.936314687081402,43.34162170481874,14,0,6.990604593442202
11.767814968204446,122.09135770655348,5.783119389902298,74.04665676318574,18,1,6.292302943516107
0.620341887566955,12.92291840572312,2.880194092809067,4.557425449806082,11,0,7.346635042945071
2.208530663341199,24.133239645223206,5.4908434072049905,15.9942084614498,11,0,7.242013310900919
11.666583709514903,107.2740480959077,6.525296984645046,68.27666323075802,0,0,5.852327033411991
7.569006981983181,90.39483454601519,5.0239642696376885,57.07650244991252,16,1,7.540817783069043
3.3327513254815724,38.93186228613928,5.1362834394923595,29.31106342258294,16,1,8.794854629109654
10.843237006726499,106.65210173141452,6.100153769515041,69.86351736144894,12,0,6.4430499230174325
3.320059936890976,35.696520839243306,5.580476515079929,23.420155860508864,17,1,7.054136463102634
8.05981814346922,92.74591166962958,5.214128363207502,52.597293792780356,15,0,6.525866074955966
3.776994999070729,37.71145358162502,6.00930694579921,28.484740241633443,4,0,7.5416409734833305
5.319234783534163,52.648310346864506,6.0620005639185175,30.81113905010733,5,0,5.792400656102651
9.220224177269728,93.0510489908499,5.945268286987108,54.46820471225852,15,0,5.907470758307259
6.453153340177133,69.94897916866371,5.535308806680685,40.72132485352926,2,0,6.310298656627226
5.028252218559213,61.20608146969727,4.929169224187633,33.194756193514664,21,0,6.60164899266454
10.227032762990973,99.98972364527356,6.136850302300679,65.3614329428967,8,1,6.391045619744475
14.820013946481177,154.64612838067353,5.749906875133875,91.44833141010659,14,0,6.170596852361251
4.697322964664215,50.26318027081828,5.607273084617822,31.327836402131762,12,0,6.669295817595802
3.317582147189925,35.80675365472751,5.559144812479101,26.59443151009468,16,1,8.01620889255774
5.50124406867694,54.88854504432196,6.013543333205214,37.92553484476083,8,1,6.893992408135783
7.3863408277324085,73.83371996407091,6.002412581671433,46.6247741029424,16,1,6.3122966013005
9.552773268359868,90.96370471708761,6.301044992442159,59.95123448796294,4,0,6.2757937201890766
3.3588449035139893,46.73503274762027,4.312197560642583,28.20945051123736,7,1,8.398557040167267
4.879185450710319,49.907618641239225,5.865860464051788,28.365872886066136,0,0,5.813649260233916
3.7205894204567276,44.68833144496801,4.995383761470476,27.648822819448682,3,0,7.431301789826248
4.820967238316752,49.211409091067736,5.87786530891081,37.45863897960876,1,0,7.769942654222953
8.702504076540716,83.27577023269102,6.2701340754152035,51.188251317001445,11,0,5.882014057883556
1.9850650947289785,36.50480492909766,3.2626911968183685,23.13320095594976,1,0,11.653623358436084
12.257027440264611,131.92990043724262,5.574336401214123,77.00218153426647,5,0,6.282288418586106
6.834794667952059,81.12715926318616,5.054875380841948,45.28979355832242,11,0,6.626357595010651
3.4443212600715127,34.17087627664159,6.04781902375615,24.34980446324267,16,1,7.06955089977208
4.836893864860291,47.536521120619035,6.105066695041275,31.07621103806525,0,0,6.424827979756148
1.9673926124975667,41.57680796799306,2.8391683373270764,25.041161260459234,17,1,12.728095602976756
6.225349575504893,66.50214985929384,5.616675179984322,42.89838783498596,12,0,6.890920311331558
8.416086388391218,79.49600583148667,6.3520824476877955,51.508577243779655,0,0,6.12025291408942
4.932119779586032,62.88250004834431,4.7060340563376455,33.224217798034026,2,0,6.7362958084571565
16.748032723904302,163.1366047682723,6.159757737153135,97.10603389741516,22,0,5.798056135800157
8.405407987859721,91.06565422473184,5.538031693343038,51.37909161947005,10,0,6.112623169949513
0.5657609362957479,3.6645064022147977,9.263363861836453,13.944438812195443,22,0,24.647228038568713
13.186023593828923,128.71656312323745,6.146539314231467,75.61307130306638,12,0,5.734334597918769
1.0530538988745726,27.170305573844942,2.325451723785421,15.730503271623835,3,0,14.937984929769932
0.7064721106678672,14.516076406843965,2.9200953103337897,11.2391914049181,17,1,15.908896098238147
7.375643694482245,85.7907954527357,5.158346176108606,45.7960769622851,11,0,6.209095620568733
2.6219867560206502,27.69735034220635,5.679937012657475,18.951802735511855,9,1,7.228031450576325
2.6914176446823066,35.54727720304631,4.5428249752726355,21.363854256020527,5,0,7.9377700069073835
9.604889264046113,108.31353227435628,5.32060347162371,63.67763186845011,10,0,6.629710152600506
2.513100839828913,27.712753484574446,5.44103459346491,24.79026581989581,23,0,9.864413487515877
2.0669748365116853,32.23163653923378,3.8477255115402005,16.666950236794186,5,0,8.063450963400232
6.333576514727195,72.51278721962748,5.24065624084535,48.43994518408461,13,0,7.6481187321964565
3.1115944665495276,40.55277327316326,4.603770665335036,26.43855726820277,0,0,8.49678759633504
4.558021989770961,51.5219098185983,5.308058655999914,35.08572085397333,16,1,7.697576039060832
5.205006915874397,53.587151959583665,5.82789723902487,37.983089977927975,21,0,7.297413930822249
12.439446950627529,125.13430008132761,5.964526245422487,79.7599506218275,23,0,6.411856647517909
3.9358324167536183,46.80655079471758,5.045232793181336,31.345992933476673,19,1,7.964260063524682
16.361282288162062,150.63377120955346,6.51697776273601,97.51070772946282,16,1,5.959845078891836
9.129525115104885,100.76481075494777,5.436138894146598,62.255304952000564,13,0,6.819117551798897
5.718798051464897,58.008878559469935,5.915092510125388,42.674242672673174,20,0,7.462099953283359
6.24489920385065,59.74219932161955,6.271847312046386,38.255388240476215,0,0,6.1258616018794445
3.997553577283051,44.403891059432674,5.401626049301625,27.773840606681542,5,0,6.947709410203356
2.163462163571727,26.114842457796854,4.970649546290798,22.54505408582934,1,0,10.420821988681794
5.051806798381423,55.916815599703796,5.420702245864141,34.59562792128589,5,0,6.848169239641186
8.139572777860458,77.80144819464186,6.27718863856909,47.60507527134536,5,0,5.848596304812288
10.813724623520123,112.0113500373015,5.792479754910008,70.4304316443454,10,0,6.513059477319909
7.7866362267405185,90.36603068761745,5.170064127520096,53.17482973997487,16,1,6.828985994923487
13.066281506330485,130.23172310688474,6.019861149624794,80.41802611911683,21,0,6.154622191489988
1.1737219518889954,13.89778408741306,5.067233500707547,6.550638117087188,14,0,5.581081708955473
3.8353148214109796,41.038515340114145,5.6073882638664365,25.750454208559656,0,0,6.714039239961606
9.21661442040468,96.27721035666501,5.743798175868089,61.795911697001614,2,0,6.704838553318616
3.2110454177278385,29.097686697750397,6.621238556347692,21.205920780837246,10,0,6.604055073080445
14.727858542714,137.15403411431308,6.44291302307835,83.17654620847786,14,0,5.647565528094105
5.550713989079157,52.07140292700584,6.395887581742552,39.20855562645213,19,1,7.063695896346604
6.035750104571516,67.01432649900728,5.4039938203311735,42.249042347279016,8,1,6.99979979543542
4.678912124203162,67.08328478744752,4.18486853083736,35.214170132839385,4,0,7.526144795642321
1.6162608979589275,18.980421012381647,5.109246723993886,16.76698735411992,3,0,10.373936148114376
3.8400209170142174,51.4581665002777,4.477447812284755,29.01251436064179,14,0,7.55530112664081
4.8415180095083485,52.19040387822821,5.565986445482987,33.86665298211521,23,0,6.995048436379634
5.099080365910972,49.97068627490785,6.122485896462155,34.01873508640035,1,0,6.67154322842738
6.625187012275845,81.0114561201178,4.906851941374199,44.02483654110754,0,0,6.6450707669887175
9.716845374084675,112.41067447206446,5.186435587039969,62.620566893582854,0,0,6.4445367279997186
7.01423557202538,77.5992952819855,5.4234272720157435,43.959979940247244,13,0,6.26725171814463
6.855438698954048,75.87401212150526,5.421175319930907,47.06697249325959,7,1,6.865639758465162
9.673822026877678,99.43802181289732,5.8370964247941,64.00969672475271,19,1,6.616794948977625
5.63392330884033,61.815831200379115,5.468427617427987,40.37302062235795,19,1,7.166057897701168
4.346944123884295,53.1629694767309,4.9059834317045725,32.77059385333447,12,0,7.538765836274812
15.257941905691716,153.37818765751553,5.968752978003028,92.24360814142885,0,0,6.04561275115479
10.82359917816474,119.3924364053798,5.439339126013697,67.92573284903212,13,0,6.275706604699831
13.124474720179697,126.98387273051489,6.201326721873942,76.75630665841082,8,1,5.848333612955437
10.13106705310456,103.9439227846245,5.8479996415547015,60.9939820053968,20,0,6.0204894198884835
14.245606303545102,139.6797437965217,6.119257918011664,87.87097011386072,17,1,6.168285732562574
10.68615495770383,114.31976664860768,5.60856023642031,68.22720085240066,23,0,6.38463517724067
4.823297030839065,69.8101578276373,4.145497315231302,41.203019872278304,8,1,8.542501033802306
2.7733960947228216,43.31195155425512,3.8419826332443616,29.15841682912257,7,1,10.51361429570222
5.423092645523959,65.59729727306897,4.960350079316832,38.681141501489314,11,0,7.132672080277929
8.50916806422007,94.0297590187962,5.429664918647161,56.96689311171745,19,1,6.694766477965775
2.959537128537283,46.24037032658739,3.8401990827079544,23.057505735494637,12,0,7.790916191982542
11.139098148518835,126.73856701113776,5.273421537521377,82.40713275852656,8,1,7.3980075998777535
11.621115131190301,106.47772469021359,6.548476781411766,66.14152147526988,21,0,5.691495241945451
6.6938084554887665,75.84184573965801,5.295605656908648,46.36822076172277,9,1,6.927031311106894
7.439364644000502,63.46702392744125,7.032973204326295,41.87472290784602,21,0,5.628803656185346
4.252038826535325,55.97647045691667,4.557670884027587,40.443743164353094,15,0,9.511611914726503
12.668489996949603,129.32263769865818,5.877620603348264,78.61889793506423,1,0,6.205861784158536
10.943228502291099,107.20809469549532,6.124478865167769,64.37792608605994,11,0,5.882900651538222
8.327452962922846,70.92689272723914,7.044537812996333,55.084316942646346,16,1,6.614785719943874
6.548776289375174,70.85261797897442,5.5456889042422075,50.159900628677526,21,0,7.659431077231582
7.808030860221843,83.60933125857879,5.60322447938778,55.63578950663372,13,0,7.125457173853049
12.103359406766197,120.55158760558638,6.023990051312435,72.56189710098606,0,0,5.995186514945714
4.029140993247474,44.533701094922705,5.4284385454414945,26.270308383826794,8,1,6.5200767180532475
4.917451793598581,50.87633508274078,5.799299559138376,34.616630206005986,23,0,7.0395464274950434
4.9027765421752205,55.814276401079155,5.270454290523161,31.76446926188331,11,0,6.478873550249617
3.4260425210135486,38.02312329414184,5.406251077025112,23.10395719035513,9,1,6.7436282674974315
5.330045930414031,64.82621522892121,4.933231944754454,34.306677982100226,21,0,6.436469484501295
6.797059803427846,72.70132180721325,5.609575975621499,42.1887787492936,10,0,6.2069159267978256
2.610485935802753,25.146377845670603,6.228696518816195,21.516233624601657,18,1,8.242233114343588
2.1845681560557164,32.72131020443453,4.0057714237121,27.079777146019275,0,0,12.39594062146927
9.712536720869087,101.89797927078595,5.718977033916704,61.21518735285925,13,0,6.302698163429096
5.32802455289663,69.66014822331248,4.589158670018636,43.07373164609063,0,0,8.084371837714823
4.964528035514532,62.249586706580544,4.785119032756297,35.40303008018969,4,0,7.131197533164994
12.24412982665313,116.80502310617963,6.289522231688347,70.85470023872516,13,0,5.786830198785382
7.184920523235386,85.2192434769968,5.058660624117,45.40004069041302,14,0,6.318795113125243
4.0001014608076595,39.68472009255775,6.047821103152217,25.038265429241864,2,0,6.259407586173175
3.6774391028150526,45.26595356683532,4.874443787936956,28.349395218819083,11,0,7.709004670428894
4.000076123225495,52.52509370416051,4.569331541706872,30.500503661563563,9,1,7.624980805857572
5.499950684964258,70.25172892730828,4.697351170379223,41.44824286505763,10,0,7.5361117288503445
9.482391707941114,108.67493147243268,5.235278226246588,61.523338131593604,19,1,6.4881667016634985
3.951635238704197,55.213059936418695,4.294239706969423,28.341782910036876,22,0,7.172165748610591
5.889029464405959,64.18157753058836,5.505345637476083,35.40380422854182,1,0,6.011823245668392
4.972192863711623,60.22776712642082,4.95338920993843,37.071279555646136,23,0,7.455720357551319
11.714722200555721,118.77892385843451,5.917576192819088,74.1228178882283,1,0,6.327321862119109
0.9066701364381742,15.90342192513401,3.420660562385981,10.91140419757587,22,0,12.03459092679614
3.5593514979299816,43.34041208555108,4.927527902924494,28.385487178014447,14,0,7.974904190980476
6.948020370331665,85.31910612982846,4.886141465025895,53.819199904619005,17,1,7.745976125002342
1.3029106413183775,27.60316531350115,2.832089638678727,18.487297012577645,5,0,14.189228659511818
11.07876888506806,124.06512549084192,5.357880633048257,69.86471979199862,14,0,6.306180814563443
5.906277892662483,58.66150957041049,6.041042519275714,38.360497343261706,14,0,6.494868348629161
8.103137801142383,82.63889491575823,5.883286176130034,52.69607089907996,7,1,6.503168549305783
13.76195769757405,138.34917025363455,5.968358612781421,78.36257764895288,12,0,5.694144639230114
11.499064908219813,119.94573133078617,5.752133792827212,69.00863018136428,22,0,6.001238425224926
6.037955855369077,65.6408981839874,5.519079740601713,45.1000086746673,2,0,7.469416762059203
4.021012814147757,52.992120448022675,4.552766841732745,27.194172503502134,10,0,6.7630156282568
4.484376774539156,57.11713936134103,4.710715723526952,36.44973800990714,8,1,8.128161357193935
3.0430398532272696,31.059821246584224,5.878410881508711,18.233080206480295,4,0,5.991732309106422
3.34767970067909,46.64976675605102,4.305718892253441,28.273568338624614,11,0,8.445720877325632
14.806523507408636,151.6982978349302,5.856304408973772,91.44755975706673,2,0,6.1761668572173445
3.9722939386827787,49.52757582800217,4.812220916054084,30.46006299963915,2,0,7.668129164112103
5.911379803664691,54.16265039481554,6.548475483279374,37.09517873996409,20,0,6.275214919699012
10.337245651960297,103.37419312304208,5.999899204817761,64.58677692974074,7,1,6.247967698967555
5.816801665176723,66.97885639245155,5.210720497609695,42.07930413031743,7,1,7.23409642488455
12.21004459121887,116.69617354136737,6.277863731439604,74.17684479375974,15,0,6.075067477403457
9.036123867760688,98.83496191647293,5.485583457034525,58.9052843371384,18,1,6.518866407675326
11.595954095710418,120.74112827227559,5.762388141459698,70.20200594046452,20,0,6.054008610333641
7.245650200282943,78.01777186384807,5.572307458045033,48.027957587165034,15,0,6.628522804660035
4.402227747898099,51.724690540931974,5.106529630464692,32.13317636367441,6,0,7.299298946770033
5.813007232310749,65.47438333685687,5.3269754698446965,38.71899115092565,6,0,6.660750555360023
7.3838271762231455,78.43008756974513,5.648720335539827,47.26489810963968,16,1,6.4011381877732205
5.400747926607271,52.893806455057565,6.126329287187309,35.841732444702906,20,0,6.636438680673353
4.066020466297725,46.01354271221008,5.30194402773352,26.07358146943337,22,0,6.412555393055957
4.744587435977436,55.136140328972424,5.163133372414493,37.792153972459396,20,0,7.965319320682687
8.4438308499338,96.5060946261218,5.249718714230261,53.46249086449879,15,0,6.3315445103827415
4.918693123510422,60.42050179664275,4.8844610460852484,33.25782172093863,4,0,6.7615158916852405
4.19055132906114,58.54886978886891,4.294413891341587,36.39480502502097,9,1,8.684968198009148
11.237509080194268,104.7078511529096,6.439350415347724,65.968508710123,2,0,5.870385353137581
8.930923027804415,90.24124366911629,5.93803187856168,52.78454286498963,10,0,5.910312148101251
5.912224966539487,77.65317343424877,4.568177735746144,47.07036244885232,14,0,7.961531016706779
4.483475652936842,47.89347168702226,5.616810176847213,33.28582166715727,16,1,7.424111168163439
10.942153571715656,105.90181591594592,6.199414133030782,69.14256088248203,5,0,6.318917060459511
8.834641797884215,89.88124817344985,5.897542798361289,57.666655812406184,16,1,6.527333776703501
2.7665329148880766,49.00746669558076,3.3870751966098442,36.66033888071108,7,1,13.251365520874064
8.840141707019733,87.5321302520073,6.059586358679081,59.30301621931901,16,1,6.708378460972859
17.61296288351842,173.86157282811004,6.078271097063519,108.48579612884126,22,0,6.159429100390507
11.274349649612383,115.8213511481656,5.840555064077725,71.29287889689988,6,0,6.3234582137827315
9.201596848398196,83.24343870033877,6.632304233506454,50.36172324401958,4,0,5.473150375283665
3.4878394455602098,43.2964912208121,4.833425546341243,23.49717453134166,23,0,6.736885369322839
2.3117291340369763,29.48801104804783,4.703733589092001,17.621606017272608,11,0,7.622694959292211
13.639984121557218,138.8276891737913,5.895070732387695,87.17322969350202,5,0,6.391006684218181
4.382745601474198,61.87913184543171,4.249651348459659,37.727612411207865,7,1,8.608214083545631
7.6207733303097225,78.51966994961754,5.823335733733692,50.00092448887247,11,0,6.5611352446353814
10.292835530116703,102.56797565108894,6.0210814134406245,60.396345681036486,8,1,5.867804406697996
7.993209980337117,99.0458592425279,4.842126692503886,60.72959317800314,21,0,7.59764766938374
2.0749708721352893,26.40548877035475,4.714862633707074,25.728478462008006,8,1,12.399440786140584
3.0708947540141676,31.580042884120964,5.834497626141484,15.692989958311454,11,0,5.110233731650399
6.342303556902546,77.34616347026223,4.919936508039739,45.43132282036967,6,0,7.163221125063497
5.281961481618297,59.23385209984313,5.350279910259915,43.8123287014989,16,1,8.294708103035163
6.66194733501735,73.65744264922547,5.426699946733002,47.983112528651056,18,1,7.202565573647857
12.632181088693176,139.07866636458579,5.449655832438912,85.58410180780818,13,0,6.775085094719935
6.181023906472286,59.2113408152483,6.263351399953972,39.77502118507643,19,1,6.435021411812876
6.520592162788169,69.51255465997939,5.628271492552942,42.64028028231823,6,0,6.539326370641387
2.262003374141594,24.940417309917986,5.441777527696948,20.27981648931133,12,0,8.965422740364966
14.014261237753002,140.1394518867627,6.000135314819264,90.18669496059913,17,1,6.435351348927711
9.18862459685238,91.37959940236193,6.033266499490614,58.08499086577637,21,0,6.321402104692986
10.096606975537615,95.83183725235209,6.321452618476103,67.68192640819144,7,1,6.703432803928429
7.744785232764866,86.09673182679131,5.397267748800798,53.92556351891893,3,0,6.962822324727997
5.421018985289422,60.851145565900204,5.345193358194316,41.402241197780896,18,1,7.63735403069622
5.057052338350713,50.00368019412115,6.068016176471662,32.505877696493215,12,0,6.427830981692895
3.4837666023616856,36.2117214398107,5.772329727244081,24.088519957792727,1,0,6.914504531234337
2.0902296133730816,32.05891571037219,3.9119781197655765,21.192581635783366,19,1,10.138877327254065
4.952987302582865,46.55224273417803,6.3837791844298595,32.64369657933404,11,0,6.590708714781306
5.455477340370444,62.464201673565654,5.240259727208672,36.18410244219658,14,0,6.632618959744331
2.2384883509300852,40.1837362625965,3.3423796179157645,25.216474494723265,8,1,11.264956766134564
3.9698312300591647,51.730842840054066,4.604407365640767,29.952588358608388,23,0,7.545053334209874
9.638377405148578,95.0054460585016,6.0870473041388875,60.27388659042657,10,0,6.25353044986906
2.0546970421117505,32.13831500853124,3.8359765436980564,19.709560360545336,14,0,9.592441102795618
14.173012300571312,132.04765357000105,6.4399534186609015,77.8466231552815,12,0,5.492595469781927
3.7174389536067816,46.27465370667413,4.820054162485007,26.978088207452505,23,0,7.257170472504323
10.012963327036836,100.15557279732465,5.998446045912466,61.91725450230039,14,0,6.183709305627082
4.11162359411797,42.768503890860025,5.768203074781847,32.85236061089797,2,0,7.990118710743874
6.630176848488514,75.41389185216353,5.275030914584713,44.78715562953441,20,0,6.755046909456808
7.56496687252627,68.21985826698607,6.653458741810859,47.29044396915393,1,0,6.251242704168194
6.586148167497428,64.16045686874062,6.159072259386832,42.54342077224746,12,0,6.459529863327217
6.572122689238346,64.75561726602382,6.089469578127204,41.35082891836047,8,1,6.291852856927217
5.238323301806813,56.116064377355436,5.600880988283246,36.07764301227899,11,0,6.887250162630287
12.204316664759677,129.63487479163769,5.648626583413927,78.31941988178511,20,0,6.4173539603355865
3.9486754331860525,52.06363811671043,4.550594898114136,32.348261760893415,2,0,8.192180468677492
11.916151410339996,119.87723507028605,5.964177303565613,70.85960360750316,1,0,5.946517559857136
3.6870462230651797,45.53240049545386,4.858579187056009,26.55101283882936,21,0,7.201160829699745
11.527591740508088,115.67778403901805,5.979155895631527,74.89370861366473,6,0,6.496908487007515
6.351305519273018,77.39269937320788,4.923957094695994,42.67344895000803,10,0,6.718846829288179
2.430256069963146,22.978173662100247,6.345820444306842,14.558091562334726,23,0,5.990352927111707
11.998057450056049,124.61186528023052,5.777005627710247,75.90269447619559,17,1,6.326248627509365
1.9238099030942573,26.26512413854509,4.394747710948736,15.802927355483064,15,0,8.214391312814028
6.092526179940741,69.85067752924516,5.2333289200150555,41.059374867861344,0,0,6.739302163862135
8.425807160314317,90.87892022073329,5.562878920556566,58.12979382578032,9,1,6.899017829362693
8.96872096357546,97.11795832405585,5.540924326466571,53.98767745257207,12,0,6.019551469137178
7.7401358282968555,91.16310744332822,5.0942553706444444,52.20784181200175,1,0,6.745080831932842
7.677233265127187,72.86888673962517,6.321408443545555,49.71207941757539,15,0,6.475259732355132
18.703071472061993,186.36031145821033,6.021584099870747,112.42018943064573,18,1,6.0107875649502365
11.475234034047622,114.89397708505611,5.992603437629718,70.28439070943226,8,1,6.124876451399142
4.125411268286935,46.363565654723374,5.338775665801258,31.44278740014728,22,0,7.621734017613185
12.72326337629161,138.71194311285075,5.503461240943232,80.82647405333685,22,0,6.352652748189432
16.18353928702037,161.86332101988762,5.998964750648586,103.79882017631792,17,1,6.413851651076556
8.930870678947201,89.87460874295348,5.962220567428561,61.90285875669641,7,1,6.931335250729855
1.4764658917489923,31.032066984418712,2.854722940286891,16.157176375716542,2,0,10.943142314366009
9.166089653174485,94.21845602837783,5.8371300313478285,57.683491118697,16,1,6.293140619535564
6.438207384967731,67.34655736116372,5.735889973209298,43.104776059013666,12,0,6.695151846095699
8.01524214532126,80.50065664898742,5.974044793401381,50.05484335339627,17,1,6.244957101216811
6.063276967715374,68.3968717641801,5.318907264022638,45.877373465067386,9,1,7.566432097584659
12.496634932328616,120.78648247826185,6.207632514463358,74.99426235125665,3,0,6.001156531927452
7.589755884826822,81.24037631174208,5.605406741866485,49.0162489418075,21,0,6.458211526908143
2.4494347878551923,39.367008355420936,3.7332297629640414,23.993915998221855,23,0,9.795694956725807
12.822562541367043,128.0661295789278,6.007472506677623,85.55768175634043,18,1,6.672432400335084
8.012431693764874,95.97089159879968,5.009288687611872,56.101712256468964,0,0,7.001833450901837
8.706935331070062,90.44165536827833,5.776277731062371,57.341887784776105,19,1,6.585771641160096
8.847185026892447,99.71889673017621,5.323274915986014,65.17259381599081,23,0,7.366477994739365
9.046512289993862,99.27638311486015,5.467470916739958,58.66712357194519,9,1,6.485054316107606
12.604330930385569,134.59078582674908,5.6189571312602595,77.0480328769431,12,0,6.112822116658451
6.674952628864519,83.90719813261128,4.773096547675262,51.74632953282558,0,0,7.752314122658903
3.941311646643976,36.90378280811621,6.407979908949335,28.054242017400334,14,0,7.117996375975115
9.645760918632341,100.40283404079113,5.764236245391348,63.294062797276,18,1,6.5618527487047
2.5387137586746427,34.177211870482104,4.456853475869267,27.411056103515048,4,0,10.797222022314648
3.946611388216138,48.18810087174239,4.914007379606578,28.690190251591012,15,0,7.2695757016398135
8.024871649162481,81.83944516542353,5.883376872564323,56.4321384635745,6,0,7.032154647540571
12.199489770306489,118.5346684296474,6.175150240141155,68.72198676792638,3,0,5.6331853267499294
5.125152370478631,51.52884452170015,5.967708864483031,36.99261408386697,0,0,7.21785644792689
4.560774418288018,53.63126944613376,5.10236785224945,34.36987923023658,18,1,7.535974393387786
2.241331047131594,37.77607204453615,3.5599218115994278,20.70391030645321,5,0,9.237328119355514
11.970478999985456,116.7721386220712,6.150685844023537,70.0627663903296,3,0,5.852962641713395
3.5691114968968907,42.150958387119466,5.080470243335027,27.19859432764509,23,0,7.620550479101729
5.805880408197151,60.06448731032175,5.799647014251073,40.27222739311933,17,1,6.936454863290012
1.6102458086402323,20.52610872319215,4.706919846393015,16.614034788305723,6,0,10.317700998914818
8.680935539171438,88.7115574254738,5.871344698100417,56.974545462896984,17,1,6.563180339930849
3.2842111671092726,43.617199436143736,4.517774469106953,28.967781618156643,11,0,8.820316399951155
8.435166384696293,95.46057426488905,5.301769730374729,54.1691279162044,0,0,6.421820915646912
6.89868198260345,66.9355188867161,6.183875554273967,44.73648686930736,6,0,6.484787526388416
6.777664567310915,72.81667331794519,5.58470822009437,45.56161493405425,18,1,6.722317766181682
7.348847005376799,85.20844287924942,5.174731580853552,52.72946431843532,17,1,7.175202352131661
3.5549748036298534,36.921745558907354,5.777042363218741,24.589931294732,9,1,6.917047982906695
7.0146090221292745,82.73357989569196,5.087130786053076,45.456624982235176,23,0,6.480279205702171
4.292241798468305,47.99645311436387,5.365698738080837,30.903950281875336,12,0,7.199955578668349
13.176787059075105,134.85911426668167,5.8624678639153265,74.36151244868117,0,0,5.643372099381918
11.233519795591615,111.79327878480166,6.029085067206464,64.9110423903997,23,0,5.778335158662633
7.682747023080007,83.89721442993043,5.494399599760141,51.29943858408394,0,0,6.6772260533860495
7.4015746453341436,88.26841256214419,5.031182342917856,49.84866039311378,22,0,6.7348723456484665
5.742525019618836,62.9542405297866,5.473046744390581,36.403139833653604,1,0,6.339221807355728
6.4355227991133175,75.89870558339416,5.087456564361759,49.76829257572561,9,1,7.733372117426521
11.812469389542814,119.9600473503108,5.908201764066181,75.22220698724779,1,0,6.368034024607886
8.473654600919078,83.5467730815324,6.085444802984596,53.88424595144933,17,1,6.359032612162983
6.7838184998107876,72.18084323046685,5.639018495378898,53.73517078259749,7,1,7.921080256509849
6.469848837337437,68.98001299299456,5.627585635271915,44.91074494109622,12,0,6.94154470532862
9.962646208421665,93.19296163440663,6.414205129034216,58.00272792149471,4,0,5.822020245229988
2.6790529603814313,38.86570624403543,4.135861487080388,24.47248670900912,19,1,9.134752866372915
2.9362936561528707,42.37447061188182,4.157635878990119,24.968348147758125,11,0,8.50335527423767
7.910281977267236,88.06688275065862,5.389278055631925,51.31702737463698,7,1,6.487382816707814
4.6174643549255245,62.135918301422464,4.458739306813932,36.541884917672654,0,0,7.9138423404812706
6.563871046728964,76.79839197421938,5.128131627234385,44.161061771093685,11,0,6.727899048702501
7.674862211251069,77.45560072863607,5.945234797008243,55.107123142363626,17,1,7.18021009700716
1.8940650100488277,26.705380692853566,4.255468285960105,17.09784384334035,2,0,9.027062826581428
12.82295906767541,132.4391795674034,5.809289566528602,76.36917689049672,12,0,5.955659414293146
8.831828714038949,93.82470625336916,5.647869777618498,55.69703112748492,22,0,6.3063984742989545
13.351063332007074,132.05261467591637,6.066247168875798,81.37196648938485,20,0,6.094792936402928
2.146379077656036,26.069087529115322,4.9400557083377326,16.38149082727829,21,0,7.63215174701003
18.145516425466514,172.12534312105566,6.3252218748652655,101.43736572129052,21,0,5.590216521968324
7.451489424129731,82.56026128147181,5.415309478291583,47.03609284482379,6,0,6.312307535794053
2.502906464510862,22.8210742665283,6.580513525207388,12.478598006268218,3,0,4.985642964770912
5.331148959159195,45.940523908941984,6.962675005264613,35.44920179609237,13,0,6.649448752541189
5.582073667078106,66.39892734877799,5.044123954976064,42.49126968900793,17,1,7.612094039462876
7.864618369381179,79.58068327504154,5.929543235159216,51.51098736074461,9,1,6.549712260837611
2.254888937764476,35.10522414454819,3.8539373999946247,22.91538892122788,5,0,10.162535518909623
9.929023632610992,110.82124627077744,5.3756967910380835,62.225882982826114,3,0,6.2670696823049905
11.334788443084983,107.93470120245489,6.3009143399530805,65.25628907617487,12,0,5.757168685048178
4.941997561087574,46.46041895996841,6.382203611223227,32.467823306458946,1,0,6.569777282389801
10.017612713742976,100.5001285253835,5.980656658292418,63.040609933689126,16,1,6.292977352498854
4.516820291636592,48.54258197826685,5.582917233770752,33.2969082296586,19,1,7.371758467192423
3.7936116204262658,45.990350541648176,4.949227273652755,34.67092878020156,19,1,9.139293172110694
6.884160210414727,77.18563735971537,5.351379178225999,50.151713869215094,6,0,7.285088135128362
6.175658568465676,69.54109276565167,5.328353342916701,45.45754997360879,2,0,7.360761523592873
10.431829235633932,106.16397416526053,5.895688806484499,66.62146677199861,12,0,6.386364775261785
5.029681788902515,63.616088308071795,4.743782828531129,38.75250497996219,17,1,7.7047627675901245
5.386124989133364,64.49932257125874,5.010401450200766,39.96777543131873,21,0,7.42050648879383
14.629285072793829,142.57516923226808,6.15645142905412,86.73289258034933,2,0,5.92871710058115
9.92165137833615,105.10635417485409,5.663778249884248,64.98000464116359,0,0,6.549313432141642
1.8952507958684892,19.783571145688676,5.747953537543733,20.31548682849475,3,0,10.719154885876346
4.043770440867071,54.776425416866346,4.429391377870317,27.086377069996004,13,0,6.698297409827276
9.16461089222141,94.61463816077229,5.811750319215047,63.035435908176424,3,0,6.8781355421951
3.2713770142395733,34.238316144967385,5.732835108575442,27.888950483912843,22,0,8.525141052993426
10.233262017439268,101.59952778362863,6.043293058939719,64.07643241632525,8,1,6.261584263857195
12.688855363934962,132.42494063261032,5.74915358239259,82.7006712662868,19,1,6.517583256669761
8.783366993191692,86.44434719482848,6.096431249619401,60.03020306342804,7,1,6.834532031959912
2.419189249316555,36.23629107192613,4.005690170411743,22.66425788396936,5,0,9.36853447508178
5.322814636586011,65.17799354273906,4.899949520319943,40.86900407081358,2,0,7.678081402629205
7.332142107630729,78.1359072757065,5.630299074989091,43.941747173806945,4,0,5.993029939787413
6.462467784539162,64.97465122686374,5.967682161440144,41.760949000719215,18,1,6.462074611904187
12.012790537016647,119.73169601683213,6.019854860484661,73.7068732730171,18,1,6.135699531752766
2.4852396977627134,25.910802339703597,5.754911789716064,21.63237182178995,16,1,8.70434020560031
7.829248665323082,79.53130457324073,5.906541109064613,46.36539980502666,1,0,5.92207525741084
12.808264303024995,120.63100316333973,6.37063307134172,79.41295413081266,7,1,6.200133933218203
7.452082339264586,78.78728448477946,5.6750901275478425,45.538935386539364,14,0,6.11090072725007
5.944707110851366,57.88648770112505,6.161756237356747,36.662364821550554,22,0,6.167228113665635
8.340444161951675,87.56451216301426,5.7149481834088505,52.519816823654175,5,0,6.297004788215555
11.73722643376456,124.43225860631232,5.659574084032165,73.47169254975421,4,0,6.259715015669944
12.283038697572934,129.72133750353026,5.6812729196098495,76.82672735362641,20,0,6.254700424318209
8.327744344428432,79.47704152420823,6.286905640712746,54.16216755327861,11,0,6.503822081127538
12.784090583513953,123.06023108927549,6.233089506019009,75.99081050509992,9,1,5.944170217558986
4.2984280411894344,55.80244398663267,4.621763206879375,35.612872656159475,9,1,8.28509220461555
8.64983737840729,94.0727980583827,5.516900245513542,57.78802188744255,9,1,6.68082177263813
7.302895464990361,74.03485140642398,5.918479196966437,47.44440035166021,11,0,6.496656097448716
9.591566853187137,95.405284194679,6.032097865951591,61.39104357409128,19,1,6.400522929545336
9.354756135723136,96.68639375311557,5.805215670537941,60.860226450556844,16,1,6.505805770622824
11.401106400686071,103.61020230293398,6.602307194045438,61.858371057075225,2,0,5.425646326162945
4.869657772588177,58.97890335988541,4.953965735382203,33.949611166118515,3,0,6.971662640694075
7.937463367727674,89.93559877269384,5.295431492787907,50.4867218102257,14,0,6.360561236162148
8.163015530745461,83.13246948323525,5.891572028225366,49.66063860903812,20,0,6.0836143728986665
5.6818032440904025,54.62091512010241,6.241349012476688,33.4655030819017,23,0,5.88994402731367
13.086457915370895,138.25380297633478,5.679319179788899,79.64267285936945,21,0,6.085884612506487
13.862985787773086,138.0834473817034,6.0237426211347564,86.5057896546207,15,0,6.240054702423291
2.5379079574813623,39.094929340962494,3.894993034028408,21.979537788648226,5,0,8.66049445325861
8.144086758362855,77.36998515340524,6.3156947042565745,47.90799323355989,1,0,5.882549468712988
9.777839789444089,92.09566932607295,6.370227738825442,57.88863330050058,17,1,5.920390858008913
1.98201880568468,32.322896497005836,3.679160633147367,19.24751602924643,21,0,9.711066299695101
1.4157951781699496,30.90754605474796,2.748445655948395,18.128619663043544,9,1,12.804549657017843
4.396391747717564,44.79209624617104,5.889063628845073,27.651586538988926,3,0,6.2896093264083115
2.9821183702669396,38.22825199768837,4.680493950569227,30.84017192388453,17,1,10.341699454781844
11.400640270494277,105.08242532288868,6.509541572987103,62.69708934396173,8,1,5.499435808550732
9.186638427727399,90.47038091177521,6.092583010136332,60.358349800038155,15,0,6.5702324386538065
4.4436135742321525,50.45037857599919,5.284733672558942,31.983108164530293,4,0,7.197544887790318
9.245883932094829,98.14578682480621,5.6523367316413085,61.331636207636514,8,1,6.633398889503545
7.927688828944064,70.71454551097872,6.726499142426015,47.147326415180025,17,1,5.947171670392096
4.1211462412402895,57.0127073223376,4.337081785581815,32.708912611724664,20,0,7.936848317685682
13.61323583952248,133.4958281185564,6.118499445885017,77.7528949145885,6,0,5.7115659958562714
8.195409926330571,93.52501383962544,5.257680008719724,57.744111967517014,19,1,7.045908927873664
5.038364589266173,61.53746549154314,4.912484986849428,32.75493880203568,6,0,6.501105313382326
9.814183149831354,105.44145027467701,5.584625282143911,61.957933110413926,17,1,6.313101372219511
6.132857086742696,79.31749145569673,4.639221670419248,50.8335460719852,9,1,8.288721774044156
12.520297848685331,119.99299306668311,6.260514482738582,78.56201099054397,16,1,6.274771729874878
7.804524710822766,83.05338283232132,5.638198790707558,47.53490002245712,6,0,6.090684799362486
7.5331483120467135,73.85408575025424,6.120025644231157,46.589220129252816,1,0,6.184561646655645
8.224618471860524,85.40831059978092,5.777858206609899,54.86147212608304,18,1,6.670397212197079
18.382029231509502,181.75883095838606,6.068050438457572,107.60567275556457,0,0,5.85385168309452
1.11169046986834,28.769231955163793,2.3184987453281023,19.485302890103952,12,0,17.52763329203644
8.839063284745109,89.25801180722691,5.941694043444585,60.18674907642791,1,0,6.80917730052925
4.353215333339018,43.950219824347364,5.942926361784577,24.31347464913555,13,0,5.5851761944628056
6.625837877111365,72.07237699917961,5.51598669530779,43.38919366026397,2,0,6.548484050620954
10.015731747132262,97.02857794463866,6.193473279293187,58.56657982325508,3,0,5.8474589078350725
8.886576551068798,88.51190650003855,6.023987214238749,56.482388589992084,23,0,6.355922133276271
7.598557720097486,84.4174156827834,5.400703865645948,49.56257989458521,21,0,6.522629914818801
12.446593638909812,126.93312066359758,5.883378699195236,72.42884588002747,10,0,5.819170126483816
5.288942577237183,64.60569714411588,4.911897381531981,39.97499421010717,8,1,7.558220499907403
5.652441397557193,60.848660574647205,5.573606397422297,43.34002876845521,16,1,7.667488386024737
13.54258619940232,139.93711824972874,5.806573567665377,85.45125403580587,9,1,6.309817990272576
9.85925184311156,100.8193590368002,5.867475415815422,60.12863791984469,3,0,6.098701897127746
2.912928522733196,36.51142410041882,4.7868774135815455,22.696356099793846,5,0,7.7915938968862495
8.49704759875921,81.88061286036917,6.226417195911226,51.61437662958202,14,0,6.074389489958731
12.448244548441735,111.49458926884452,6.698932009207486,71.94425970633868,23,0,5.779470304135745
9.77144621736019,90.55944964907434,6.474054064081916,61.13149351953748,15,0,6.2561356998444895
2.9705145987200745,40.027404852620585,4.45272124384391,26.04218172749166,14,0,8.766892355524066
8.981396063410285,87.38744510135734,6.166603946134213,54.671301805052195,18,1,6.087171907247257
2.5330582466163927,24.925943657387926,6.097401843076717,17.759575315745273,1,0,7.011119992786645
5.745880211973023,61.19666983023927,5.633522439615296,44.990214193648335,14,0,7.829995150246889
8.711711323440545,92.0840821308497,5.676363029428717,54.903099401095254,4,0,6.3022174820425745
7.723919211604107,84.00568951172849,5.5167114916846645,49.63021606197524,10,0,6.425522419682069
7.750977275727186,81.58557445274755,5.700255708967058,48.63429008084871,11,0,6.274601040716624
4.162080717663511,49.093559133416036,5.0867129511054925,32.32294607180066,17,1,7.766054592508229
10.141399981600605,100.04214267542775,6.082276754808967,64.64672184640852,4,0,6.374536253741706
6.447080497811823,73.82715910533948,5.239600636898036,43.35433408708265,22,0,6.724646000898758
9.244888397386212,94.14310810589289,5.892022422068851,56.26167549843741,14,0,6.0857062930412615
6.693835779625212,71.78652814045431,5.594784386169243,45.9282522461083,8,1,6.861275621058009
5.659750318897033,69.16482440497067,4.909793700125652,41.30645147342024,7,1,7.298281575338115
4.926492414907502,61.089832308454035,4.838604620846936,32.59714182088543,2,0,6.616703949902959
10.036959206391717,101.22344138945562,5.9493882456187235,60.029508949759915,8,1,5.980846162205386
5.317567315912334,57.895766490244036,5.510835390848545,39.00860225721049,2,0,7.335798484483838
5.314886233315945,57.82494753028858,5.514802652123828,45.29393952530758,18,1,8.522090132689218
9.957793999248711,89.49254718165683,6.676172025164849,61.56372158207825,19,1,6.182465874140705
11.104618777743976,118.52294724797025,5.621503195247693,72.18122415210098,12,0,6.500108251961566
11.228350663488717,108.94631218981127,6.183789301978117,66.01726147172916,23,0,5.879515473844062
2.4436986454008327,39.12099334411762,3.74790888959103,22.83154428848289,2,0,9.343027763039863
12.401254545518194,123.86082068414568,6.0073497706634695,72.6841882187636,21,0,5.861035103503429
8.893332059488351,100.38999084903476,5.315270168434641,68.31919907195882,8,1,7.682069961513316
1.0632925658873078,24.7465428915029,2.578039051068597,18.52459181784325,18,1,17.421914167512917
3.8499374611809096,52.12217585204495,4.431822806602801,30.934341166163204,21,0,8.035024329115872
8.225707024015222,82.4788966102904,5.983863045269412,50.601196555205846,3,0,6.1515923685920235
7.4440448171347136,71.28394787622913,6.265683963009343,41.700234747623824,20,0,5.601824783703365
8.43043499929935,88.75907102445812,5.698866539720514,55.82656863316946,23,0,6.62202705291117
2.0451584737662203,18.903316406701016,6.491427524456717,18.276536413731684,18,1,8.936489102516783
1.149421199057548,19.537073183951403,3.5299694736314926,13.685221996041758,3,0,11.90618548471419
2.8757842337621833,30.745461200703318,5.61211467602847,19.111734310063962,20,0,6.6457469533663325
4.615636919550945,48.50277712999241,5.7097393501991425,29.327945864876334,6,0,6.354040921340418
7.641039349816892,84.34351125182877,5.435656569005751,50.81962354831326,2,0,6.650878397783815
5.623374920398051,65.7901730509292,5.128463409918295,46.10246417486582,15,0,8.198362162841963
3.0728097891231725,38.68352771987351,4.7660748182661665,27.24909981902575,2,0,8.867812096758938
7.7424842336920285,83.60240941382345,5.5566467196184615,48.32357755142806,13,0,6.241353045466236
5.309945589710149,56.545374974164915,5.634355339020619,34.65500939873416,0,0,6.5264339932013975
6.596093817768778,85.92481187072909,4.605952814439005,46.39642588458178,17,1,7.033924496282563
10.574297642306565,108.97370364343851,5.82211889039155,59.98200302636592,3,0,5.67243376868689
11.705692383398873,113.80929882653105,6.171214041784462,72.63455418074673,16,1,6.205062614131033
2.116204213403061,36.298037676225064,3.498047303183817,21.65335609833788,19,1,10.232167557930143
11.115188784103395,119.47781564309969,5.581884163654112,65.82419533151567,2,0,5.922004260121558
8.05025107153481,79.80694616952846,6.052293534275232,46.81705879932585,0,0,5.815602318897615
6.837913131459548,65.02985678482665,6.309021858145963,41.989509354078635,21,0,6.140690667872817
2.358751501880209,25.906040208179604,5.463015149190082,18.52418573679511,11,0,7.853385878940237
11.487209783751043,111.36515171110966,6.188943097864119,69.47515511120173,12,0,6.048044426721983
13.954937236163413,137.26882315667154,6.099682469151485,84.71778833140037,5,0,6.0708111328411505
7.4593879022725815,69.35971065677198,6.45278461946203,42.7951544987027,11,0,5.737086616137057
9.331814516130024,93.47684917716587,5.989813262817737,59.79670876921397,19,1,6.407832974589827
5.585785126092961,61.02444151073463,5.492014335053323,37.22253650572908,20,0,6.663796702785951
1.528475815750019,27.705441856039016,3.3101276428483026,19.036435465151474,19,1,12.454521863540476
6.280058513432833,72.19122027336613,5.219519899776317,40.70917920408388,6,0,6.48229297816387
7.81533248773401,84.7472532875644,5.53315807974214,57.806635303751094,18,1,7.396567630932825
5.760633367383351,74.59874004342473,4.633295439598597,47.82169137574261,10,0,8.301464149152167
6.302465461168834,75.28692942273138,5.022756679939133,45.81721717375707,9,1,7.269729196621406
10.520075462631137,108.01245139156875,5.84381263109763,67.1503725048083,7,1,6.383069469733021
11.292759143760678,107.81190645636266,6.284700557631714,73.2818710887852,22,0,6.489279560104131
3.3127303438941462,37.76158840547765,5.263650948666564,28.06205113178773,4,0,8.470973553132767
12.258108646410433,113.75098463098742,6.465759581515471,71.58739965868956,21,0,5.840003684389977
2.4420146315494775,34.89820051503174,4.1985224375640104,20.66597974573084,21,0,8.462676463415828
15.287287059686834,151.5737565456394,6.0514250255784,93.031931542575,15,0,6.085574973463002
3.4372629932978653,48.292843766949815,4.270524647360145,25.152517767636773,0,0,7.317600607425245
15.688915975334991,154.8041535473366,6.0808120257074005,94.80467713121935,14,0,6.042780602577296
7.825558540948533,88.75395961964824,5.290282421979596,50.716824001125644,2,0,6.4809206570676645
12.788013907082684,133.53911933522,5.745738314320276,90.09589415160129,8,1,7.045339081286217
3.622679760672644,38.435541671727876,5.655202871779566,25.79289217324381,1,0,7.119837765746839
3.9791587070378567,44.704048401240755,5.3406689318018215,32.10106297401703,17,1,8.067298978862175
11.845425195659764,118.54259599325565,5.995528491547645,70.72800867155713,11,0,5.970913454206127
1.8407149492088009,24.32998646118217,4.5393735474837476,17.426504233154525,22,0,9.467247626062363
5.132559004805875,56.733091195572285,5.428111421370719,38.50883336863504,16,1,7.502852540531393
9.571746351664219,99.95326864038638,5.74573287008849,61.75665648207087,7,1,6.451973779197918
10.500353722780742,105.76472556114662,5.956818022494705,67.64702487828444,18,1,6.442356768565117
4.436099153983706,51.926748276871116,5.125796589839159,24.712027514564475,6,0,5.570666176920906
12.949354810020186,122.88836016665618,6.322497000916344,73.7112237555159,6,0,5.692269988499991
5.236880775453798,62.17057960333696,5.054044027448036,36.82364478202772,6,0,7.031598839260723
11.709006864090965,119.98063193018106,5.855448504841007,79.75682224045629,17,1,6.811578741579997
1.5414178015014222,21.29775804466898,4.342479048551083,16.289362758162312,23,0,10.56777905529287
5.183118595794826,50.888702898839355,6.111122862885593,32.208514061628605,20,0,6.214118675146668
3.740738173574357,53.0481119558612,4.230957184700763,29.515568040657172,12,0,7.890305782201913
8.405131007681423,98.13523136322154,5.138907336900481,58.08166518632312,0,0,6.910262925496637
5.319091330711505,61.28007965627572,5.20798082562555,38.95312317668708,23,0,7.323266466920495
6.6222104704436955,69.42978460041256,5.722797939146433,46.349012588062514,9,1,6.999024388446699
5.076334996390086,63.964683043817004,4.76169169125347,36.74949652358571,14,0,7.23937576021268
3.8953591846470426,49.88033288210218,4.685645375127105,34.62504287981423,10,0,8.88879336629174
6.397450861798835,68.31281505591245,5.618961118697278,44.14258417935421,7,1,6.900027078432643
9.417513812145176,102.56607146000331,5.509139822607497,63.04951969204192,7,1,6.694921924163352
9.476589695875855,92.43150825628241,6.151532009799319,64.96540533562872,14,0,6.8553569818371685
9.147692793077269,90.18440483816183,6.085992013470421,58.245574058753085,10,0,6.3672420331858754
1.8556331087740556,30.882488519543305,3.6052142124487645,19.806288171604823,3,0,10.673601412883857
2.7446569993054366,37.3873614713095,4.404681514759973,23.320477566692865,9,1,8.496681943351883
10.73807850053472,112.4663806397061,5.728687154040229,66.7123279192598,10,0,6.212687671815564
6.208379187713926,75.03539821719639,4.964360290120596,44.45570249743957,15,0,7.16059717895698
3.386059117021835,33.159837453839586,6.126795624499834,26.45940210696669,10,0,7.814217411017537
2.2630831660346638,32.60145916794233,4.164997316917641,30.788801171384115,4,0,13.604803231925292
5.46323923754614,72.57563560653864,4.516589507116023,39.72256872373493,13,0,7.270882162864363
5.290342288957706,56.033758458894056,5.664808966371936,41.45589261107984,20,0,7.83614563042714
10.32192136404629,100.60880577456133,6.155676703195394,67.29133233373528,9,1,6.519264191270341
7.352787897128385,64.7291671376358,6.815587058143886,47.08160680248674,15,0,6.4032320068520345
6.874306089360364,74.47924519593934,5.53789668889004,42.95620942119587,10,0,6.248806623214072
11.349235071201807,117.62676652695073,5.789108417904931,80.47615334210506,7,1,7.090887873695543
5.057029159753581,60.98458777734419,4.975384119886372,36.445735867798994,21,0,7.206945959072722
9.1957190491147,88.53916392174172,6.231628112442517,55.306173335490264,23,0,6.014339176751465
5.4713934579481185,61.19025904529776,5.364965152931714,37.05217377911226,4,0,6.771981226334171
5.99350483492737,67.2708203027184,5.345709900331189,40.983094926989914,14,0,6.837918055585677
6.440487954393629,70.27703765651508,5.498656320039033,43.086973660436,22,0,6.690016962308352
4.495799929524829,45.89337236543847,5.87771135281905,28.083045827891848,12,0,6.246507021690355
1.9634682183774639,30.135059115881113,3.909336718060832,14.991273124537711,12,0,7.635098436645913
4.541848124003482,47.9892446306227,5.678582556107069,27.633462893511123,23,0,6.084189109598227
7.395234157167703,67.32566244726351,6.590563438980276,40.11209083506772,15,0,5.42404607921573
0.8668284893680069,23.889295172185655,2.1771135978358793,14.158100006962062,20,0,16.33321952452733
6.804116857866404,74.07726689924152,5.511097109282852,42.76314420702643,2,0,6.284892676054928
10.672038302234768,111.5997162799792,5.73766958804499,67.99858568282937,14,0,6.371658698843893
5.838586552118173,61.34055122725667,5.710988670923907,38.29540869961275,3,0,6.5590204680137205
13.609191182149798,138.2419725287324,5.906682724447344,78.1540691778332,4,0,5.742741661263624
3.484397708811603,49.49234838922058,4.2241653373277845,30.167032146822173,17,1,8.657746522600892
6.668690843257963,82.54215103586506,4.847480294299849,47.81517801043888,20,0,7.170099669379629
11.974548327492457,124.6540660270883,5.763734168875146,76.1845215983654,21,0,6.362204194662839
9.041105093370229,95.6786837243293,5.669667312367872,58.397433131354916,18,1,6.459103453423774
5.2666288535726675,51.12035699929153,6.181446096292705,31.087978096779448,12,0,5.902823031793977
8.868339763768263,91.17590649848188,5.835975821473796,63.69174783321503,10,0,7.181924636382182
0.37929129599681394,6.877653029744298,3.308901693846415,8.239210577242185,4,0,21.72264606175248
2.7169799459084394,31.539564294769825,5.168707951413889,22.360558207064816,18,1,8.229931266418834
10.378931320950986,117.140731840561,5.316134443351936,72.68667248911365,19,1,7.003290631896542
10.601430142194012,101.27467021223748,6.280798616264263,60.320346448522926,3,0,5.689831054816475
7.031611255029047,61.228945668709684,6.89047754610199,44.735313358103895,22,0,6.362028806144389
1.198010543654422,27.66109205944669,2.5986187553544897,25.024815216776386,7,1,20.88864355103292
7.584866969584609,76.22540031613595,5.970346056401613,52.13434638829266,16,1,6.873468789545275
2.830214748900262,42.07997770662172,4.035479441503932,25.824534391366075,3,0,9.124584769194891
10.433998113643339,98.88520285263107,6.330976412634654,66.65018387578051,4,0,6.387789527068223
3.910396459421111,44.63808573833501,5.256134614298048,28.902355304143995,14,0,7.391157291611975
8.135311579224702,92.3930930787362,5.283064766946525,59.83007642091132,9,1,7.354368156433063
2.7629280986065266,28.934231477588852,5.7293965469514525,20.616493854239636,0,0,7.461827857423251
4.807451670544263,54.25146914383309,5.316853253649525,38.31648848620939,22,0,7.970228535208859
8.267268375448735,88.1532416760155,5.626975175229254,49.54691472515164,21,0,5.993142169218899
13.803846292836056,131.9192060492415,6.278318391796639,80.46075437640405,4,0,5.828864844587679
1.020083251903234,22.632570514278022,2.704288276737375,12.705692669471622,15,0,12.455544825155993
6.338699932080219,69.14218555394588,5.500578161910714,41.39864870487194,4,0,6.531094569621918
3.47437315891277,46.476615259772146,4.485317796263897,28.96357043368041,17,1,8.33634417171929
8.340102107057268,98.11409039126605,5.1002473184828245,59.67118154138153,16,1,7.1547303348826725
6.8051806239176695,89.29789139320415,4.572457771003246,50.24442348189943,17,1,7.383260821220386
7.34701283115581,80.90309017287089,5.448750708130162,48.40361137350698,13,0,6.5882029180956625
5.506754393697473,60.898424355040916,5.425514159374122,34.8461609143795,0,0,6.327894513374562
7.687551955631908,83.83348053826403,5.502015595396701,46.15685948692773,4,0,6.004103745030714
11.067980358875463,110.2183697605344,6.025119251675892,65.74251747819012,23,0,5.939883822207085
5.30754565239988,50.243616224260784,6.33817314666582,38.68965171269941,14,0,7.28955608609892
1.2989828586654228,23.411302888739023,3.329117217026588,20.49772788755362,8,1,15.779829387905103
7.569704701441045,86.62004466427781,5.243385452487164,50.74354729043449,22,0,6.703504204169873
3.246734244773462,32.43212542132553,6.00651521155982,21.268098796267136,10,0,6.550612767430584
6.082166841010808,60.83196226891316,5.998984692412889,36.10111028751286,20,0,5.935567246214039
12.390423831966919,120.02210342155891,6.194070997963178,76.38126123652616,19,1,6.164539831112541
3.5169832411538584,45.88691231085558,4.59867495637335,25.99513106199683,0,0,7.391315021867519
2.260997387001125,46.61097208511087,2.91047015651926,25.537279134315355,22,0,11.294696438453977
4.210813588338913,45.041425333443364,5.609254445878791,25.607915608352368,21,0,6.0814650354669855
4.452794816624545,52.62244433475242,5.077067254761335,31.987624827591105,23,0,7.183718573369933
1.843206125667035,28.623527122540995,3.863687625447485,18.821007474183126,15,0,10.211016126789414
7.141433379479581,74.46542501436195,5.754160440044945,48.47759733872932,16,1,6.788216701429487
10.785347438660752,108.78191066744452,5.948790955675968,67.08651502684519,6,0,6.220153352350002
10.776301371137077,106.19828887813375,6.088403957338668,65.66825208036379,3,0,6.09376536705327
16.49903191712011,176.94915257252455,5.594499327265599,102.3285065282045,2,0,6.202091555567209
7.449846167545552,83.54666673445269,5.350192742859059,50.82301731166831,4,0,6.822022383908179
12.268166173039603,119.67663073386504,6.150657533293039,71.62927087086254,23,0,5.838629006205858
7.248437237872042,84.33742670191265,5.1567406225172325,50.007217994805124,6,0,6.899034419933251
10.172212059007995,105.0900608785572,5.807711199689802,62.703948496150886,0,0,6.164239216840103
14.422299401790594,142.14837916897318,6.087568280175744,91.18222081651687,16,1,6.322308133833096
4.099302427823963,47.801628748049495,5.145392575759751,29.796025722093017,4,0,7.268560016419592
8.764863668078846,89.38357099930911,5.883540053337046,56.496029583622004,12,0,6.445739685532983
10.93057355100112,103.05533787146595,6.363905321217283,66.62269668350297,16,1,6.0950778449682605
7.223505900819546,66.96958143055704,6.471749483735241,40.928631058245564,13,0,5.666034141898048
5.744553150270803,65.92541718781271,5.228229167429009,43.16889156797854,18,1,7.514751876905087
4.779555537963186,53.86350625710161,5.324074725268774,34.36024115041225,0,0,7.189003428769636
11.04598273099676,116.67843507723364,5.6802181433193,67.42047317156062,6,0,6.103619280733455
2.6348277256729973,30.374036253734218,5.204763114778468,20.351867823050924,9,1,7.72417400376815
7.679304033738779,74.52607503085527,6.182510508349779,49.24412552481899,17,1,6.412576622629666
4.720468196473572,59.1412879444338,4.789007842617856,32.77655530268587,13,0,6.94349669110611
7.48974859649158,77.63570671347924,5.7883792756339,47.97304028958878,18,1,6.405160289633857
7.685744918518903,86.30610709878286,5.343129363757823,52.103650643900224,17,1,6.779258379803341
10.556461530193605,107.20892205378875,5.90797556470005,72.99596001360167,19,1,6.9148132454060045
4.16222090682755,60.72512551266682,4.112519361653035,30.942806216748668,14,0,7.434205658328047
6.364120882859624,73.81153537069385,5.173273405760724,44.3261353803246,18,1,6.965005253075473
8.459055710417424,90.58998793320008,5.6026427887296055,61.11389297948117,16,1,7.224670822798663
6.511829496877909,75.40602359554539,5.181413250330253,53.12574112072041,0,0,8.158343388166337
9.924446014728261,99.68262651738061,5.973626314710621,62.64229794027584,6,0,6.311918856459318
7.981797471846478,73.97869111663312,6.473591801668314,47.040077263136475,21,0,5.893419048661279
5.693595569370349,65.40792863679674,5.222848992194459,40.422673919501214,2,0,7.099674261544279
3.5974832888617674,56.026884928527515,3.852596795396723,30.254443135042113,13,0,8.409891222764935
12.38254593569187,109.70025938580063,6.772570642049716,71.22718210726434,18,1,5.752224338773233
3.2988191250889525,44.50424187799045,4.447422069293195,25.193461280358388,10,0,7.637115078165751
11.350294255220234,104.94151085530416,6.489497337733371,64.2522162587188,4,0,5.660841456085413
5.745643252201667,63.570961943822184,5.422894110627843,38.44670832863263,0,0,6.69145414030018
6.29904046075482,69.16812058011341,5.464113011536008,42.53267710978359,15,0,6.752247008854244
8.189595349350283,90.18748037593093,5.448380627918667,56.38458201371844,14,0,6.884904517070149
1.00669472212951,22.321230174509797,2.706019464677515,16.090718919538947,16,1,15.983712406380231
11.175136070204848,120.81733656112672,5.549767800691846,68.3643248186655,3,0,6.1175384701523665
7.98055239344812,90.82337372772733,5.272135618330426,52.45354083656488,11,0,6.572670443167347
12.43808828276336,122.76274986035179,6.079085861262762,75.11896819092964,13,0,6.039430375729776
11.038819877969699,117.915736192108,5.6169703388792565,68.83147741771569,20,0,6.23540180731488
9.721963487127695,97.62098666871489,5.975332038050386,57.44862614626309,4,0,5.90915880545402
1.9325834658968035,26.48410578526611,4.378286693686196,25.57026748870454,16,1,13.231132284803449
8.294196650128605,79.42146978471804,6.265960581649578,54.759151266660126,16,1,6.602104287678189
6.2442514292904985,76.07004645304733,4.925132864072563,42.10472490609194,14,0,6.742957964278526
3.082156835531006,37.93926024370056,4.874354664376095,24.39167102652777,2,0,7.913831880760045
12.250283040602266,107.72352197830251,6.823180016191652,66.58343175866543,2,0,5.435256600846013
2.6618541142139063,39.20908320568693,4.073322653707692,22.374157761611478,14,0,8.405478588077683
7.150527627581744,73.75064773155512,5.817327316453361,50.07569949915158,14,0,7.003077549969109
4.546065846224105,51.12290913738152,5.335454405391005,31.31052456972086,15,0,6.887389146755743
1.8912263127005242,27.61693777305154,4.108840005887922,17.891267994438603,18,1,9.460141218578576
9.037807809573094,91.32095553006029,5.938050751077458,58.503273765910016,9,1,6.473170817368095
16.906645281452047,180.5264148902488,5.619115172169278,109.54375439042043,7,1,6.479331207746978
8.403629628533045,97.60890097507372,5.165694651564044,59.45239302189698,22,0,7.07460890708901
11.39041308897416,118.7087503163782,5.757155925885927,76.80417958675618,16,1,6.742879207875444
12.816091836619771,128.7927756917519,5.97056400149028,82.98866203529893,12,0,6.475348576870614
8.61645698073005,96.32068017038233,5.367356396666845,57.6347331190302,13,0,6.688913232889717
10.99866816088892,112.44997346038048,5.868565988464595,68.84481402300223,18,1,6.259377318775125
3.852575182499061,51.56837491954093,4.482485851272225,30.590431562967865,7,1,7.940255572929451
4.981005008242095,60.178376464850274,4.966240667344818,36.97996381151616,10,0,7.424197275514724
4.1441280183356834,50.067221915813775,4.966276769225045,27.295414575235036,1,0,6.586527842399305
5.97466372500149,71.4138481109556,5.019752232691897,46.59953402108691,19,1,7.799524151641738
8.127983787719034,82.63080706089856,5.901903232092657,51.5163112671101,12,0,6.338141489030601
10.662478206822556,108.31302368830023,5.906479854633195,64.46544633694043,21,0,6.046009669280374
4.661754126232049,48.07916307843113,5.817598095824634,31.669782825777453,7,1,6.793533500097989
5.364303226751084,55.09489565189107,5.841887706597691,36.08733949279184,9,1,6.727311631607431
0.8052262230500644,4.072131773346792,11.864442525958843,5.105753829167057,1,0,6.340769442191415
3.9297743490294414,50.10737546522853,4.705623847838288,34.04537365918645,23,0,8.663442385081177
8.089762223242307,89.19697952136531,5.441728363439417,57.05320187934321,8,1,7.052519011674583
9.175229318987936,101.08958155705042,5.445801146467215,57.41822909135479,3,0,6.257961201310688
1.2764105161814283,16.87313526621739,4.538850057358332,11.588402869907856,14,0,9.078899556998547
8.031119675362248,86.9195306151108,5.543830910172486,52.78393079761,20,0,6.572424883611157
10.355227557699276,105.19278277324224,5.906428531330757,61.147364238266725,2,0,5.904975424012067
8.495170383964336,92.88202311460088,5.487716631763748,58.58063442536621,12,0,6.895757445423845
2.2202696390362937,28.073904237930677,4.745196008832613,17.61422361096398,11,0,7.933371380338029
4.822190362277217,53.38194437393196,5.420024038650837,31.029734251196814,3,0,6.434780031484162
4.858584937534526,46.40626527115861,6.281804720735575,37.623889263797366,6,0,7.743795723964331
10.037609466543072,98.03696432855246,6.143158064077083,58.466958931525035,15,0,5.82478917180476
13.512113011510928,133.62760647323702,6.0670605579770545,79.76343924508114,23,0,5.903106285236877
16.51508113501932,161.68048487175074,6.128784614217178,96.65470722125515,3,0,5.852511800036161
3.9453058710821827,37.39245583321784,6.330644697977838,28.4393221604611,15,0,7.208394758163656
9.324010354309786,92.84738839795642,6.025378106067445,56.33681193194652,21,0,6.042122412048402
5.480706761626661,62.28825426409879,5.279364618300681,49.13235350128882,18,1,8.964601763643062
2.9268109849296198,46.78955932993745,3.753159072464638,28.089942944254982,19,1,9.597457126166436
0.8497201855583257,14.577405903490682,3.4974131523147878,10.029902947698796,21,0,11.8037715452275
12.355523330982727,126.14009407933078,5.877048096957442,76.705118890189,15,0,6.208164303153646
14.40162359130282,138.24522171337713,6.250468585957324,87.40955374921043,0,0,6.069423575408352
0.8413548758099164,16.897535404950954,2.9874944090251194,10.736114624492119,5,0,12.760506812487627
15.897115793277587,149.80861471937104,6.36696994617707,100.87898573108511,9,1,6.345741393778097
4.174608015187783,43.30543249713899,5.783950568506963,29.535876234438746,23,0,7.07512564700285
6.454206999455675,67.239105247535,5.759333330532939,39.7113871588572,5,0,6.15279106514655
12.850319101738274,133.94093869176123,5.756411397703024,78.61383554125946,20,0,6.11765629466939
14.10213813726296,134.38942392397468,6.296092828810995,81.47964431331768,15,0,5.777822023882955
8.616074073364267,84.08024324357923,6.148465138287214,52.320408080733955,17,1,6.072418555740749
7.186155290411306,77.93016427854053,5.532765411395502,46.913460565748444,2,0,6.528311547670898
7.270457081427896,77.46539381469216,5.631255498799755,49.267917611279444,8,1,6.776453950485789
2.0441058406633745,29.98748747634246,4.089917520984707,19.242116492473563,11,0,9.41346387730535
1.8583673154224412,30.2492318722056,3.68611141586705,18.315314657983496,11,0,9.855594481234236
3.952503335920188,41.51506396995805,5.712389130047412,25.391245859695644,21,0,6.424092202261043
17.61160904409565,165.11106814636761,6.399913431054779,107.42673755664345,8,1,6.0997684701988435
11.17301498202211,118.47463831390968,5.658433808804627,69.98067254269027,20,0,6.26336513960577
12.86578012850475,126.91643814967888,6.082323290540898,78.82527071137743,20,0,6.126738520638657
4.3763485834951865,54.96578502451583,4.777170286799231,33.24213000889145,15,0,7.595859738929321
4.634565007542509,61.05533465558018,4.55445706785813,40.57937785776486,7,1,8.755811557659472
13.227759671066154,136.12429543825652,5.8304476633560345,83.69252343563979,2,0,6.327036891871062
7.248115109672629,69.0143088957418,6.301402035878248,43.423036341387046,5,0,5.990941877211482
3.4959624558475944,42.76466928930909,4.904930888903047,30.262612949766005,14,0,8.656446781671415
5.026298210637326,63.4816727748106,4.750629267568782,35.632511033342446,5,0,7.089215470330063
11.059035581574465,114.66779362445291,5.786647792907106,68.49863440601351,21,0,6.193906683882956
6.875061191599875,74.97919818473585,5.501574856530933,46.87542295873292,9,1,6.818182653560452
7.317617129937996,68.02125326935735,6.454703591797375,40.551885777695475,6,0,5.541679081813219
10.334396801397544,101.31045708082164,6.120432440544506,61.08888120439731,14,0,5.911218852767113
7.4650450081132265,79.60136844729814,5.626821614044707,52.01157976942584,3,0,6.967349789974228
3.9651711193478594,39.13114596167377,6.079818551541734,30.18075223492145,19,1,7.61146274057529
2.965140854343594,43.44808190665527,4.09473660178688,22.336288284682006,13,0,7.532960281452358
4.2814014288264195,49.8269785492971,5.155522032615983,29.33273030205007,22,0,6.851198325986102
7.481513161860286,67.45570977160459,6.654600347865248,42.06804339145352,20,0,5.622932484555472
12.285597972755777,119.1707152896785,6.1855454720862175,73.72798255661105,1,0,6.001171674354664
6.962203172923104,72.94187282490833,5.726918904017204,43.25559255815581,21,0,6.212917302727149
2.9322704721947224,37.611192025306295,4.677762624840672,25.207034174302176,1,0,8.596421924010105
5.85033860883845,73.17077449194258,4.797274854169552,44.386352956864435,19,1,7.586971613883574
6.393311088935623,73.01056197250074,5.254016062506394,46.59852896121306,8,1,7.288637814270809
4.793533911671398,46.949067537264305,6.126043599737121,35.18935291215829,8,1,7.3410042696221485
10.102066481555301,93.98154852457058,6.449393507650629,58.71381262094651,19,1,5.812059614549974
8.018294461577888,82.56375114875318,5.826984130455639,49.543206317424065,6,0,6.178771128302347
8.011365619563358,84.85955224541684,5.664441120118714,51.66804483770313,21,0,6.4493430073310245
12.73079108874016,132.53142673351815,5.763519522507541,78.28950439921338,0,0,6.149618185821704
10.740239944679113,119.04151938858669,5.413358297092864,66.19906749969005,4,0,6.163648842173784
10.298163983524942,115.38881095654438,5.354850560373613,70.43507436919376,8,1,6.839575916821306
4.601182078587865,50.75653849926411,5.439120414393004,31.482835314264776,6,0,6.842336333694293
7.712694011624384,87.02155419353058,5.31778184136208,51.18192618049291,20,0,6.636063365583123
10.16904451449569,106.07517282400275,5.751983754785625,62.55550060820969,21,0,6.151561291627602
6.3709556719594005,62.793881855498036,6.087493383467179,33.13037815617428,10,0,5.200221106857107
9.987629904086388,90.56130016391751,6.617150959190255,58.260156446064556,13,0,5.833231407806542
3.2018349578415215,41.68116357817142,4.6090387354517155,28.808490459494035,8,1,8.997493886728918
18.4474728653605,169.05624176658375,6.5472197912092325,109.911252620169,9,1,5.958065553063011
14.383382582001932,136.3416865235807,6.329707200525622,87.39399052803574,8,1,6.076038791973225
16.530785338728144,156.66807130922749,6.330882304448656,98.63072434586435,5,0,5.966487515556406
3.6385075339093302,46.059075799699556,4.739792282935557,32.11538214111295,16,1,8.826526217634939
15.838389913334012,162.22923644640585,5.857781344572768,94.30899717628874,2,0,5.954456083752046
7.808522520160251,82.35316343128099,5.689051053886486,54.5473969257072,6,0,6.985623309003115
8.706126035510719,87.12183923918121,5.995827988623539,52.47898939964245,2,0,6.027823303452088
8.840722297054105,79.1556990935035,6.7012652771426415,56.28485035727947,10,0,6.366544323650414
4.097608753377204,51.6287200783912,4.76201085034323,30.451098658286956,16,1,7.431431474073627
8.619492901328845,89.74680518928474,5.762540215097014,53.469763993092926,12,0,6.203353794148334
6.039172225737707,63.05442854908078,5.746627824280629,43.5477850597326,17,1,7.210886431445176
11.480476529741322,122.32083935490994,5.6313265623191615,69.73520045874987,13,0,6.074242674343165
10.506945387424627,99.41768482677234,6.3410923755057285,63.36185515895348,8,1,6.030473446144389
7.691873849536237,77.1175771206723,5.984529703909231,54.51913050533578,21,0,7.087886719388004
7.492080272636032,77.95855568472618,5.766202470144452,48.76147409898405,14,0,6.508402516331782
3.1066077465045487,36.5863691554451,5.094696989425959,24.044541698407524,0,0,7.739806135957022
11.066890053639758,114.90653699946091,5.778726089547897,68.84215017896065,3,0,6.220550655630608
10.53739204137368,109.62001135530807,5.7675922002338496,68.29530633823425,16,1,6.481234262717164
6.468070458208692,76.51845427738309,5.0717729619275564,49.05028055670327,0,0,7.583448707559002
4.3644358889941435,54.29384522321966,4.823127782956459,34.30885238664342,4,0,7.861005009412675
1.6078798621722366,25.778676970340044,3.742348447181059,15.122816379376285,2,0,9.40543925896643
11.698187142648065,115.24477698142834,6.090438516549808,70.0831059969476,19,1,5.9909373257883445
6.355899290401688,71.9347595478971,5.301386420429754,39.892320922937536,2,0,6.276424326480536
6.153369767657951,66.2384912836301,5.573831452147222,38.98761377584781,4,0,6.335977724070202
9.769931881832141,100.21275034659034,5.849514267221919,58.80956059889513,23,0,6.019444281720689
11.324816694123378,116.98144997628856,5.808519229203699,72.93532659923841,2,0,6.440309681752789
8.888083870175727,92.82408997985738,5.74511457452764,53.1909965677436,5,0,5.984529100386624
3.8455308493214395,48.46134864955206,4.761152080760738,32.16969246644248,19,1,8.365475074037947
9.028540965385467,88.51133855720293,6.120260598850069,52.44879357014479,3,0,5.809221420296843
3.1342940577343663,48.306880186933256,3.892978448128607,28.399765233846807,5,0,9.060976638029828
6.557884959548384,64.3809273272246,6.111640728208587,44.402681223230594,19,1,6.77088443867555
7.721380342360465,84.1276094719488,5.5069058000049695,55.077702568791466,0,0,7.133142019520558
9.324722515282675,93.00745854573742,6.015467572870283,58.157798609280036,8,1,6.236946838253128
8.097208178508238,91.36894986923038,5.317260310048768,52.97363716146761,6,0,6.542210104227187
6.6487784909773335,77.14145148873519,5.171366389403426,43.63415912299513,4,0,6.562733167033385
4.714100406602628,54.414604782768016,5.197979945371747,33.07302234152759,9,1,7.015765361129156
9.610251558492516,107.82058639413302,5.347912794702878,61.539261868106664,5,0,6.403501666272702
14.448453811655977,140.9116889870711,6.1521314160026765,85.55368106254154,18,1,5.9213035649200725
10.793672810538505,114.43320663076642,5.65937447442106,64.92963838482753,3,0,6.015527756356748
3.6285953823761092,40.299973404039,5.402378824417446,33.56124165189679,9,1,9.24910002776885
2.553673377664986,37.412903244570224,4.095389274077152,20.068554778171002,1,0,7.858700706870031
4.559631182478891,47.44191869658529,5.766585299772555,31.26762757343365,2,0,6.857490512299435
9.41885078124359,96.88648461140998,5.832919309037061,62.3434043177892,16,1,6.619003290925677
8.334829271370584,86.7049905198964,5.767715944418196,50.453926307123304,10,0,6.053384498279787
0.7341184565556601,23.878418933066726,1.8446408665836487,16.269534737952,10,0,22.162002048396207
2.46394257523589,30.15098353456052,4.903208359511589,25.27589525078526,6,0,10.258313446434697
7.104047606461791,94.37653048422206,4.516407354675611,52.01492291904901,3,0,7.321871389450799
12.60559083284557,117.15779692833719,6.4556988079365105,68.68025406642809,21,0,5.448396269334113
11.6561506313814,118.30305069127463,5.911673737881601,74.6232199706351,19,1,6.402046638770257
7.015846365444982,76.86936146044062,5.476184190021318,48.984467946668595,11,0,6.981975572887526
11.765857284469334,121.1212787878277,5.828467500783239,79.41661130931446,0,0,6.749751368660794
3.9271730870329837,44.25220197585289,5.324715487616989,35.827304415015696,21,0,9.122924714806386
10.193121582819085,105.18871716885734,5.814191021907571,66.4554862152147,10,0,6.5196402961805235
7.266237455777471,74.00944768998674,5.890791796918575,53.13844968513987,4,0,7.313062641916396
6.9023005623948315,85.35954665922075,4.851689704925977,54.03766344543278,3,0,7.828935143717328
2.6747428080526867,32.26204004728808,4.974408569573745,21.79576317610701,23,0,8.14873232315564
4.584274501843594,52.3703456902411,5.252141579082048,30.546370025970795,0,0,6.663294271249766
5.200421573430081,54.823792156250356,5.6914212266914745,37.106451899621426,8,1,7.135277664642647
5.589460571893646,57.503556204802564,5.8321198974057475,37.41427388409391,13,0,6.693718186729846
7.985308562023616,75.46125758422792,6.349198635957493,51.50877583044079,7,1,6.450442763778131
6.829417313233457,77.49715593620937,5.287484861138639,45.397821168372204,3,0,6.647393047779378
11.729417073462495,113.52784441590539,6.199052118258588,64.98022641253411,15,0,5.539936554865135
7.663189916574304,76.1858083935494,6.0351318006542085,43.99755897561491,1,0,5.741415709984551
3.6815055318429777,39.35453553249587,5.612830361780914,26.325404579726946,23,0,7.150717105278485
11.05673904152948,113.33695382571098,5.853380738571365,66.48203593156563,11,0,6.012806821419669
8.94326482533885,92.61943048293163,5.79355634905591,59.42242076304601,17,1,6.644376737529358
3.386335694475818,42.63457086974155,4.765619484931871,28.43757818860499,20,0,8.397743388228065
1.0804020794013685,17.15545581863625,3.7786302765364366,17.104466251403075,18,1,15.831574723440328
3.364773003308042,44.89435371778086,4.496921405030125,29.740283116438718,11,0,8.838719012307774
5.812491601750635,60.33833204807379,5.779899514411111,40.3589375051471,1,0,6.943483151526893
6.062460740365217,66.98323396371138,5.430428226546597,37.17853927151469,1,0,6.132582273724541
5.482227936501061,60.50165184521681,5.43677182619054,40.44316723860202,8,1,7.377140773248146
18.579913289721443,169.08831092668757,6.592973761897908,109.19377583691261,7,1,5.876979840229905
11.240173479549117,125.33426543427572,5.380894094971997,72.07764191327674,21,0,6.41250262234992
8.722204435635765,93.94856603992206,5.57041249480874,62.72352885641026,10,0,7.191247272323114
6.786484331901435,74.15959550128258,5.49071306500106,46.189662269685776,23,0,6.80612523520619
11.160420292624774,114.47199799591614,5.849685768404041,66.47192405207602,6,0,5.95604128780017
4.518811665778972,64.983285928653,4.172283627584149,39.960400679966725,23,0,8.843121518559279
16.605296181434802,168.26886425277561,5.92098707809311,98.28020862147969,8,1,5.918606181283281
3.370883518262662,44.43053574592072,4.552117315270705,22.88266154406067,23,0,6.788327576461108
1.3407732168556865,19.817107857979316,4.0594416495013235,11.717971230727636,12,0,8.739711595826794
7.627937228814688,77.3481873565882,5.917090618024655,45.64387322928473,0,0,5.983776722344288
7.646159037946355,69.99589307640693,6.554235143138931,41.807521110962476,22,0,5.467780738470142
7.181153460666771,74.42068672484908,5.789642995811525,44.935180569412836,4,0,6.257376452896552
2.670579111943873,40.00624223034646,4.005243626583039,25.812641825375966,19,1,9.665559694499125
13.110263194283894,133.7941421381901,5.879299191175147,81.64396236721743,19,1,6.227484616999481
9.615278708707745,102.23438435255339,5.643079147745224,58.83769397396527,4,0,6.119187571825759
8.692739507050547,87.14247107140407,5.985191422855863,51.96575579438695,13,0,5.978064308983184
12.192168632441051,125.03577918626338,5.8505663155561,75.95167060574778,18,1,6.229545612062383
3.6813355025044467,50.07712376127051,4.4107990547391385,30.76002861685628,22,0,8.355671086194112
4.137895352402928,35.87933573668657,6.919685552882634,26.307577649222075,9,1,6.357719422252893
13.240821383516561,132.99392724315774,5.973575632205165,78.32027641427142,9,1,5.9150617734162605
8.669947163595195,102.5158290512185,5.0743073984780755,60.312094646632865,19,1,6.956454694427809
0.3783498005957575,13.656361045167657,1.6623013964454507,8.239704352788376,11,0,21.778006331215096
5.66784684342483,47.87970374560979,7.1026089136291235,29.49702733505955,14,0,5.204273889171605
4.094233301063606,43.97214659772658,5.586581894924298,27.098990304297434,2,0,6.618819278632123
9.915024902181218,90.34798837281221,6.584557164417094,57.66503190110671,16,1,5.815924061715761
9.064126395954764,89.7709783548326,6.058167057149035,57.2051213324019,8,1,6.311156622653896
1.4477468975403813,17.685326190951905,4.911688532884641,16.214516924062025,8,1,11.199828472510859
9.990103599854901,107.49606508321924,5.576075882659122,62.02871687962517,21,0,6.209016379021945
12.06699663667569,125.27405855970173,5.779487042446989,77.41543599123199,17,1,6.415468431965934
7.178709006979262,78.6663060686843,5.475311628878159,46.21416375758875,13,0,6.437670577350128
11.568188808572174,123.47108759692223,5.621488738968814,71.63585247398359,13,0,6.192486452235333
4.521096741867936,49.297592670831776,5.5026176698599265,30.082285790650733,20,0,6.653758481226823
4.194477741722549,50.19160293497489,5.014158739448892,29.90705354243658,14,0,7.130101858677316
9.154768525136321,107.55938766119704,5.106817019434732,58.53327357814752,5,0,6.393746976499979
12.999396315618698,132.5062542559659,5.886241244360019,74.81775149958234,13,0,5.755478922485751
20.579980699367145,200.71660273780637,6.151951682716707,121.26266013749662,15,0,5.892263064232396
16.95635556375888,160.0019398185628,6.358556246125588,97.22778188442227,1,0,5.734002304848392
2.9337221889119047,35.9040543649939,4.902603186406027,26.435353231156675,3,0,9.010857718931234
5.9538950596740055,59.56731594334964,5.997142861366804,39.57364764070919,11,0,6.646682086948972
11.410501163729794,124.77998615328127,5.486697754420165,78.0049033631472,13,0,6.836238149740431
6.3726018473824375,60.00415273786203,6.372160815491081,35.52106356252357,1,0,5.574028381690587
4.77239723142245,60.43640891437493,4.737935940089245,35.074113255624084,10,0,7.349370045034992
2.9017868516856935,41.60280867624898,4.184986942973859,25.77919137490821,4,0,8.883902468554046
10.268005134874516,94.79186528070252,6.499295126940507,58.506426381512846,16,1,5.697935052915013
9.923429790263738,108.16531198784531,5.504590857027536,60.13620696694311,11,0,6.060022415429903
4.90793153169006,54.619190094801695,5.3914364418492156,40.319750754224806,2,0,8.215222745852078
2.7449493274159904,28.779219068784172,5.722773757388037,22.003186545865965,9,1,8.015880776414578
12.049756675716184,122.63470416715492,5.895438860092323,71.5442419019735,22,0,5.937401378913839
5.8967761019127884,60.136083134282806,5.883432170411291,34.2391491880979,1,0,5.806418388005515
8.513628432807781,87.39304209892146,5.845061502610984,55.97012947113822,9,1,6.574180434684458
6.129651328635908,64.1323615370731,5.734687931389395,36.62854462029865,3,0,5.975632651270225
6.7412205517763075,67.39625938571847,6.001419615764135,39.88148226871018,21,0,5.916062523455257
9.03429812479052,86.17826434159832,6.289960602348537,56.626380984314174,11,0,6.267933623856051
3.1786336198054563,45.3887100379732,4.201882296914111,25.701315305545204,15,0,8.085648860379894
13.307062272740806,133.71281718048652,5.971183265750286,77.37281961695017,23,0,5.8144177904274565
5.636232012765667,64.29006047413095,5.260127588494251,36.50144554055644,1,0,6.476214154755028
15.073326492299374,145.47457521603366,6.216891083509986,89.46738817869576,11,0,5.935477362903447
12.433297092922412,124.20745299398038,6.006063304522466,79.66163136591462,1,0,6.4071203937740355
4.63107114682469,49.26331789265804,5.6403888470308035,33.461273733076034,18,1,7.225385374616599
6.249479863347161,63.725507090109716,5.884124096032895,40.42517952983745,14,0,6.468567050984323
3.4831850564971156,53.61010070737159,3.898353120629185,27.808527458378897,10,0,7.983649162282723
14.469513558735509,147.53287628861187,5.884592203203355,87.69637763953256,6,0,6.060768890643781
7.895881713043284,79.69422123022154,5.944633067108021,49.6175462009363,4,0,6.283977901919756
13.098732753208047,120.91161429722997,6.4999873648241255,72.58893218538172,21,0,5.541675943239911
5.020450241775146,46.977535172226766,6.412150262932376,32.18052019226232,0,0,6.409887289488171
2.655297973047969,32.09262785292657,4.964313895172337,21.045448855145395,3,0,7.925833209215199
9.017488064326649,93.80361869689513,5.767893513872589,64.19438918127204,9,1,7.118877088978498
2.091774540209092,31.536179870234406,3.979761433660692,24.97204069623706,9,1,11.938208547915911
5.678245725532814,63.994128955301925,5.3238437508843095,38.63480355081484,22,0,6.8040034578090705
4.801590532885386,57.21964707955925,5.034904035191792,34.74355126503969,7,1,7.235842170856976
6.937277597409336,68.20532843981958,6.102699970308379,45.394483353429706,7,1,6.543558725454761
13.019069801257249,138.21813725898926,5.651531727791621,80.54484665691476,5,0,6.186682142923648
1.5832122608127273,25.06459206319449,3.7899174823696207,16.038202731459435,8,1,10.130165820738638
9.703765990240663,101.10295029535233,5.758743515531263,56.186370896540275,6,0,5.7901613613774705
4.088292416330274,44.857408590075195,5.468384213217549,30.564036727881724,16,1,7.475990857649209
9.887871172903171,102.85977634648046,5.767777176335366,65.64046702911726,19,1,6.638483236816343
15.813830529895316,166.7863107755698,5.688895134028588,101.0707008765899,17,1,6.391285190866337
8.2806999412476,80.59028876064174,6.165035565891917,52.989173491567904,19,1,6.3991176914429255
4.541291694705041,46.178059874921196,5.900583576277141,32.79325301382998,14,0,7.221128969113691
12.073089442354322,115.47059309056915,6.273331998676831,73.32451322805598,16,1,6.07338441234618
5.068547093044033,55.617996891356476,5.467885263410192,36.22270270916634,8,1,7.146565286702696
3.8318907097845303,43.358610229395154,5.302601752470401,27.513822699774483,23,0,7.180221145013189
9.036234616999488,87.08214710789994,6.226007224513923,52.39240780567718,22,0,5.798035357239789
5.596625128305906,62.071652268513496,5.409836784201267,35.003094259218074,1,0,6.254321748688121
10.648557065124054,117.2038587173953,5.4513002464194145,68.49073775974644,8,1,6.431926630140901
8.980541634485434,91.92596185739129,5.861592168108506,61.972545347197475,16,1,6.900758091162547
10.085756263192138,102.19317211855233,5.92158324520459,70.68861291809189,7,1,7.0087568124236
7.6545235778833485,82.94836924245293,5.5368347668243985,51.477759540763316,12,0,6.725142200815861
15.9520747916347,159.45466176950123,6.002486706106139,92.45554954077697,20,0,5.795832250564725
7.5888627763366845,88.53913283062755,5.14271771162742,57.79478143027854,21,0,7.61573678871782
1.398906620888543,26.03040791365043,3.2244749114860056,14.974562698841353,22,0,10.704476249694183
2.823992937972237,37.39999792875973,4.53047020486702,27.40412195309617,15,0,9.70403345724145
7.158365477891274,70.47609386277725,6.09429247752794,43.165471294978246,22,0,6.03007368487897
11.547001110885867,120.36277776057642,5.756099016186697,74.89559021596715,15,0,6.486150776010558
3.4973073645246875,38.40866784446614,5.463309550886037,25.757701648733015,12,0,7.365009409813111
8.00103391840493,78.75631043044318,6.0955373922484855,49.17089232692999,4,0,6.145567288975148
1.3146438447982989,24.990599856102925,3.1563320265253685,15.53382719685129,20,0,11.815996597340467
5.3250636821599935,69.17472343109678,4.618794338192757,40.245246437380075,6,0,7.557702374942394
12.844150037287704,131.95609228534371,5.84019266477519,81.63818338102665,4,0,6.356059618115935
9.54628652711031,97.69138112454917,5.863129224228805,65.44595271021488,18,1,6.855645126967038
8.619894776832957,83.68951466696134,6.179910215373174,57.09252424296006,21,0,6.623343523450349
13.054454724476052,138.62277214667597,5.650350742082927,80.79603248371457,23,0,6.189154138489485
5.904936641596768,64.80495086020431,5.467116227895695,43.47942574282414,18,1,7.3632332371760665
5.081366911983185,55.991064977255704,5.445190493212411,37.68562780360119,23,0,7.4164350766973115
5.409979855504811,64.0208203758625,5.070206683147578,39.13273423938092,9,1,7.233434372137677
9.582112764925196,95.55071053589226,6.016980540187074,63.92963633714869,2,0,6.67176831514232
5.6783566440642375,58.58718690183912,5.815288575208229,36.85033178766431,5,0,6.489612065171198
5.499185146369512,57.55010285500077,5.7332844324100085,37.95528854455067,3,0,6.90198411843039
3.8621406016126705,42.80068979101683,5.414128539241353,31.41726691280032,18,1,8.134677152789768
6.846095326257731,66.85065550873117,6.1445279249627545,50.08595242458935,10,0,7.315988171021823
7.070693281975355,68.20270410943142,6.22030464126209,44.56588514858791,10,0,6.302901762433321
7.794594338874825,87.98352792269739,5.315491108101403,50.178149277671245,22,0,6.437557504104136
7.9360242043505345,87.43726462242564,5.445749639095041,48.848812523038525,23,0,6.155325546545028
3.85332654689517,41.74315176395226,5.538623296129859,27.86961307489693,3,0,7.232611286825135
5.368560439749961,65.64745810981805,4.90671894479374,36.12858011179851,20,0,6.72965881957756
11.70686594858971,119.21767017482338,5.891844353990063,69.02168588931154,15,0,5.89582952366738
2.1367582494914936,29.288062392162935,4.377397632278862,21.37035460335505,18,1,10.001297343038583
7.858433726200796,75.3709195678793,6.255808291517631,48.64005273441894,22,0,6.189535272435801
7.7675638581954995,83.95675730830752,5.5511175804501205,51.80121312382002,8,1,6.668913712137035
4.94240662799594,67.67394293138018,4.381958325975562,40.145862636402164,19,1,8.122735674761875
9.43580458758968,97.0096705261151,5.835998330733151,60.48834515378297,17,1,6.41051270109382
5.293479159996216,65.63323029954019,4.839145477835761,36.28516515128865,15,0,6.854691225669167
7.627350280085962,79.37584536259705,5.765494713342659,49.80147878310538,18,1,6.529328922146225
12.14244988426015,126.81305856421658,5.745047089820657,73.86300124900646,18,1,6.083039415690946
3.156548278066205,39.5076649935694,4.7938266337633335,28.242985626170977,9,1,8.947427106508083
11.918122751562855,104.8311376474474,6.8213260023815385,71.98727191110676,22,0,6.040151910808846
11.636044622858407,112.39399042889174,6.211743837080068,68.55735933611942,2,0,5.8918095932222565
14.50183090189944,143.31004277313272,6.071520441113787,92.94466164419909,4,0,6.4091673853420295
1.2303949024161192,29.569300638485764,2.4966330806242443,18.532836083869096,17,1,15.062510456989278
4.8764122441946816,54.96671225795008,5.322944062556026,30.773563281372994,11,0,6.310697648257405
5.763548253262801,64.05082640088486,5.399038773229484,45.59997697517215,7,1,7.911788879247702
5.259337109221118,55.810422235303335,5.654145120472801,32.912879383227306,12,0,6.257990065995512
6.346470399994113,78.4837926762938,4.851807118575511,46.82571271463503,3,0,7.378229120028427
16.74993176566927,171.75352301709736,5.851384520596488,100.89569975352477,0,0,6.023648404366698
2.883195102884186,33.89128997871134,5.104311647084401,24.079332247767805,1,0,8.351613882695695
2.2442307042678444,23.099612373885233,5.82926847760877,16.38801103155296,21,0,7.302284475650362
4.244444789685913,39.35681461506605,6.470713899789712,31.78497654869997,7,1,7.488606431149278
7.8316334435887445,86.10515215082228,5.45725772358254,54.536998717978406,21,0,6.963681218076459
5.784386866935377,64.87080735262482,5.350067714273325,43.63489518465289,12,0,7.543564458677203
0.7380478417840313,13.951663335165954,3.174020863549969,13.14614468476264,7,1,17.81204949124353
15.917908591637028,156.89222757576715,6.087455894123197,97.7865031787079,0,0,6.143175318275361
15.920019712386079,147.89822814951742,6.458503220048763,89.55329451038868,2,0,5.625199976399182
9.390979656915658,101.28835616748592,5.562917602130191,61.0387220765798,13,0,6.499718272909895
8.663110772730526,87.67413767278083,5.928620003127829,50.676968128382484,14,0,5.84974259914832
9.230830642435416,88.58872136065098,6.251922705728678,54.873428104164134,21,0,5.944581829061334
0.8713920850208682,17.64044056841319,2.9638446329322687,16.037415483060837,4,0,18.40436212210577
2.3370006528057656,30.62415365409383,4.578740060938838,17.79222441873697,14,0,7.613273191591072
7.090620149989889,78.00593156032649,5.453908446313191,45.02068727023793,2,0,6.349330004696715
8.647184486864763,96.82064585640045,5.358682175921343,63.06621853585643,12,0,7.293266222277923
4.012644583474567,54.798604899747644,4.393518328594945,31.73655516326229,4,0,7.909136855520223
6.8762639291471,74.84416446835505,5.512464982133213,48.61549449679859,5,0,7.070044867057427
9.779225075775354,98.88988176776839,5.933402832096058,61.64387751458738,9,1,6.303554426545387
9.049395058065356,90.0326941162327,6.030739264371587,55.05769456960641,10,0,6.084129846948802
5.252340246349632,48.66294286234518,6.4759834947185215,37.7208833695597,2,0,7.181728829501413
8.745537576422272,90.59455630959839,5.792094756688394,52.296748834300296,14,0,5.979820951806426
6.2015992449662,62.70832442783033,5.9337569308873706,38.99420127938181,9,1,6.2877654197073705
4.23695431656529,57.44262120625268,4.425585978765287,30.146685522706957,20,0,7.1151783262901755
2.4302381342789983,32.66781842275549,4.463545320650177,13.664558637602571,14,0,5.622724145778646
7.109418738169367,80.46728460468977,5.301100023267109,47.1342081797205,21,0,6.629825857163856
9.847321881422559,97.73081947229343,6.045578212437436,61.76849020594582,0,0,6.272618174742009
5.9530464603834,61.52452335475717,5.805535226391739,42.05226436925749,10,0,7.0639906221308335
11.732297099888008,121.21941550382351,5.8071376030606,73.77800486364524,20,0,6.288453508763386
6.776729472979659,74.656369074723,5.446337310776698,42.646750574066246,4,0,6.293116870624452
5.9922178825755354,67.8632045253689,5.297908866359678,41.814625893884624,5,0,6.978155119404994
7.171772037343581,75.98327280400268,5.663171726632273,45.21164480985918,16,1,6.30411069599551
13.044663330471476,134.1383105016308,5.834871461414247,82.77666085217784,0,0,6.345634130611635
12.06008617989654,124.40941283346935,5.816321726093091,82.05761199770225,22,0,6.804065142957892
7.765823221927245,68.83148814935004,6.769422045686724,43.82018139847513,22,0,5.642696227586838
5.337068050026973,58.48889240290298,5.4749554974599715,38.288284048578085,22,0,7.174029577603864
6.22709904280632,74.13233604166254,5.039986091338071,50.35675441129788,18,1,8.086711655802407
7.75746895244979,75.70001062471742,6.148587474504399,46.22372995480465,23,0,5.958609726721149
17.900469974847287,162.94985484846046,6.591157749048983,103.58202240771931,23,0,5.786553233142304
2.550766847685087,34.12421056906321,4.484968540191102,16.734649784339844,6,0,6.560634814399891
7.004968391428209,78.1691306762379,5.3767785294490436,46.85373267528069,3,0,6.68864298268845
7.845681734950178,79.84824752468576,5.895444404731327,49.46590984674748,20,0,6.304858075798763
1.9984306995409191,37.7435538540909,3.1768561708838385,22.648258085638975,10,0,11.333021500741431
9.772179836889336,111.01135084322917,5.281719263477657,71.63546905283184,1,0,7.330551652601875
13.192516103508835,119.18217970139018,6.641521141782719,72.18547013824434,10,0,5.471698466909209
1.0976716955353643,19.57507938342848,3.364497299963784,16.508364513953442,0,0,15.039437184268348
2.8657311442165607,24.10053176628267,7.134442937626297,17.67624132079492,13,0,6.1681436363868265
7.257283088971529,81.28160230092645,5.357140767552618,51.141921755028356,16,1,7.046979031691041
3.6093217341516297,40.404760907178144,5.359747197777001,25.447369040892866,1,0,7.050457375442111
9.573560850081318,95.30721473204139,6.026969234384379,56.37664731101059,2,0,5.888785603794614
1.237799306490755,30.02874539420227,2.4732288150734534,14.335560546759961,21,0,11.581490207327912
10.199401351843417,95.8242332692921,6.3863185775859,67.39777338728778,9,1,6.608012672734608
10.04040457657938,92.88627176609616,6.485611524077231,56.17074679283366,1,0,5.594470458278108
7.269110040433258,63.757136752943254,6.840749516654877,46.36621092825341,0,0,6.378526486784325
7.826485184432731,90.06153181818941,5.214091983400205,58.91550516838901,9,1,7.527709282012682
3.575135523590533,50.405533456848104,4.255646487683166,28.282722310380382,2,0,7.9109511020650345
3.1029520522307004,38.16324003290566,4.878441216555871,20.08499263043927,3,0,6.472865932942872
2.542856483170259,27.23423554432367,5.602190990156704,17.292049417204193,5,0,6.800245917003406
8.729406413408947,95.56924155038428,5.480470246574127,60.332020869920825,16,1,6.911354336446845
3.4744739139035783,59.79831870440645,3.486192243375782,34.32424355316313,13,0,9.878975753943644
7.910429679511994,81.77974137100303,5.803708507924062,46.902477916929485,18,1,5.929194723569424
3.9521906675919705,40.35229264954283,5.876529547279758,29.654496161821566,7,1,7.503306053776436
25.94302847805659,252.93741277599355,6.154019255593222,149.5372348579427,1,0,5.764062394813539
1.8100076418245254,21.495139059583906,5.052326398467774,12.357190396238147,13,0,6.827148190259485
7.307908515940895,75.57112956350441,5.80214313970247,52.82301129788825,23,0,7.228198216037366
11.223625062171127,97.18036681970376,6.929563303456569,64.48149144787254,15,0,5.745157299062436
6.641610934208911,69.954858473148,5.696482914128068,44.71448863702013,5,0,6.732476364538225
7.050269317193208,67.78270052819765,6.240768746822318,46.2242115409766,0,0,6.55637529026749
10.273922222873436,112.01829712191049,5.50298789760689,67.30921930452482,1,0,6.551462804990908
2.1701115299857983,25.674141929768396,5.0715109449549765,15.59727461468064,20,0,7.187314752796467
7.041114137400053,80.04888500564951,5.277610652717865,47.042304896391826,6,0,6.681088245185342
3.5982349544177246,43.75448198139944,4.934216735941307,27.50106213492859,1,0,7.642931182457728
2.913811211487114,38.97648766299506,4.485490693796202,29.09007629081604,8,1,9.983514435023887
11.368628325585465,117.45098141017824,5.807679862230729,69.11662130888193,20,0,6.079591955111484
0.9721706011152563,20.428815530289008,2.8552921230519415,11.524220175266304,10,0,11.854113014779433
4.857893567408678,51.83421589936093,5.623189412384153,34.021452679257976,23,0,7.003334306767423
4.922174805201899,51.42741570643224,5.742666324086274,34.074573404519725,12,0,6.922666250802128
4.864423030794577,58.83368655732589,4.960854893281066,40.21185397658116,21,0,8.266520761458686
9.911768535053325,89.79548565628342,6.622895435741597,60.001250813159366,4,0,6.053536319069881
5.270779661629278,69.50600324236353,4.549920365799511,45.96388928697422,13,0,8.72051048189066
9.663362568525514,99.76119348360807,5.811896729230681,58.9954897903264,11,0,6.105068434716534
5.341357920986838,58.04785182774859,5.520987688057919,35.41825623938064,18,1,6.630946055911746
3.586254229161447,45.87279693581748,4.690694008711685,30.1068578021028,3,0,8.39507070003303
4.57339194741668,49.59474085275869,5.532915630301901,26.793429029539716,4,0,5.858546421912124
10.824441039128816,108.35168047587028,5.994059893629098,65.52445268935546,5,0,6.0533797960092235
3.9339800884656904,40.61548340186275,5.811547359229904,26.148535038285743,22,0,6.64683970184609
3.995346270255931,50.20863203516289,4.774493279312427,26.585270693880055,21,0,6.6540592217998356
3.9910652162780234,47.448851959835075,5.046779913229195,29.53827342919022,0,0,7.401100164616438
11.55080576112202,117.08206565332861,5.919338216319025,68.5035676774807,10,0,5.930631082729454
4.8384818178364135,64.44517543901094,4.504742319227989,40.067637562493424,13,0,8.28103505830888
11.145378383336444,107.4831551239214,6.221651218083345,67.64698964103393,21,0,6.069510366931422
12.3403723331305,122.29004849577815,6.054640987515773,73.89264663901344,11,0,5.9878782134176
1.1757472607361568,12.673231972560956,5.566443966062273,8.038879623233454,18,1,6.83725141592094
17.170558538366194,169.8352200591578,6.066076941774008,107.10619672675827,19,1,6.237781752261484
11.57016909174133,116.02661397670187,5.983197489878289,68.29817231520975,12,0,5.9029536883743825
1.8031745749026704,28.332649519147182,3.818579495046702,22.30413770518556,17,1,12.369372336779685
8.516862471514976,87.70759537670968,5.8263112344611745,53.29070013352055,1,0,6.257081209395321
6.441231729608857,66.50194650831341,5.811467544460798,44.08018551386957,7,1,6.843440410821291
12.702909650314545,141.30235453658156,5.39392695555936,82.93696375430457,20,0,6.52897375777611
9.510201753613579,97.82111533252206,5.833220192564156,66.9211843766178,3,0,7.036778620515579
10.329906270086557,106.74825744781413,5.8061310884460235,66.50532777452527,12,0,6.438134677670024
7.815085398786966,75.49924409440645,6.2107260748317605,50.71031873331657,19,1,6.488773461283952
9.405539185146058,101.96049345318342,5.534813847952634,59.33469660377169,12,0,6.3084843341546595
3.466327727879445,42.456156828340426,4.898692656371941,26.855451552154516,23,0,7.747522352303244
9.84316016504383,103.26332219215394,5.719258274527056,61.23113269432595,20,0,6.220678284985856
15.506012822640946,156.96811898067875,5.927068346107754,94.12407315258365,2,0,6.070166085194342
9.360244857716276,95.61875659413766,5.8734782951299,56.42354676914965,12,0,6.027999013576653
7.60200242929145,76.35605727003396,5.973594788222415,51.25594887808082,17,1,6.742427321594288
7.852805002787935,68.70882436965739,6.857464153837996,47.417287286933075,17,1,6.038261139821859
5.31412032096762,57.50400135253946,5.544783176101126,36.08955896384836,12,0,6.791257401803993
4.957481915613682,52.52289566904835,5.663223840724132,32.89693240813131,9,1,6.635814909283241
4.950476436501941,49.69596823293071,5.976915165389462,33.73740158160745,7,1,6.814980742630633
6.9669505605920605,83.42107064515531,5.010928658703327,51.41771932948793,8,1,7.380233128153328
12.371159494119198,129.23703428428274,5.743474181049228,75.58492562679692,0,0,6.109768907492241
5.024033930608513,46.237269833263746,6.519460100553972,26.04232771534884,20,0,5.183549330088736
6.073996502572868,67.58823133182757,5.392059874523686,40.55059441542755,17,1,6.676097755119027
8.76542044251576,85.98532142096124,6.116453574397375,53.56241782863259,6,0,6.110650159898053
5.081813132137838,59.93708185831707,5.087147696796989,38.66652952604695,3,0,7.608805857404787
8.894342127841274,87.25119754153073,6.116369089564177,58.140294527512964,12,0,6.536772893581515
2.178911754454268,28.376224378208086,4.607191694172521,17.247420666268027,20,0,7.915612291782706
4.910252802541016,61.970511571138914,4.754118703929983,38.0967488356802,23,0,7.758612512978038
7.811341540822457,87.21811952974798,5.373659681913824,51.23308456828099,6,0,6.558807382897593
20.895698984660434,209.11817205183155,5.995375374498187,124.14807191672361,10,0,5.9413218006184385
5.0312313877643415,55.97879448281678,5.392647091721912,33.569850952180175,14,0,6.672293195224548
9.10149375323814,85.17947239326244,6.411047284644641,52.52371005190983,14,0,5.770888985472619
8.05846520185618,90.0539490942899,5.369091716401239,54.39142222126738,6,0,6.749600681869162
6.118561612507622,72.62957842660445,5.054603161733104,46.22617613619552,19,1,7.555072427758107
6.877845704683682,77.67023396096498,5.31311316106526,47.67420012930506,16,1,6.931559993682301
1.5462641358685225,21.453871667324602,4.324433817389425,14.662201667445395,19,1,9.482339612830618
3.4878041050722506,36.96542328210212,5.661188963191402,25.772703503550353,2,0,7.3893781666434695
5.550763848834872,65.17266026207919,5.110207709656368,37.94719385807255,16,1,6.836391331264764
9.416781325639574,91.43411403100738,6.179388136760069,57.45238708899034,8,1,6.1010641643086325
7.067579406301268,73.76037505505388,5.749086336146834,47.99799324627556,18,1,6.791291683752688
7.458663170884444,96.56702895759105,4.634291797975913,50.37624370440661,12,0,6.754058006139058
6.067738249323082,79.3833360905113,4.58615514148065,46.43243775632642,12,0,7.65234686277155
7.232199530687879,81.84593659849332,5.3018144806624505,48.81203891155526,14,0,6.749266071052742
3.554962041589794,40.02105666544592,5.329637452565024,28.465743269236288,5,0,8.007326923948332
8.795416711606967,86.82480201989155,6.078044411497952,55.41616496723485,13,0,6.300572989805509
6.172073962192652,71.84340919703821,5.154605577192264,38.540485518663665,21,0,6.24433306450074
0.6498551022462372,26.830638902364452,1.453238078923947,15.103871415173186,1,0,23.241906331067266
10.567106117790438,104.03414335285159,6.094406573013297,70.07117977850476,4,0,6.631066159214129
8.856756516146254,88.97000391565433,5.972860150400354,58.13384730638707,0,0,6.563785196127559
5.235326452576438,59.64420721020031,5.266556499737762,35.419443603983595,11,0,6.765469913829878
3.50450178761636,35.20671949510909,5.972442484628319,24.19926912120433,5,0,6.905195256773954
8.857008905601607,83.56273874371851,6.359539458919945,53.2079908002031,14,0,6.007444653979263
10.144632461639421,96.24565330423954,6.3242123337694,60.258416626650856,0,0,5.939930978722989
6.539112963983012,74.12836561421256,5.292802216642376,50.27953784616882,2,0,7.689045612624386
6.518130656027722,72.29514412953144,5.409600382854898,43.574496086421355,5,0,6.685121607086121
9.02815795594425,100.07512205185147,5.412828545699818,62.13660659839879,15,0,6.8825342779351
13.215425484437588,120.51565524997852,6.579440052178587,73.86189221174618,1,0,5.589066526743731
10.287936747079138,95.48995397245767,6.464305187567588,57.99660211675619,12,0,5.6373404641335965
6.465332246235526,72.92231932231857,5.3196324304979274,47.32442372937244,12,0,7.319720306242163
4.007034837366236,42.831134562248245,5.6132552335861865,30.92982285496574,7,1,7.718880446593634
2.9664699505866183,33.90164285712947,5.250134861761321,20.34628062950119,2,0,6.858751636933899
8.215727814412359,92.01805915668751,5.357031797697032,58.42083622696534,17,1,7.110853420007558
14.210861113507807,136.58006530329573,6.242870545690782,83.09027851523534,9,1,5.846955919951662
12.748380349631725,124.11993880288813,6.162610361842243,75.39489669288172,14,0,5.91407650424077
3.1740820885148713,39.06619555465459,4.874928889465447,28.32779519540274,18,1,8.924720409060718
9.09501849298524,92.71864365413705,5.885559668179696,56.85816636172486,0,0,6.251572375095019
7.2638842159164305,81.48457250457035,5.348657292526639,46.80518765604045,18,1,6.443548143771643
7.330169884394471,70.71150257599201,6.21978287890311,44.64191429027887,2,0,6.0901609368316345
10.4515180300106,104.93496631104958,5.97599736146867,61.744986878383656,13,0,5.907752988713069
4.027997708072017,55.22621106790206,4.376180400773274,34.04631361284161,2,0,8.452416331968998
11.49060755337446,128.2119780231194,5.377317032564206,79.0992901332547,0,0,6.883821396373904
9.049281778912203,85.30370387990762,6.364986302342962,53.26686208523387,9,1,5.886308260326597
6.973707150597684,76.7494018441695,5.4518005219821495,46.19406596305406,12,0,6.624032951985226
3.627557510624061,43.507347892461034,5.002682562389851,32.12014887931009,7,1,8.85448370845659
7.5701939898772626,79.53898101547672,5.710553914492003,53.59754802797891,6,0,7.080075900254163
14.130972156084056,134.44125884744454,6.3065336983131015,81.17695819100763,4,0,5.744612422582482
6.722009208616974,77.0329095008436,5.235691539245336,49.9285305246998,13,0,7.427620072387909
13.356394541799215,136.43451542767983,5.873760536297314,89.96412033354129,9,1,6.735659092129693
10.386869938750976,120.61908286634181,5.166779430876961,67.95660127077922,21,0,6.542548589854685
2.730696720490227,28.649794609522026,5.718777585056728,18.604239493123906,10,0,6.813001002097366
8.154018777757745,74.89871010134755,6.532036746740482,45.790759755047134,14,0,5.615729004690744
7.336588605686983,90.35768556923321,4.87169756029149,49.47754277149028,22,0,6.743944008682398
3.267156688123476,41.09305831297872,4.770377512288862,31.856801578145756,22,0,9.75061945879401
5.9298824773303815,62.628154923162825,5.681038329747026,37.4936481487626,11,0,6.3228315724803625
5.313712186885574,60.95285796981926,5.230644498589372,37.63411872720152,5,0,7.082453359081779
8.881674870174178,83.56595919955642,6.377004432365559,56.0597749211938,9,1,6.311847229338447
8.664369593718158,92.23448763879287,5.6363101149210575,52.931644804639824,6,0,6.109116679765869
7.251083550136642,76.77818013202894,5.666518954474489,44.73458445677735,11,0,6.1693654675837175
3.466349715275763,49.6398201136789,4.189801301460275,29.654434800115965,3,0,8.5549460487015
13.756958229817648,140.95470241884274,5.855906043746985,85.8803724849788,9,1,6.242686141100333
10.75001699037107,114.39215052757916,5.638507681230792,66.82960937656047,1,0,6.216698023493416
6.450632977544589,71.2007125809925,5.4358722633907695,48.53508123253804,23,0,7.524080412185031
1.3527113551474346,33.80048012053642,2.401228651765021,20.331026617774516,0,0,15.02983363036721
3.0701757820878224,43.089100468252454,4.275107740088321,25.257706444487653,21,0,8.226794892933318
9.078167110704754,90.50477984414866,6.018356462280271,54.01088527066964,22,0,5.949536355965657
14.45887507482022,137.27452903699077,6.319690262826857,83.59009043539942,23,0,5.78123055928255
11.652015363738247,112.68894970080667,6.203988267531881,66.96614045726264,10,0,5.747172344594153
5.137822594763016,61.773383778786695,4.99032652622216,39.20935182677219,18,1,7.63151142406869
4.885191104067338,47.977001912010536,6.109416065255693,31.043200137509846,22,0,6.354551843767942
0.9808655214549806,21.758425448802388,2.704788148654301,16.641636854322126,20,0,16.966277731565608
4.125287129179637,44.13034114348178,5.6087766678716795,32.211718212791595,20,0,7.8083578679764
2.290118456022052,25.09234073771293,5.476057765898458,16.672125927826198,11,0,7.280027757509875
13.341018408579096,125.51917856096134,6.377201585381496,80.74832054739416,17,1,6.052635419157207
5.433897722292142,60.76233019023535,5.365723505283261,34.971150311801935,5,0,6.435739518676533
4.3402146851989105,55.64458133802542,4.679932436367856,30.90519634689431,22,0,7.1206607480242505
11.364116856924083,110.22143322502637,6.186156280724427,66.33134852880994,11,0,5.836911866001684
8.711189824537596,77.94484572623315,6.7056568603399676,51.073225885140886,6,0,5.8629448920144425
12.590978124923826,144.2448068159818,5.237337164305644,85.64046878053632,7,1,6.801732790799718
2.76191008099793,43.563971194520185,3.8039370680862232,25.34734636010668,20,0,9.177469800518708
11.39323055312884,120.13275033921894,5.690320343598776,72.0412450759195,4,0,6.323162226901074
4.9402825196608955,66.22981434246731,4.475581792316573,47.37353044039362,16,1,9.589235079544677
0.9067900957139406,20.715329941007518,2.626432014251097,13.060319222397633,6,0,14.402803122937604
6.501977592550913,69.70779152443147,5.596485658512426,40.5988110218477,14,0,6.2440711989472755
10.628338884715243,115.78979841016834,5.5073965223080785,67.25394425487971,12,0,6.327794492100597
5.468538148282748,69.31109923427479,4.733906870931738,37.0662742789892,14,0,6.7780955849469375
6.329728725839788,72.65867916823956,5.226956062207055,43.64538453204632,5,0,6.895300955611764
11.765515925025584,123.18463048916284,5.7306739704320435,71.51542694830458,21,0,6.078392771216199
11.890346080653558,111.58048134370185,6.393777444297451,68.93607591983398,21,0,5.797650922204687
9.029732461103563,91.72277449847654,5.906754899517486,55.29852090837992,22,0,6.1240486522256985
10.484427830975294,116.58273917449529,5.395873131072716,66.6036796821576,11,0,6.352628942266459
4.167300729666853,54.331772077482384,4.602059425255496,32.13496367745536,4,0,7.711217827090757
9.150177202392618,85.57946972827638,6.4152142317161145,53.33357628149498,13,0,5.828693270284333
8.045291729904234,81.22100915900114,5.943259124609853,48.36603194942806,1,0,6.011718850374589
8.567151813178818,98.35010670676998,5.2265231427079435,57.07443818255436,16,1,6.66200849794175
7.743302598221131,84.42102628638229,5.503346456808129,50.794541146124374,6,0,6.559803197900777
9.821872840049434,101.48819146605058,5.8067087598077896,58.216231929649275,4,0,5.927202772598334
2.2463260270333167,33.48870023153073,4.0246280294599055,31.252588114347226,19,1,13.912756981061191
7.477621832313997,78.79722813193627,5.6938209702962945,50.10410383977236,15,0,6.700539952856552
10.842251993374587,106.4348105201414,6.112052216970594,61.425469244167346,2,0,5.665379229490592
8.1266263049593,80.1381040764176,6.084466109063395,50.68192985503997,20,0,6.236527674972719
7.9704543276256254,89.79603638313714,5.3257056649701315,59.74024675115522,15,0,7.495212229508084
7.777985524476325,83.42714207842705,5.593852550167308,48.63886278103231,6,0,6.25340104169287
3.8473910621468783,50.868838159214405,4.538013292269338,32.97057269520291,9,1,8.569592267234992
4.575219744583732,56.45711157342143,4.862331370212318,38.07511532438336,10,0,8.32202985866585
3.3549548710744084,50.646892631351506,3.9745240390099905,34.97100906669812,21,0,10.423689858903773
4.83293809366314,58.22429791575031,4.980331167571651,33.618234055350264,13,0,6.956065524495313
5.705784822240916,68.29372101654752,5.012863323869913,44.48345188098923,19,1,7.7962021469149265
3.20062615890769,41.80933366714681,4.593174602190846,24.88784188470207,0,0,7.775929036709428
6.142204256650029,61.59517515843078,5.983135114902896,42.937002517967684,12,0,6.99048757153928
9.022084076986673,91.84505474956818,5.89389429942874,56.79129821364,2,0,6.294698401060344
7.824978103795676,85.96431872959074,5.461553039285929,55.103892000789244,9,1,7.042050631944887
8.709268277839065,94.44945090733529,5.532653622126673,51.04506221409338,13,0,5.861004688990776
9.691712177156127,107.93157737381597,5.387697880253896,56.78969828965645,20,0,5.859614612112888
15.829666809206058,151.707478939765,6.260601093565538,92.10623030328296,6,0,5.818583007048306
5.190568314312036,60.0711042213131,5.184424406638858,34.62012899259022,5,0,6.669814728597558
6.562613808194347,70.2885947501001,5.602001717228812,39.89672307860415,20,0,6.079395229502531
8.870724552911843,101.58239622771899,5.239524690691204,57.821504495444344,13,0,6.518239197999249
8.78918297538088,93.36133832993015,5.648494204948565,63.834908552016934,17,1,7.262894484142952
4.663222720487014,56.342569762512966,4.965931877238921,30.818840456180418,22,0,6.608914543322903
9.569511613516827,97.9116461354234,5.864171622820677,60.59330741351314,1,0,6.331912208343608
4.697119881844098,52.923666437252216,5.325163804453875,35.834120879567315,14,0,7.628955994518661
2.4680456408308555,25.520392361476567,5.80252593112105,14.957464525541337,1,0,6.060448914755879
2.1913505145492587,24.154942007645026,5.4432352117153435,15.551297428485176,22,0,7.0966727254420725
1.6105725269208686,27.56821951359131,3.505280838597892,13.849369028732804,10,0,8.599034689366247
4.486143713979365,52.700188359176295,5.1075457454582995,28.67846263437607,10,0,6.392675862124195
9.869984972313357,101.9364052775674,5.809495603913781,59.44189121737637,4,0,6.022490549288466
8.954966592354667,98.24303484832053,5.469069602448923,55.40549321512787,15,0,6.1871245016626295
3.2997796555080723,42.25565155019609,4.685450870288747,25.25691337328796,13,0,7.654121186888497
12.612057953155192,123.41865314230797,6.131354199083431,74.78025446869644,22,0,5.929266638834978
0.6918016318091822,16.9663573828122,2.4464943754279744,9.382085563758187,0,0,13.561814734698432
10.355625637882579,106.66407157349187,5.825181142132299,67.37393221337044,17,1,6.506022385253628
5.697757876820701,60.99980895522451,5.604369562209293,36.056694110281256,22,0,6.328225047428758
4.146160049678524,55.7018017507978,4.466096161371447,36.81006923589685,21,0,8.878111021968616
8.204888771556769,85.77635522665639,5.739266083206319,47.23396542737698,14,0,5.756807525669231
11.65115414811222,118.3703612295822,5.905779467301543,73.22639638830223,19,1,6.284904950825559
4.009235123767594,43.18371452271885,5.5704820691027095,31.93875490509534,1,0,7.966296293214545
8.976326181115658,99.17619140728067,5.430532905374319,59.54954691160452,1,0,6.634066733992411
8.227274971009544,94.67926878833114,5.213775988956639,56.892631577470034,16,1,6.915124604190652
4.772071369837642,46.7697595455889,6.121996028462868,28.051816997566423,6,0,5.878331404444359
9.64630251793304,101.22205714789342,5.717905438637172,65.91378182054763,17,1,6.833061859506277
7.853891201677333,82.03755439696238,5.744118965570826,51.66971312985549,17,1,6.5788679525915175
7.538489915510878,81.55062425235207,5.5463633672627255,54.78049926859405,16,1,7.266773569051278
4.7915313878283765,57.83634441401923,4.970782406503825,32.98731788737702,21,0,6.884504184021962
12.942383506989698,115.07171677300528,6.748339489461336,76.3943219423551,5,0,5.902647058874232
10.13831792891462,107.80178208703592,5.642755286213681,65.79858672028656,19,1,6.490089103699155
3.596482050563442,51.042724911683145,4.227613698272889,32.678355056577956,19,1,9.086199957944572
10.188353615301013,111.04401216976092,5.505035390683839,66.87355224558364,7,1,6.563725089513187
7.1062428363348955,70.28845268427223,6.066068520462672,43.604255770412706,4,0,6.136049214003777
12.65630751792981,125.72093114669701,6.0401911133613115,79.49639317185395,14,0,6.281167951966544
2.434645859961601,30.678317824221008,4.76162847111404,27.438279144868307,21,0,11.269926191771093
10.568133751541788,95.62172926096429,6.631212696038968,60.30560705427604,15,0,5.706362965502593
9.977592607691898,98.07511017326333,6.104051837453005,56.96132659060891,2,0,5.708924870985055
5.499386822624398,54.98983256583498,6.000440335264251,35.633333614110526,10,0,6.479510309679528
8.483271643721196,90.35660279021846,5.633194286919041,61.05849431967134,9,1,7.1975172886115395
7.599478875679969,70.60662244887381,6.457874866779878,45.6934232963575,14,0,6.012704824088224
2.0903982824333838,24.936293533156267,5.029773040617866,21.16339669116589,14,0,10.124097818588941
8.169623092433822,82.40982301072319,5.94804560473631,49.23448768603717,23,0,6.02653110541109
2.541441166927021,39.4939318504352,3.8610101063903297,24.702342233613237,20,0,9.71981667530869
10.620828281937849,124.25410420948336,5.128600789249701,74.07303475077613,13,0,6.97431808371738
2.9383318871531325,40.263526713395514,4.37865054604205,20.338788214687536,3,0,6.9218825496234935
7.764810722885763,75.69063166905131,6.155169181440987,47.23838331492286,4,0,6.083649041913399
5.285630684364867,55.49607734350667,5.714599233724018,33.47171060872009,4,0,6.3325859500042085
6.989319406723695,78.85222314505373,5.318292213930146,44.6510185039984,12,0,6.388464442052014
5.618754382953694,54.49276258387805,6.18660620221449,30.62068545446254,3,0,5.449728421544868
17.316509699259864,174.42890310117994,5.956527636666446,108.36801529829721,4,0,6.258074934288232
2.9729399456063605,40.396917438219845,4.415594259368373,23.21248049497687,3,0,7.807921088107434
2.1915734770783586,30.973732214104366,4.2453524075094675,20.576257236039535,16,1,9.388805555116617
7.23558965818519,67.01098988502027,6.478569861988544,45.2775487677994,6,0,6.257616988627819
7.019672173661566,80.69937229521324,5.219127713644889,46.30923839350863,21,0,6.597065681680266
3.478595309029061,38.737610837984036,5.387934723560394,23.747429371149515,11,0,6.826729544971949
15.119564086526024,148.99823016066787,6.088487388161169,88.74046222370804,16,1,5.86924740130505
7.459453829313099,78.1921229280392,5.723942681166049,45.4622914212156,12,0,6.094587145584891
9.123447647097697,84.60822885709902,6.469900933045377,61.117301776121344,21,0,6.6989261231266735
5.083737759313666,56.36952648530228,5.411155363143801,35.63672809123813,3,0,7.009946181025926
4.753391173927102,47.5188167101948,6.00190598547539,35.66427333802013,17,1,7.502911507397662
6.046542241528272,62.50676415437234,5.804052399764466,36.99859856994792,13,0,6.118968013791049
1.1066172147047615,24.55623162444141,2.703877121610106,15.251593444585383,10,0,13.782176205034379
8.084454298944856,88.97484857549577,5.451734571091834,57.02263874535557,16,1,7.053368927176432
8.132060477696944,85.07906314235964,5.734943599994655,52.32683745130887,12,0,6.434634567072009
8.258170212655232,81.01987376122986,6.115662611614917,53.18558024553801,15,0,6.4403589264887975
6.549015650655566,67.05667260664819,5.859833537287335,42.18169812875906,12,0,6.440921869615109
13.87338367121078,132.87181719556636,6.264707127828927,80.52291372348502,2,0,5.8041293769292475
5.894779628358539,52.23063011069857,6.771635282819718,32.5404497151185,9,1,5.520214794557081
5.006463045009234,57.49772847520505,5.2243417377799775,35.47202696110318,23,0,7.08524693824795
11.740859788248837,107.67128679249468,6.542613247044751,68.210120792642,2,0,5.809635922993644
3.675002612324056,45.53219776536938,4.8427303657885385,29.816377173409634,5,0,8.11329414390644
12.521672127733366,115.93843756957345,6.480166055482285,72.53699501121385,16,1,5.792916015629956
7.285361353041072,70.33072564128955,6.215230643459198,44.07639162009049,3,0,6.049993882828066
8.511706408557755,92.61705146066792,5.514129163681565,51.461712486656666,1,0,6.045992426961125
5.355967380815149,60.35112278645316,5.324806366668678,35.67962669853789,18,1,6.66165869985333
2.434886093833815,22.60492071685363,6.462892193251786,17.794401830712886,4,0,7.308104422533773
10.540155543888734,103.50861375900645,6.109726617590771,70.44942197699157,5,0,6.683907242511114
2.324122256918366,34.48879156361615,4.043265336156676,23.28735460328792,10,0,10.019849228656941
6.8740253537475535,70.15048444764747,5.879382365957198,44.05245835843896,20,0,6.4085388242600265
8.939728183068784,90.39864312074724,5.933536969882046,58.898858668382125,23,0,6.588439543378111
5.463378907140958,62.63484488541242,5.233552266763933,36.65661687936286,6,0,6.709513929456824
9.257589189511378,95.58652209306756,5.811021671338404,61.61847060643363,7,1,6.65599535095442
8.911262192528472,86.24782197505711,6.199295464021534,50.65579150658462,12,0,5.684468755622103
11.90364495387289,119.26661833651578,5.9884207936304135,67.64437135337766,19,1,5.682660362897446
4.686390382391317,52.45344658742059,5.360628161485056,31.20603981762879,1,0,6.6588647703961295
13.976249753543959,148.13095809175047,5.661038016734048,90.85230308264178,10,0,6.500477931113413
2.2835385865168756,31.93335058364291,4.290571226847514,20.16957501981722,2,0,8.832596540697065
13.79437007690307,136.9591667539316,6.043131133392537,81.41100006272363,5,0,5.901755542939656
3.91558609147666,48.79899233978048,4.814344604756984,29.916679876091642,15,0,7.6404091691952445
9.730451246252306,97.64023311207538,5.979369939694821,67.56168495795231,0,0,6.943324954633915
2.8503988481942257,33.334052537411836,5.130607228140296,22.913545759002396,20,0,8.038715625189964
5.60700980954353,65.22169445623784,5.15810868419467,37.13175419535999,2,0,6.622380815556824
3.4724992607627514,46.060167804497866,4.523430234342726,24.735415764647197,19,1,7.123231398244831
10.446108324396544,118.51043404070903,5.288703096374575,65.80947435590166,10,0,6.299903496329421
3.310345815915895,46.247604747205806,4.294725100697328,29.65543457911516,13,0,8.958409854503431
4.806570008345768,59.814805868924395,4.821451751138687,41.50246854587772,9,1,8.63452908702379
2.580050916681267,39.52687064032307,3.916400476261198,26.867826139671994,8,1,10.413680585122801
5.726831537630113,59.39954932531188,5.784722210196712,38.16947005221217,15,0,6.665024071584185
7.4891558836182135,71.85455994427689,6.253595504106665,47.513883119149966,7,1,6.34435760952471
3.896504466699281,41.04698435959228,5.695674643326687,26.265163972500083,1,0,6.740699053977791
10.944960550910668,114.6324777565444,5.728722312443858,71.37166130471253,0,0,6.520961037065967
7.513392754881435,88.15029412189978,5.114033592099949,55.33648188119439,6,0,7.365045817050146
4.274213570484146,54.87193876864397,4.673660526381768,35.196504853897544,5,0,8.234615391460373
10.410007868444122,104.68846048960688,5.966278128320127,70.28487909353896,0,0,6.751664358159964
13.802544825062752,146.2829505903761,5.661306981855813,86.72619745079959,2,0,6.283348364377096
10.468588917918513,103.55537367948953,6.065502086054633,69.00553680791883,20,0,6.591675090976762
4.547620570929406,46.039665472325474,5.926568567701243,34.37889389263761,11,0,7.559754239921457
2.837701906127332,39.05726868713326,4.359293931470682,27.953416401393167,9,1,9.850723340966335
12.909181735737237,135.93379866636047,5.698000877951719,77.18092145703415,22,0,5.978761709068649
5.066251215373686,52.53346016965973,5.786313559790593,31.482916073621926,14,0,6.2142429846522615
2.2184167608215177,21.736988108561945,6.123433705926469,16.72797450762646,3,0,7.5405013174493885
9.808838788715686,100.50577579085144,5.855686627877482,69.5377097726605,17,1,7.089290717333257
7.749362441493147,86.37288336822391,5.383191209530068,53.90711787449692,17,1,6.9563294118051475
13.363873671967557,114.48746473880621,7.003669983848175,73.49055360913734,6,0,5.499195473786409
3.9410297889054906,53.33347782729258,4.433646500609862,40.4218760046402,16,1,10.25667862710224
2.0834554520598694,22.55031627297177,5.543484428793699,16.796306831649535,3,0,8.061754723405953
6.590221297624657,75.66097024970969,5.226119577273021,45.06597768812249,23,0,6.838310225540654
7.173651838006691,64.58266044713852,6.6646234035636125,43.79055289938321,13,0,6.104359939435127
6.925578763106389,65.48109765150109,6.345872941805484,43.50573936053474,6,0,6.281892221383204
2.0345997795405757,34.02370851718859,3.587968275438359,15.865722860127814,21,0,7.797957622756838
6.612116010838805,78.80366122446695,5.034372191417327,45.60823816017077,12,0,6.897676641699601
6.782183338585516,72.98480228404654,5.575558028251046,47.14471072462617,21,0,6.951258668636731
7.498555671137779,93.85906764487372,4.7934989293795685,53.15787233363701,2,0,7.089081506488463
11.173199550121806,106.42322053947284,6.299301690072958,67.5458432384202,7,1,6.045344749766314
15.897124411903073,148.8619139335689,6.407464740375697,91.07599827255432,10,0,5.729086337423426
3.0533501707741957,37.66685322020643,4.863719546080195,22.602439542012135,6,0,7.402504880821169
9.7530702713242,97.67878642848181,5.990903835685045,60.55909832690092,12,0,6.209234286453947
6.761367794660416,74.55320319934054,5.441510897860568,54.89559482995671,8,1,8.1190073513393
4.340007475519356,46.60293578508813,5.587640438190667,31.888502463544487,21,0,7.347568556832608
12.160552225033632,124.85003333221329,5.84407640132973,73.22592299648448,5,0,6.021595207308274
10.0109714875757,105.36039751857393,5.700987310233451,60.67017717135496,4,0,6.060368591265172
2.821761182142259,47.07613726813829,3.596422322506985,26.575740665432527,23,0,9.418139576665531
10.322107565982577,101.95630610677266,6.07443009273376,68.34413392581317,17,1,6.6211414179646155
12.429364256270466,125.88610386169134,5.9240999006179615,74.79836949835556,0,0,6.017875730097835
9.230157618816916,98.70647106124463,5.610670214168548,60.03109430268647,20,0,6.50379947795312
11.372056748044196,114.30513412992609,5.969315464929878,75.09288698178196,4,0,6.603281063884656
2.440182492175598,32.69164408424714,4.478543482035697,29.354556854545404,16,1,12.029656367370174
7.472853499153392,66.87311910840526,6.704804799404786,45.89156486808083,0,0,6.141103244333632
12.429722458911929,124.36786291130251,5.996592126589796,71.74051442889721,6,0,5.771690773148383
5.415143188634056,64.30927998493844,5.052281589750944,35.995106678942,20,0,6.647120016049214
8.067189204308757,84.25780705872177,5.74464692537262,50.833157182471375,0,0,6.301222878883383
1.0442273682348058,16.704395828394404,3.7507278166618074,14.104560448016091,11,0,13.507173702848716
7.685291545524321,71.09233336498198,6.486177494894159,50.24608588440534,9,1,6.5379544272028465
7.4416290311368485,81.69300887966865,5.4655563308469715,48.37211003772303,5,0,6.5002044357931785
11.465321859755624,115.38667840600348,5.961860771871786,71.10539009924598,2,0,6.201778804730524
2.0712072178291283,38.980572282078725,3.188060764487078,28.35669546514283,9,1,13.690902204784717
8.348013849402609,78.4357424026133,6.385874801734117,50.16530269431011,8,1,6.009250056275359
4.037347550714606,45.514276361434945,5.322304832866273,25.65416291609831,2,0,6.354212163765181
16.899696066152334,156.16942332058673,6.492831582579544,102.56412483841808,17,1,6.068992272816036
2.425613359186022,39.982434526201004,3.640018505020978,22.137000300828106,2,0,9.12635157495041
2.400514750466832,41.03885230982784,3.509622636145649,27.65155413858892,9,1,11.51901030110791
3.8787054818447775,58.44385075991613,3.981981438332942,33.61410966776214,22,0,8.666321747062556
8.846499219183965,94.7470406750326,5.6021797553716075,58.732223454094736,8,1,6.6390356228972145
2.2173347897631737,36.69162841520842,3.625897599318493,23.83676176236576,16,1,10.750186157008653
4.608727308448001,56.09504832023802,4.929555224344385,32.43415715865415,11,0,7.037551798562893
10.323142327195562,108.34691557948395,5.716715942664252,60.57403625819587,15,0,5.867790478739987
2.2791380510511567,32.806701794690696,4.168303291164739,20.131636137914473,18,1,8.833004270465144
9.998833969670727,105.7024733884773,5.675648061473294,64.06666292011052,11,0,6.407413415848558
10.142905507203789,116.12610786980085,5.240633149563174,66.18159308469482,15,0,6.524914684228372
12.571472985631383,126.45533323753507,5.964860159128437,72.79287988540153,11,0,5.790322261249772
3.9322398219453696,47.53419906190106,4.963466177466845,34.022032647588944,7,1,8.652074692320637
14.815449192308973,146.52749090892388,6.0666223520544875,98.27496460351199,18,1,6.6332760706660645
10.380056208746762,104.52595460464745,5.958361010721776,67.8292310774994,9,1,6.534572618242958
3.7647611138121615,47.36138295150552,4.769406059363164,34.20693683693475,1,0,9.086084296673244
4.426308347180341,50.73878759139693,5.23423032827554,31.56885686237407,6,0,7.132096181795411
2.507595640078858,41.432257292424524,3.6313671577879685,30.968825651504385,16,1,12.350007774989786
5.175608341978811,64.84483490254199,4.788916511013513,37.908906755615085,15,0,7.324531581754353
2.0553762954419192,43.49399629330128,2.8353931171302524,24.50215100044552,13,0,11.921004954072119
6.952046065404933,74.42717464769702,5.6044417364861365,46.258871987694995,10,0,6.653993882159435
5.879237856419155,66.64496371693646,5.293037188577597,43.16829712150237,7,1,7.342498836710567
7.508868888226873,81.06165854114529,5.557894341193762,46.83711901588036,1,0,6.237573156899317
5.298506250254694,60.884114067685445,5.2215652618654795,38.768526614899365,5,0,7.316878528365574
15.617497771316286,159.33744125248504,5.880914485090382,94.02558814453101,23,0,6.020528353602337
12.773604005069982,117.21253020730306,6.538688644880447,69.91140294838293,20,0,5.473114942394827
1.7483994340477738,30.49984718385887,3.4394915295963746,18.417491521122674,1,0,10.533915284154359
9.420718443691982,108.76108170833012,5.197108172731849,67.89695253524711,22,0,7.207194752828031
1.5509629336409538,34.1363427817996,2.7260616819231336,18.218214727368657,18,1,11.746389505647691
7.516173949616645,87.13696629005503,5.175420446425022,49.24837690957337,2,0,6.552320002131569
7.27725386379755,82.54765078056579,5.289493131531372,46.18985912666059,10,0,6.34715512075828
9.124300537315586,90.54401636308708,6.0463192845741975,53.31683713066237,4,0,5.843388971309405
5.486926509150554,56.88328190361569,5.787563226518181,39.12112998896317,17,1,7.129880439207781
4.623709891164299,49.161210967111984,5.64311960613519,32.13421051426542,16,1,6.949876023941824
4.562364923226461,46.230555616949175,5.921233083628086,34.90445574596901,5,0,7.650518170581784
2.7797815179338445,42.69768515541933,3.906227948164575,33.534946308644706,18,1,12.06387843515506
8.207239880967284,94.67533844502564,5.201295299767795,56.32451281610721,7,1,6.862783790044278
4.299963576682841,53.30623222307721,4.839918408063338,33.17216177366951,11,0,7.714521572589645
3.0306415022483817,44.10448534590091,4.122902437445697,33.314243944233226,2,0,10.992472689203904
7.130778023866341,77.93781528909767,5.4895903849107475,48.158391567626765,22,0,6.753595667463374
9.508701011916727,100.99086563744635,5.649244187718499,60.965746537299104,4,0,6.411574668389942
5.930666361319528,52.6736984113969,6.755553386435066,36.69218579820096,20,0,6.18685718648945
5.570138745152182,64.01931001810001,5.220429970498605,38.95096522964927,20,0,6.992817775598351
4.149823250462265,46.795170173091776,5.320835336355078,30.705623412667375,3,0,7.399260536999247
12.290121826828592,122.37013555564243,6.026039819776223,76.02032527407462,2,0,6.185481832094362
2.5575749063407685,36.37276243210336,4.218939781296457,21.708131054848653,3,0,8.487779185285879
3.7624385067065376,41.56834158006873,5.4307268902600025,27.110558270438045,20,0,7.205581758243634
13.502269431406148,127.06676557881481,6.375673152566959,77.52846521765714,2,0,5.74188403005251
4.213449245917232,45.445341120254206,5.562879461858901,38.680231202907024,14,0,9.180182065889978
9.759015083456687,91.14112870478304,6.424551827792674,56.486376817453305,21,0,5.788122708531113
3.9892344866011618,40.971869192960895,5.8419123635489765,25.55143944230003,7,1,6.40509840374661
5.952468091174828,59.46486491874413,6.00603542879506,37.51836132980571,13,0,6.30299243190076
6.815504293145846,64.72903790681391,6.317570456978835,47.80589223393082,1,0,7.014285396607821
3.2776055921551546,44.67110309994519,4.402316528636396,24.599887108223136,22,0,7.505444574265491
5.345744150293038,54.70871774634772,5.862770363302744,39.33529261009037,14,0,7.358244522034247
6.900008086322677,62.92102393116717,6.579684488800737,43.05596536314395,17,1,6.239987667331909
1.1083220852875089,19.56738051927863,3.3984786595084877,12.667702948092831,6,0,11.429622414143912
7.0957368393271105,69.18229600815494,6.153947395869047,44.62794423769386,17,1,6.289402390228149
2.374604393209686,42.12593546274272,3.3821507351116487,25.662086178023344,15,0,10.806889034403168
4.542314345221324,53.67831544091285,5.077261804411139,41.615350995839805,3,0,9.161706529540528
1.5834528254665492,17.42819622818142,5.451348394526693,11.404437957316814,13,0,7.202259375145329
4.113148431140911,52.43051675073415,4.706970694981736,33.28574401811213,2,0,8.0925219634924
5.580235625586924,62.73197488948246,5.337216596880163,39.3576909447223,16,1,7.053051803808499
7.979569296626054,82.3844689278818,5.811461359503031,52.703656779880056,22,0,6.604824749396484
5.902915745111081,74.57395731214518,4.749311387944591,42.07126718463447,20,0,7.127201031029246
8.25348309735157,80.42822262612914,6.157154412613029,55.54003082280661,11,0,6.7292838875054635
2.021391700202893,36.40340223844662,3.3316529377598334,18.863608053126,21,0,9.331990455502813
6.863071007175072,71.31050825250517,5.7745242674811275,47.12504993099378,23,0,6.86646690406181
5.431463616232798,60.77303376636098,5.362375329604706,41.12899688041638,10,0,7.572359825350904
7.777466996988489,77.49824573054522,6.021401070700421,50.733630890407476,7,1,6.523156049399121
4.256474045343914,46.19181829789391,5.528867494966726,32.43945149251947,4,0,7.621202701330797
9.55021845982363,95.33572902901561,6.010475961378763,56.09362218572055,14,0,5.873543356280089
10.156029241527648,91.99967558198807,6.623520687837743,60.53590664662208,9,1,5.960588061236854
13.939686529344085,139.53707389125216,5.993971124924666,83.21343120914545,13,0,5.9695338940352025
7.779143734656128,82.70165702173652,5.643763872309014,56.28524947015557,22,0,7.235404228283438
3.654237893326087,35.90189999327358,6.107038169028484,25.729521995669355,1,0,7.0410090275349715
7.3661740164561955,82.255284260234,5.373155596777149,49.093016109465744,7,1,6.664656034434003
3.4201205602927662,51.52346612429119,3.982791707423954,27.683003668473912,12,0,8.094160185424638
3.2523281434563844,37.28383988218461,5.233894610212263,26.444672320513416,17,1,8.13099759743479
10.101481259289061,98.20471090994197,6.171688404165802,57.835813438377606,22,0,5.725478467347874
4.049067288702205,55.122081775134234,4.407381388700113,31.50981247010123,20,0,7.781992795728683
11.034699339807261,113.73180284494167,5.821432034196251,66.29507681522809,10,0,6.007873415823039
4.745006302357345,53.88951433212737,5.283038484756034,32.529224620184394,13,0,6.855464997806998
6.611209576580288,76.38825902632766,5.192847430363634,43.23122448446653,11,0,6.539079420142706
16.720637254196166,164.13039735197333,6.11244627099971,100.7079009824501,2,0,6.022970264316733
7.120589824548434,84.65631141976485,5.046704519813967,51.86515775009431,16,1,7.2838288720532285
10.15660927800335,103.30895709783174,5.898777548427997,66.72863831064545,19,1,6.569971974324426
4.390435110200693,54.0727495072034,4.87169801818472,36.21127453478149,18,1,8.247764430146928
9.467654465162918,103.79725904094187,5.472777153833218,65.3832733743483,8,1,6.905963205029495
3.737526321554464,30.950763339369374,7.245429679209876,32.51538960871419,19,1,8.69970852678592
12.197054373471902,128.57897780800846,5.69162451657578,75.0150341886349,5,0,6.150258242005509
7.4739873863674395,76.23525172091128,5.882308158746983,55.36694297008728,10,0,7.407952423237513
8.371822294102186,90.34608564556049,5.559835094757246,55.05138571146689,6,0,6.575794824294073
4.9505260327531095,66.53949587197005,4.463988764458192,35.780247722084276,10,0,7.227564805307366
3.263250804173416,39.5338633403266,4.952590809678948,23.17867075507259,22,0,7.1029388012190395
9.418405459134302,94.03253978253953,6.009667811322797,57.43366716896425,11,0,6.098024492379764
3.9847819959873374,47.53458007198013,5.029747173472415,33.16469276581118,18,1,8.322837434822763
1.7638272080095085,19.16070289343043,5.523264624955695,13.628959317123044,23,0,7.726924301447545
6.048709740326023,79.63313049500385,4.557432090935204,42.73659722493413,3,0,7.065407179321956
11.040052861724034,111.1053762108041,5.961936265322044,73.25596173977848,22,0,6.635472008812348
4.420393355184464,61.65708299825472,4.301591778491618,32.5710826098745,2,0,7.36836747156754
6.68062851126807,70.12641164512559,5.715930721003119,43.34939831057775,14,0,6.488820361356909
3.5149165678527505,43.83828263916853,4.8107494494488945,26.66251199781064,10,0,7.585531970136825
12.062213408052925,126.22550565226936,5.733649477126605,71.53088932632566,6,0,5.9301628073144945
8.829844186037642,84.85531006359065,6.243459021777575,61.1796060571221,15,0,6.928729971686647
3.783713721616822,45.43812218435126,4.996307338052699,32.760972801003206,21,0,8.65841742038668
9.502120351985614,102.95989723059128,5.537371699607151,58.068685973436665,1,0,6.1111292871913925
5.816346430072683,63.06891415152516,5.53332478447184,43.46718106315628,4,0,7.473279245956659
11.285729446284389,110.67312058647803,6.118412159960331,63.603954679240644,12,0,5.6357858818050115
10.35390977040327,111.8765564550849,5.552857595090562,71.15757685726679,2,0,6.8725320613350585
11.528791679595189,124.16581808951204,5.570997810984017,76.5435638100707,7,1,6.639339658252752
10.254269496361248,113.64922491060479,5.413641582383237,73.74039012895831,9,1,7.19118901206227
5.59032843813117,58.26300808325199,5.756992598263878,36.38649236616893,10,0,6.508829090967118
11.438554688580751,111.47109619525406,6.1568720927682525,68.86185215955058,16,1,6.020153247883337
1.5335704398190497,22.97265401398611,4.005380759799164,15.327702862461711,11,0,9.994782413953068
12.709036055206715,130.69244800874586,5.834630653344056,80.08293403318122,1,0,6.301259488548886
1.9650593964178,22.504747714347907,5.239052900375264,16.701604061742103,15,0,8.49928714225547
1.6689931780552154,20.17892077516644,4.962584064780687,18.399765811769587,7,1,11.024470353563583
3.786131360771503,41.7891536348447,5.4360488760143895,27.975803681526976,0,0,7.389020880624259
8.54204609218685,83.24907960637198,6.156497680870238,59.94234221863206,18,1,7.017328351044546
1.6253873043359837,31.93464756977165,3.053837937214986,20.449295802524368,10,0,12.581183418851964
6.043125385624433,71.2899603133726,5.0860951744624785,38.83374837074855,15,0,6.426103364184273
8.926012003094188,89.44402063976818,5.98766375163968,51.28400880863384,15,0,5.745455953997857
5.027544120328803,56.08469680920041,5.378519710036902,31.795258664510808,2,0,6.324212757466839
4.995013932269103,41.716726363840266,7.184188742957658,34.42515442557724,19,1,6.891903584729103
5.792777614009577,61.390432488415286,5.661576938819617,41.45021062792749,4,0,7.155498344642472
2.433406338479606,41.36437810369593,3.5297129318071576,24.417317774699576,17,1,10.034213106371514
7.511233864283231,76.53018504750558,5.888840221374626,49.509999687933636,17,1,6.591460282359108
10.393348938022525,98.98507843355854,6.299948902903878,65.52235986596413,2,0,6.30425864239584
9.006197540360334,101.31312837731947,5.333680452637082,59.160234832176194,2,0,6.568836022867117
2.8724883684154108,31.16551416830846,5.530128627885207,20.867532154749927,20,0,7.264618504360163
8.401253175394327,96.88763986384717,5.202677980720956,53.38148244356424,0,0,6.353990449890077
15.037147242347448,164.66180015350847,5.479284410225872,95.40883822236174,5,0,6.344876237806092
4.8851061416016,55.309691593164864,5.299367254694978,32.245972044655126,23,0,6.600874394529156
6.60544189683728,78.91164638985347,5.022408376226665,44.224303222605435,2,0,6.6951316676905845
13.440042128055369,122.94677648224165,6.55895624721644,75.48653083144983,14,0,5.616539748329786
6.027515038363568,55.96998681491737,6.461514873993596,45.467959665746626,8,1,7.543400452152317
7.939383209591824,78.67408405830115,6.054890861169764,52.253452531627865,10,0,6.581550625809167
16.159396030508077,162.36908364621434,5.971356985317877,96.06341288347542,3,0,5.944740304780749
12.38513423446112,123.47667245260244,6.018206024728399,74.76982490244177,14,0,6.037062133278931
4.077581470062088,47.57982252771956,5.1419882464082685,32.137277504643656,8,1,7.881455647323782
18.32427018116348,169.17341722478236,6.498989196446572,110.9282399230154,16,1,6.053623900232851
6.780967765701136,72.26461033036358,5.630114991032031,43.40359654304294,18,1,6.400796765704004
1.3395075856631558,20.193897345923197,3.979937788285071,13.768519308302556,11,0,10.278791591528103
10.032793853455,96.76017013155587,6.221233699660306,57.60876622970362,0,0,5.742046240675507
4.49228113843764,46.386360493024874,5.810692312167684,26.098296583433054,15,0,5.809586661913532
3.8897746762007706,48.15960739369462,4.846104301975742,27.988067032765983,11,0,7.195292622991353
15.427271763848116,146.52348256314198,6.317323951346833,95.18552237224294,17,1,6.169951747093632
6.693326895674697,72.20083757425176,5.562256993590613,51.915999872750135,18,1,7.7563819430810765
11.466486890253826,104.58429922966542,6.5783221619568,67.28317561351462,4,0,5.867810800071932
1.943738209885254,32.51247513444203,3.587062876968402,20.724194189992893,2,0,10.662029528768855
2.4310440326902993,35.323676336471266,4.129316568638598,20.39612574815867,10,0,8.389862739584947
10.489276652710897,105.01527433645239,5.993000571957699,62.9612270481723,21,0,6.002437454245266
5.573621401110842,63.13169436120918,5.297137791887474,45.50119634775572,7,1,8.163668299875406
1.641713225165393,32.38042871163264,3.0420472312813,17.173059748142975,10,0,10.460450391031534
5.551654849069232,53.27203348712667,6.25279849744516,37.36870075685383,19,1,6.731092218947818
4.46881158343004,52.61947915223129,5.095616667547964,37.93081151297001,19,1,8.487896794220218
8.868953315796556,83.9897428797347,6.335740302357671,53.46072648402638,18,1,6.027850703510537
6.441079938256068,70.4953693110943,5.482130245887565,42.643335508473186,22,0,6.620525737492855
3.4948764531134158,41.90076391018904,5.004505112037202,28.317701315703204,19,1,8.102633010238842
9.880281017348537,100.77305943573229,5.882691905558145,58.72962348464533,3,0,5.944124805916296
6.715925937693027,77.533811617407,5.197159121364732,46.96177620835478,10,0,6.992598882721824
9.240513260969408,100.07567832079658,5.540115290359705,59.12497669323036,18,1,6.398451582009596
3.2245471345001815,47.541178639382416,4.069584171178727,28.78514105438501,13,0,8.926878675894073
10.672744688785794,105.6764353631612,6.059673371140022,64.82588673568833,3,0,6.073965847211077
3.6762828446049003,49.305569840264745,4.473672475359218,38.14065085070211,16,1,10.374786833030303
4.541681021676734,55.91495889033787,4.873487644604033,32.67352850757685,4,0,7.1941486757064625
6.369547293680971,67.09867036774439,5.695684214401006,44.276444288835094,7,1,6.95127019980845
7.689342924313353,81.9073030641314,5.632715987456787,56.13647100543903,23,0,7.300555009445353
6.424513648082132,69.02750534375065,5.584307544728998,43.975748062219196,23,0,6.844992550579605
6.328540136991834,77.32617890532711,4.910528537617306,47.07004195779107,0,0,7.437740922690114
6.629796196301952,76.52946402085549,5.197838203462574,48.53437192381726,9,1,7.320643121863889
2.629893942840357,33.65385278130532,4.688724277598184,30.210583347612513,7,1,11.487377059389802
1.5204660310094107,23.251537556515913,3.9235238374590544,15.254072999259725,12,0,10.032498384151873
11.558452078896785,121.77176026218837,5.69513919516814,80.8886223272901,19,1,6.998222752938959
5.526030938678341,69.77409438432196,4.751933496899695,41.85379783784223,19,1,7.573934764804699
4.488696250960523,54.291476696457195,4.960664020310319,34.911428374827004,3,0,7.777632172672948
12.49557201053294,128.4115817121042,5.838525704892128,78.28906863594868,17,1,6.265344921381444
4.209220371175666,57.70177224941051,4.376871150142534,31.39843784107136,0,0,7.459442621746493
6.039116938562681,65.30333805565824,5.548675260749019,42.49196451134773,12,0,7.036122158856703
4.5227114058871285,53.20522643626648,5.100301277324473,33.725530982596375,13,0,7.456927483521607
6.409825176617808,72.60879646584036,5.296734408454257,44.61410923793634,9,1,6.960269275468337
13.14676375983584,127.7468837980779,6.174755909012779,76.27374372136053,21,0,5.801712506189656
15.417200938164834,160.94907836359508,5.747358516711595,99.95177343575267,15,0,6.4831336010108656
5.927265744662329,62.71737583373073,5.670453202993727,36.48996830960409,23,0,6.156290249423073
11.070873593619464,112.00558018777835,5.930529662035969,67.69893271617944,10,0,6.115048839072351
11.363129762395186,125.76642441256631,5.421063602056165,79.67968569334035,9,1,7.012124947919719
7.712112327973909,70.23835681064023,6.587949386770638,45.47959464826124,14,0,5.897164449134707
6.930684819201614,75.671914190394,5.495316110357954,41.19003862849793,5,0,5.943141219519899
14.78699911457886,141.11959578151047,6.287007427716679,86.10920502548807,19,1,5.8233049422848016
10.799777217665323,109.19901085725306,5.9339972768341225,68.48650307123278,7,1,6.341473688846896
11.431781817172011,107.65075645427302,6.371593954582886,68.43291699944216,2,0,5.986198660356436
10.702610487371249,106.09822328320627,6.0524729761795975,63.917815150600426,11,0,5.972170549047028
5.183930366928973,58.80403635299308,5.289361773546126,39.43117001130464,16,1,7.606423547441316
14.048668550949438,139.86793732176466,6.0265428174424125,80.39771256402929,12,0,5.722799443410304
6.122029732587883,72.47213530257021,5.068455378356238,41.436523867041075,1,0,6.76842904673793
9.77830056455758,86.06166792031162,6.8171817726877535,55.69355709412408,0,0,5.695627448392301
6.401152629500887,68.85515724705202,5.577928700271712,44.05710949717745,17,1,6.882683798872749
6.1750568741926815,66.52736023296204,5.569188543693172,41.894936046450475,23,0,6.784542539444669
11.674811434829662,116.68763301104414,6.003109909886342,69.51151354924141,5,0,5.953973127297504
8.394681978559452,87.74579131675506,5.7402288036279785,52.1850864707103,23,0,6.216445912304279
5.206556302261566,53.878298360128014,5.798130001204287,35.119084264739,11,0,6.745165561637039
5.536871927938411,52.54986734377585,6.321848797505153,37.99878723451556,3,0,6.862861870215582
4.265472234590214,51.6918867448383,4.951034875912487,29.16087694192308,6,0,6.836494375803757
12.336496538318636,117.06295886799052,6.3230060085343895,72.54203389339021,23,0,5.880278381148648
11.063980431576322,113.99227180733817,5.823542380281302,68.3106421792134,7,1,6.174147053284417
5.830412035097795,58.85049900763997,5.944294916861342,39.761661184913315,20,0,6.81970003930372
5.212229043854919,63.06639329278382,4.958801769104477,33.35595995998095,15,0,6.3995575941365725
4.404045894421649,51.30967857257801,5.149959247776716,33.05078434468719,19,1,7.50464121787439
7.232772620612939,77.18470134587284,5.622440064801533,49.67999914911718,10,0,6.86873509717869
9.164292098160463,93.00055979053856,5.9124109266444185,60.16331530943512,2,0,6.56497137640469
6.002031756680252,63.57815259126927,5.664239848489527,43.774328484794935,11,0,7.29325172864575
5.680330490150611,61.72507437777591,5.521578270171331,39.80844904494895,22,0,7.008121994657647
3.057122101827585,46.60400085472715,3.935870799621481,28.087300516035484,23,0,9.187497123273078
11.952448494075536,110.36579983945037,6.497908869303434,69.94033741994666,9,1,5.85154894870402
9.06968845193309,89.73837803875645,6.064086726427827,55.79616064838346,2,0,6.151937957305603
3.921145196004876,53.63026990412632,4.3868642127081845,29.173941614088044,5,0,7.440158462842029
11.493860663640428,120.36338583451513,5.729579930283654,70.28963580580333,9,1,6.115406986632169
14.228702525397301,148.11950495443946,5.763738893040704,87.65350543314396,23,0,6.160330169014933
12.311916247290444,122.45179231024814,6.032700386824821,79.57064255492855,12,0,6.462896673167358
11.558937882323143,108.12069412639306,6.414463748527593,64.40095864931826,11,0,5.571529089000935
2.8951031459834606,31.40887759102059,5.530480618278065,23.076866811857794,19,1,7.970999874002288
6.315106522799788,67.04369185853744,5.651633746057449,38.486302435386904,4,0,6.094323555182738
4.047656892644669,52.993092165882985,4.582850398660701,30.029793004517753,6,0,7.419055962744116
10.249084851846044,102.71369253308829,5.9869826110346835,63.624837293958876,17,1,6.207855453796824
6.071119452725138,64.64998592157569,5.634450835076533,43.46568069100075,9,1,7.15941780250928
5.145808360374986,60.69388530123118,5.086978697938723,35.063456916128764,14,0,6.813984210164721
3.8389119750163223,46.7165365696988,4.930475061166641,33.272811698755454,19,1,8.667250490580468
12.488228548797375,121.7505282886468,6.1543364407537755,84.51824419558743,17,1,6.7678329128374735
2.0593959308034178,24.525485693034533,5.038177730494379,22.604406886682142,12,0,10.976231694244264
9.302357141834555,101.4029328779475,5.504194135902105,61.248265249921154,1,0,6.58416617595507
1.926174016181898,35.622445503559184,3.244315187719686,21.421821429460714,20,0,11.121436199167244
10.380183051879632,99.07552625934429,6.286224324284501,62.8949316326278,2,0,6.059135115275145
0.9075527872839108,17.752317013849947,3.0673836657238343,12.58302061758883,1,0,13.864780973508783
15.443217012560797,154.9907899268656,5.978374722723026,97.65210805015263,5,0,6.323300901018676
9.523749672886119,90.88777435935897,6.287149007674275,56.517617245476856,6,0,5.934387104522615
6.982116595367796,77.0301141108977,5.438483384809122,47.44299038970818,19,1,6.794929552047824
1.454230021067451,23.129118273165574,3.772465523049316,21.56783963659196,13,0,14.831106031465696
5.462846998040334,53.86507944174751,6.085033629939939,33.84183450866765,22,0,6.194907988601475
11.296363199176131,124.3313223118453,5.4514162589743025,72.10343205856964,2,0,6.3828889694187865
3.593987884258541,42.297285090433064,5.098182367839169,31.950985152851256,23,0,8.890120440526449
8.036594315293506,87.4751931191513,5.512370327217274,52.70591494696755,11,0,6.558240080212718
6.906243751712452,67.42916452649851,6.145332335237596,40.26525423243648,14,0,5.830268331095674
3.5331133525340683,53.11205876063933,3.9913120692121398,35.26446539435021,0,0,9.98113048624872
9.614571918236201,110.21546552010207,5.234059597461453,68.6858791166005,17,1,7.1439352371292015
5.6207991660369965,53.57411823507009,6.294979013606132,34.973873719192326,12,0,6.222224400138286
3.1575275571777772,39.43038569867107,4.804712154693728,28.306754785352847,17,1,8.96484805683015
8.906305223355826,100.12408148824507,5.337160705579981,61.73702498065928,22,0,6.931833508103964
7.0847051638458645,72.95175334950625,5.826896411854766,50.774847997944136,5,0,7.166825834482785
6.222257356832616,70.45610971030096,5.298837005690848,43.57651729550153,22,0,7.003329305826682
3.6934369846693103,35.15885941124255,6.302997958156083,21.755654082247645,11,0,5.890354748856105
4.755175888412918,50.06676841229796,5.698601334826593,40.06110113506342,7,1,8.424735924633518
8.253125300733899,88.10839011267572,5.620208443381759,52.76393742444285,16,1,6.393206876400009
10.46428433778182,102.64178782924853,6.116973150461791,64.85093944970899,0,0,6.1973602165569455
1.9147418481414284,27.06946494030457,4.244062863519352,17.554290997167797,16,1,9.167967480424121
0.8476969062165991,10.53582702297308,4.827510385477397,7.098198362452562,21,0,8.37350981276186
10.127861222756481,107.07514908148303,5.67518867429227,64.76706216294393,5,0,6.394939734898579
11.341858016384496,106.03925257622993,6.417543168685208,68.92536789934923,13,0,6.077079064098611
12.229368212768275,131.30847408916767,5.588078742487104,80.97827740973187,18,1,6.621623946622619
1.5455894563440653,21.814154755773753,4.251155656448196,13.827290280797145,13,0,8.946289212857465
7.8323126705828425,87.2950327227883,5.383339069558461,49.30565127593209,22,0,6.2951587033952014
3.120368483192467,44.29654276862306,4.22656255521965,27.512914738587533,19,1,8.817200560377058
7.003097314858202,69.11740613254246,6.079305668469764,43.349349559586784,6,0,6.1900253003216354
9.963400185102094,98.21605865512302,6.086621875199262,62.140306912234124,9,1,6.236857474133203
7.651782091632918,78.12140807881245,5.876838843391136,48.11866727381287,16,1,6.288556926683751
3.1693502542113903,38.18623344248884,4.979831685653923,26.410082037028264,10,0,8.332964146810502
10.684082479375823,100.37073260956487,6.386771642448495,72.25058730679133,9,1,6.762451286412411
8.660678287318028,93.14932002177639,5.578577461623986,58.92565532077769,20,0,6.803815286276537
10.615074098439917,103.40318034836159,6.15942801527658,59.72331885777892,2,0,5.626274324976815
2.594611569079767,34.666459806901145,4.490700666059793,19.724148805793554,11,0,7.601965951608369
5.728730858803985,69.59669869617264,4.9387953447157065,43.463747794197545,9,1,7.586976743269744
6.978857891910689,78.24050361176083,5.351850437881117,48.7473364359138,17,1,6.985002014787786
5.147234600956879,54.59727628782761,5.656583937068429,33.03384841257401,23,0,6.417785660368573
4.645514868255952,60.055227205660884,4.641242820393219,38.02707560595562,21,0,8.185761252386646
4.5307894016004715,56.77034325274677,4.788545365768512,38.841907464061315,8,1,8.572878591607164
4.024803954805556,43.98816708444713,5.489845412852317,34.3027310362882,9,1,8.522832769365388
2.5529528055764414,31.89228835280824,4.802953197966387,17.424818354909974,2,0,6.825358587455577
3.08182882000071,45.73948412398883,4.042671943977252,23.17382231244601,21,0,7.5195034072141205
10.872459113713774,114.52418895831651,5.696155133307794,67.62649720048978,7,1,6.21998174407392
2.5510499492312064,25.944058034295836,5.899732291360747,21.07714443408374,7,1,8.262144941707481
6.510437042081254,64.56037760914545,6.0505566570530736,42.373025256210134,9,1,6.508476310011954
8.335051733365729,91.1877405623856,5.484323889567161,54.580080863454036,22,0,6.548259400114649
2.9770283304089813,31.747007667189603,5.626410580079446,19.747563440295316,23,0,6.633313911924518
8.251350585405222,91.0917822949421,5.434969243672409,56.21124647964045,7,1,6.812369187059567
4.980738439988781,68.44136831877118,4.366427991436925,38.581626740697125,15,0,7.7461659963786476
2.2258459207338666,34.272350891219226,3.896749180350172,28.54174101237283,5,0,12.82287365289083
13.351980809478048,126.62989718903259,6.326458967054013,80.75283652494021,11,0,6.048004238263804
3.6481147535704466,45.89206716489849,4.769601779491141,34.78618529783375,17,1,9.535386808703908
7.480632544704249,85.53337103270329,5.24751856805274,51.60394025278441,12,0,6.898339137018072
5.2806146460199015,60.118994363193515,5.2701626518751326,36.48373630583228,22,0,6.908994265152591
15.066116338284958,150.498065972882,6.006502305883331,90.86129284883347,12,0,6.030837065683817
3.691419140817298,40.426294244242236,5.4787398298468375,29.04004269917718,18,1,7.866904729964524
8.771082812851066,86.59772447878082,6.077122371731783,54.57743897782931,11,0,6.222428877066862
4.805825825241674,60.68877422514279,4.751283135902256,39.52003177055423,17,1,8.223359149427115
6.4852866252141945,66.09520622463839,5.887222685868555,44.25010465897184,19,1,6.823153272352147
8.88360090506251,76.43518949242763,6.9734379916276135,50.06979463775191,23,0,5.636204864765882
11.225816182704094,111.19435019869526,6.05740282450204,71.7004588463435,8,1,6.387104303098625
6.337964180538439,70.92685385900819,5.3615496831177785,41.99862472002412,13,0,6.626516579091197
7.955207173688849,89.94792817028748,5.306541686181958,53.83103561200194,17,1,6.766767280435308
2.6444697262278845,45.67488118854882,3.4738608934455835,22.195641768757906,21,0,8.393229670440636
14.591960783710489,143.83584670347017,6.086922468135383,91.79546090130472,2,0,6.290824260148724
9.836182578551819,104.47734622157668,5.648793504588719,63.09127736232047,0,0,6.4142035650998865
2.8997178943379205,38.82121915139245,4.4816488885057275,20.018988215241375,2,0,6.9037709683176685
10.610812326723172,109.62173182697126,5.807687298794797,63.98383869021745,3,0,6.030060349769368
7.968647157239021,82.59666737845644,5.788597102151947,51.44187295610647,6,0,6.455534037465158
5.764412907127175,66.19836501813371,5.224672457286336,44.06378508291798,6,0,7.644106311058511
4.867663308831769,51.42943281298145,5.678845411186151,32.31965951478164,2,0,6.639666193867937
3.0650330452319148,51.465810426642314,3.5732845007083442,35.08139127844473,22,0,11.445681257178846
8.932687759940606,78.04682464413294,6.867175801709269,52.75204972972791,19,1,5.905506959092306
11.911751894582853,122.63108685830534,5.8280908372016675,78.39533902304186,4,0,6.581344181513214
1.6151761419022719,28.453875381641275,3.4058829320895945,17.350422021798007,9,1,10.742123766986532
2.253091635217031,34.50551536669873,3.917793914287956,23.736829070726916,9,1,10.535225775866166
6.766058720998527,65.7976240152287,6.169881197624283,38.73681690490052,20,0,5.725167117554042
1.1930877566938436,12.668916081884818,5.650464881047702,7.965400667277038,0,0,6.676290677351261
2.084420390615572,34.39443395188985,3.6362053119371787,24.116910717494594,20,0,11.57008002132064
2.743538769919917,44.73785484023482,3.6794863496036823,26.291692258721056,1,0,9.583131299977401
8.696722831210092,91.59188045507253,5.697048333105897,54.79490974000583,12,0,6.300638850230148
10.502141758762287,111.35089438849458,5.6589442679038395,63.99898999161875,13,0,6.0938988885978675
5.479864385569326,58.56991192515953,5.6136649745058325,37.81013691729014,5,0,6.8998307726117
3.727899830062333,47.54054082599092,4.704910502016314,33.978070291316875,2,0,9.11453414528811
0.6224711702894083,24.95619998136329,1.4965527702637147,15.694217188848256,10,0,25.212761550950983
12.384892663720635,121.58274918061313,6.111833831947331,71.51924580208792,21,0,5.774716644221793
8.586053321578344,96.38878850532312,5.344638181298964,63.99396875686714,13,0,7.453246137668215
6.503160349132588,60.721009525780076,6.425940938651457,47.223146792128446,21,0,7.261568876804217
4.848063265318986,51.954551271409926,5.59881259294428,41.67309299356676,8,1,8.595822849854006
7.505336700974331,82.82352705848635,5.437104866838905,49.97571576723198,14,0,6.658690710137523
6.235487313729087,79.53624988650552,4.703883315565041,51.04863094588993,20,0,8.186790923861357
10.89306279244272,110.12320862257067,5.935022923157051,69.16919383729876,9,1,6.349838897953133
13.56627544094606,127.89297368060552,6.3645132569171,75.36202821722391,23,0,5.555100848812521
4.182960422553981,60.92711690136038,4.119309071518449,37.82969055064827,21,0,9.043760095523611
9.4906460062243,96.65896397828246,5.891215226571233,58.00199161161459,14,0,6.1114903636248625
8.358806480616314,91.21793156868766,5.498133757388753,51.75488666819269,11,0,6.191659872520064
9.742639783207558,97.67720931295348,5.984593449220628,66.9905628602393,4,0,6.876017624679547
8.651741461414064,90.71932856009391,5.7220935816448515,55.28630002362044,4,0,6.390193265736388
13.973460589816943,134.38844248970787,6.238688534940242,84.84226446381696,21,0,6.071671646295345
3.3499419383082767,55.695338784365525,3.6088570549268155,34.44352143315605,8,1,10.28182639205683
2.306894346170481,39.90943975315892,3.4681935308117953,19.750046866368457,22,0,8.561314001724515
10.992224481445115,121.53875789131337,5.426527967946636,75.33541148221276,8,1,6.853518285528012
3.266585906767365,36.668502196422295,5.3450548199693015,22.619157726375988,6,0,6.92440314504389
7.225362561548326,66.07812271300202,6.560745612822874,50.252205567782106,13,0,6.954973558726656
7.626601583085567,78.88168831198223,5.80104336985425,53.403287025424774,7,1,7.002238997755392
2.7275685427039535,51.64694891877744,3.168708239079288,32.78046458318771,9,1,12.018200118516932
7.639652614302054,78.82563485576134,5.815102633767376,50.04300059471189,11,0,6.5504288115178575
0.22256032658182703,20.313771386290888,0.6573678191496017,19.466222727659638,19,1,77.86489091063855
8.528149903079617,82.60428464307711,6.1944606916665625,51.15278318740046,20,0,5.998110231262301
6.054204311402717,61.51379697789082,5.905216008934103,47.11927624772497,15,0,7.782901571223611
3.901025783166888,46.63047843893702,5.019497007660317,28.947685821612936,22,0,7.420531785901948
8.520705512347211,101.34451376888052,5.0445979928103215,61.94557201160004,6,0,7.270005039117448
5.862985354215095,71.36826522217137,4.929069246083082,47.26128905864484,15,0,8.06095976764928
12.812533480781441,114.9936778074853,6.685167597942902,76.73302509823809,9,1,5.98890338224959
1.2884162368246286,27.59613085886553,2.801297566127562,18.217183514795632,10,0,14.139206720720056
13.589837199902709,127.41612568869273,6.399427290595467,78.32108593430081,17,1,5.763210021004632
7.63676995399129,76.6415603737498,5.978560392103079,51.7860554285332,8,1,6.7811464454900445
1.624204175752253,29.680180013339452,3.2834117077907297,18.83998773527059,5,0,11.599519331702751
1.3935815464500176,32.93284818119615,2.538951150746297,17.401437929965432,11,0,12.486845835676796
3.8963770194815996,55.16298682449495,4.238034135328682,29.730203300005098,2,0,7.630217289383512
15.457343876352938,153.1054946933206,6.057526768969952,93.95325340809947,13,0,6.07822755058401
6.892025579207376,76.10193492285038,5.433784767386756,50.85580488565751,17,1,7.378934436790967
2.981804227669878,46.913510440057706,3.813576344681927,29.619240958347806,3,0,9.93332851415724
8.124397364767935,75.66631198020312,6.442283615112802,47.741041753907744,9,1,5.876256368372673
4.599442927941949,64.35911732450005,4.2879173479817565,35.72523300702086,6,0,7.767295641388978
5.5527443758200326,57.55880937003386,5.788247988372278,35.975540565774345,2,0,6.478875692969651
5.738671151460518,65.21172224790176,5.280036429320188,41.95413649763402,3,0,7.310775507140969
12.433955692147656,120.92808302635922,6.169264598085479,74.79470711559088,11,0,6.015358986909174
7.550989782583311,73.0228522496737,6.204350734013175,45.22249236261021,13,0,5.988948954336804
4.323544844498931,53.68144646271437,4.83244598951179,32.12428944770931,13,0,7.430081241919509
4.377785502835783,52.81928368905102,4.97294002918475,33.045467312985714,1,0,7.548443680390454
3.506676952186471,42.92773433428196,4.901274674614331,27.734764176362912,0,0,7.909130083702129
16.173920477298406,156.64929091118387,6.194954493526028,97.27091365434117,2,0,6.014059101556107
3.31963366340409,51.032385318771944,3.902972956488064,39.07757542999101,18,1,11.771652957007081
7.888469105943472,96.15304049440827,4.922445966585252,57.00233192667892,15,0,7.22603222008326
8.167184919589701,93.02207970627293,5.267900876036175,52.497127341833796,11,0,6.4278117685219645
10.371488525097915,107.00784807104975,5.815361421834172,62.364254697206974,0,0,6.0130476494566825
9.542118768918874,88.0554681518395,6.501891797882312,53.33057874111573,0,0,5.588966143958205
2.2913717579261035,36.385280003438055,3.7785144284330223,24.62217987664255,9,1,10.74560677090994
0.5925434484008155,21.36123315133451,1.6643518027341897,11.340888890322784,20,0,19.139337243420908
9.38160400151688,101.0624335900826,5.569787111738922,60.70274730637931,2,0,6.470401788069981
12.659720648367577,119.09160018011427,6.378142856030652,74.51352689742527,14,0,5.885874496530341
9.469251612460097,102.32364830697429,5.552529704991772,60.63852074784835,13,0,6.403728956579553
5.874111726225833,74.23652269249044,4.747618702905686,44.21993209246585,23,0,7.527935142098077
4.196349705378393,43.87141355370849,5.739067012611001,34.35557055957968,7,1,8.187013230938954
3.168074751052126,44.620616545541836,4.260014759525312,28.19074042487624,6,0,8.89838234262434
9.126017477858548,89.26349746202072,6.134210110963732,58.467668235799245,14,0,6.40670132154063
4.531510017918954,52.157972111743376,5.212829219905983,35.96041240170385,9,1,7.935635640107946
8.118938717385461,79.37830124230116,6.136895290265167,52.88549889256877,4,0,6.513843832731807
3.962165296305575,45.555213796839595,5.218500759068483,31.182309265209977,15,0,7.870017259069218
4.543740379490517,50.83591146574227,5.36283141009775,30.954717530652736,23,0,6.812607003334914
9.834164379523775,102.98112909012517,5.729689196309329,63.167280093438144,21,0,6.423248346851108
1.574212228229237,31.51006003947925,2.997542168292079,15.287080040797722,2,0,9.710939711091873
7.172291502047606,83.84768920577991,5.132371496448965,54.29450221240545,18,1,7.5700356290461706
6.708423859282318,68.46401854000283,5.879079845740566,50.84775483477899,16,1,7.579687256108888
8.831632246118815,93.64390129061404,5.658648640904507,57.36525071499306,15,0,6.495430189612234
6.6300890395217955,65.08181496292332,6.11238857733047,37.12140936448463,11,0,5.598930744851967
11.525166850742767,115.06237343350169,6.009870910964758,77.63687285418831,19,1,6.736290576928595
3.7454063331715695,45.96510211748934,4.889021662910402,31.603830157857338,13,0,8.438024434880356
9.698569650493456,93.75190571426258,6.20695840363147,63.331795923769256,2,0,6.530014033620616
4.802060970938719,58.573183246078514,4.91903704543176,34.47574593191866,3,0,7.179364472996113
4.251744666480527,49.331174301008076,5.171267126791641,32.203447448927186,17,1,7.574172480960453
8.152047719109085,86.2946446726691,5.668055822025514,52.79233292492572,9,1,6.475959751949937
3.2379641453538186,48.4887284671119,4.006659998374686,27.871311400184045,13,0,8.607665233161034
13.276823026932746,128.92534708562627,6.178842249591878,77.99776420077646,19,1,5.874731028842805
7.877137672488538,87.99542869141881,5.371054694292345,52.62749078580972,6,0,6.681042400669848
1.779601414718884,36.67368190884699,2.9115179967074662,22.57008599349914,21,0,12.682663548603912
2.0744540013836414,38.95970702314204,3.194768379779782,20.939957347714703,5,0,10.094201815874417
9.724672841006667,98.39324439153326,5.930085688998873,60.19906823266488,10,0,6.1903438004432925
3.7082049680911617,39.53787164196788,5.627321068271741,25.468493636506736,6,0,6.8681461396177665
7.417379718728144,74.49682752049446,5.973983026341022,49.281954427471746,16,1,6.64411912242267
3.4797767826263337,33.79789584407253,6.177503117969902,24.90547622699031,2,0,7.15720512629925
4.055612742048741,52.61662696512718,4.624712349657099,39.267457828296024,8,1,9.682250334498063
3.582153900268665,48.727899627024016,4.410804398737561,35.25630105462835,6,0,9.842207240728573
5.708835886738025,64.08391488476788,5.345025406456521,42.13238522274024,17,1,7.380206062783544
12.898077324204364,119.82588062493521,6.458409781060436,75.64133231426321,1,0,5.864543250358382
6.991953035551199,72.73587142507132,5.767679329520876,45.072441657440095,15,0,6.446330721654638
14.151761513019036,147.64740853814146,5.750901415664159,89.57309289062785,16,1,6.32946596847497
8.420642112020431,91.44376290976479,5.525128348226297,63.014152091784936,17,1,7.483295365543739
4.802479081405834,59.92060091199562,4.808842710164894,34.9929191500129,12,0,7.286428229432161
3.964849786940156,67.5320040335901,3.5226407185855693,36.858672615308365,15,0,9.296360416154322
7.078153136831998,77.67182623043091,5.467737902157522,44.574327043605805,3,0,6.297451634898669
9.358859881437347,83.27781442172727,6.742871397207761,49.711455831173076,13,0,5.311699978516862
13.126664615591777,123.53338183014928,6.375603624439,78.39919359400525,16,1,5.97251441168712
3.8356796051677025,48.35445039348758,4.759453875233327,27.36376241779592,5,0,7.1340062868988054
10.485930173754154,106.48580613569864,5.908353735177566,72.7981188808839,4,0,6.942456956569725
14.628329527820467,142.62303955385087,6.153983076050141,86.59579271174279,7,1,5.919732157185349
5.690849970701751,62.291059488274314,5.481541027671554,39.44458664926061,11,0,6.931229403750493
4.161969658662985,44.75111469537877,5.58015551611648,26.98973170483787,1,0,6.484845858657271
4.590049932671787,55.55333572325796,4.957452012103155,38.084496288832135,22,0,8.297185618341153
4.350009164952779,59.5162470446068,4.385366397540987,31.75588258381938,15,0,7.300187512171392
9.540583396407394,108.25928247923197,5.2876297595474755,62.54927161290809,18,1,6.55612649814074
3.56868979865932,54.342109150769744,3.940248018815188,31.030500329519338,20,0,8.695208068007712
13.38150358965622,126.69773228282872,6.337052770503204,76.57716894730791,14,0,5.722613190232327
10.854100735644897,109.56585475064674,5.943877731076156,69.79960869262844,18,1,6.430713183212529
2.326058038378704,31.05148188008481,4.494583635064216,22.068315996126614,14,0,9.487431367580385
3.99350975611069,51.49342658710194,4.653226659160783,29.707091434405648,18,1,7.438842834664216
3.89713108452194,46.57800144009782,5.020135210653756,30.561474998315212,1,0,7.842044400224269
7.313683851227534,76.46938973308988,5.738518806091179,51.93177296305502,19,1,7.100631367096726
4.274340677429555,59.19654182860032,4.332355112708063,32.956215834228765,10,0,7.71024546738926
6.971563125501262,75.3343386696967,5.552498301791487,42.4007129732414,11,0,6.081952097391752
6.733452514776714,73.34617438027603,5.508223902612253,43.7407684170495,7,1,6.496038744026098
12.097235790226645,123.35455118773068,5.884129449824409,71.89762399680498,9,1,5.943310128326263
3.3547103357270993,46.24955563782135,4.352098465980151,26.25873952518569,11,0,7.827423800360508
7.696184196786209,85.35739299924629,5.409854209245238,52.92915167796313,8,1,6.877323921127746
12.857007571808756,137.0258922000716,5.629742247415356,79.00152435378375,22,0,6.144627660250309
9.804482526975482,92.52664660180055,6.357832832202538,53.87290834263908,12,0,5.494722255296626
6.866727034076681,75.74731744584855,5.439184329387514,43.70444482428266,18,1,6.364669020247327
7.644410417427592,80.1854169756412,5.72005038254012,48.40282983571825,22,0,6.331793714969873
11.841940744990229,116.77219424290621,6.084637265798205,72.00059369394843,14,0,6.08013460330888
7.531169860630493,84.32721251543339,5.358533481171683,57.57867407336917,8,1,7.645382475618311
3.07946902816965,47.49447887728995,3.8903078011985115,38.13371207194002,16,1,12.383210132366756
11.914237166890066,115.67757836750437,6.179712958221968,70.12223819296639,0,0,5.885583542674278
1.100219359542185,32.023599262637106,2.0613910707267262,25.259606187394493,17,1,22.958699979525292
7.693285994858471,72.64968805320589,6.353739046387259,45.810596350544934,0,0,5.954620220951202
12.417748162684541,127.30130209512119,5.852767234103783,73.8114456257475,10,0,5.944028229494268
8.552837975001761,83.63142694708668,6.13609377757941,51.25876358712091,6,0,5.993187727505192
12.961841430843384,124.8059411538281,6.231357887779117,82.37514313298455,20,0,6.355203739568095
15.625987138285053,152.994361262379,6.128063940142395,93.18033537677744,15,0,5.963164730148622
11.294567953877632,111.25817405491185,6.091004845164811,68.00353922753044,14,0,6.020906643373072
3.7853941587407585,28.888887542645964,7.861972849912068,25.10351493169443,15,0,6.6316779386708085
8.101425447753993,88.58164639871099,5.48742935615964,55.74168600386507,17,1,6.8804787951629764
15.441143227491876,155.64885255598907,5.952299541149838,97.60112199943262,3,0,6.320848175649368
3.5114558963886178,42.63672259514913,4.941452835947747,34.15245693929812,0,0,9.726010505905103
8.692770896739527,88.79710675768794,5.873685222961559,52.2730228323874,22,0,6.013390143756566
10.86162640100245,107.5172970483321,6.06132782306823,72.88269525610065,12,0,6.71010883318304
6.444695397572841,59.73346696063526,6.4734518776416605,39.13715196777542,16,1,6.07276986007981
6.661950829618028,61.05382792204385,6.5469613189112,46.49308760341985,8,1,6.978899843679212
5.102921137906177,62.74808050992108,4.879436403253186,33.01542530304515,20,0,6.469907022037967
4.357230970116074,57.603282948598874,4.538523584502114,33.749540780119865,1,0,7.74563960726204
6.34410023795889,72.6778792313749,5.237439758880708,45.54549352301305,10,0,7.1791888234203824
0.3916737347814454,17.80058569818953,1.3202051036599833,8.716270911630787,15,0,22.253907110964384
7.064188994922164,80.2740183462877,5.280056342351161,46.571491688342455,11,0,6.592616890887076
4.193176475277741,54.0352496716918,4.6560456377139445,31.194024964315506,22,0,7.439234944732281
6.677039574537835,67.38242757929227,5.945502245386422,41.34316037378675,0,0,6.191839948267553
12.606921902967096,126.79706157730838,5.965558702768819,76.01848858238516,17,1,6.02990080905426
0.21575439376912126,12.165353343153424,1.064109135262625,13.30754250524909,21,0,53.23017002099636
8.289713966933178,84.91024911511785,5.857747953861957,54.59597514499685,1,0,6.585990223881622
9.139007805307514,101.09229817603854,5.424156718285207,62.98633945493931,15,0,6.892032570358431
7.974848945443275,93.22160890725566,5.132832852119488,59.132667622014246,1,0,7.414895006356438
2.133468665865443,17.12316380916796,7.475728281206385,19.631155146161717,14,0,9.201520256777863
3.8616719827768207,45.224602302734155,5.123324632367221,29.532992048833933,8,1,7.647721551843868
8.487264902762316,86.54076385250394,5.884347115697488,60.51777863111626,19,1,7.130421793647536
6.443768047211087,76.96274208502982,5.023548698479503,43.851569857174105,5,0,6.80526821199801
3.9384072834109203,38.743412492594764,6.099215887341399,29.059951509214812,8,1,7.378604958308674
12.983128186373618,110.9106856088132,7.023558522845494,70.74061142797008,0,0,5.448656934791383
3.647815252355562,49.75594787572387,4.398849273015674,33.628252330233906,17,1,9.218737793400749
5.569032298085664,67.89889429789432,4.921169060856153,40.91837591366628,0,0,7.347484037349153
10.45996646388606,95.43567121156426,6.576136363539459,58.138507408612696,16,1,5.558192524740966
4.881178973028945,55.18420046402739,5.307148348967178,35.23275716327056,8,1,7.218083450320075
4.666783523621476,63.18214014346568,4.431743065073223,37.54203856604434,22,0,8.044521108815285
4.891829590094923,49.55820303170133,5.922526593991783,30.147270167447573,3,0,6.162780123921403
8.343212008073483,87.6952176988297,5.708324052556511,52.054580749188396,15,0,6.23915354168355
4.60547722256652,56.497068706514185,4.8910260245436445,32.098358635697764,4,0,6.9696053382737455
5.950349252640819,56.98735386066186,6.264915476359733,34.86639504147913,1,0,5.859554382628064
4.624064864387095,50.2335326971814,5.5230814351783195,35.659882768390254,20,0,7.711804184026484
13.097071024234216,119.72862101037086,6.563378537417424,72.62243969823787,21,0,5.5449374569215255
9.250405122284722,94.2664556178773,5.887824080147391,54.13969044975568,23,0,5.852683178094575
1.9434797445166876,24.745357464744004,4.712349976642683,14.646635001111793,4,0,7.536294135524514
2.0300960072465872,31.516978292736624,3.8647664539232327,26.64666904265714,19,1,13.12581717689201
3.706625596533672,49.16858164480611,4.523163539648558,27.716642662346494,11,0,7.477594361908656
11.361708380394235,122.58714822481744,5.560962243557969,71.97311302881477,5,0,6.33470870921239
7.283771629112907,91.54762923872467,4.7737587677684195,52.60538005435892,9,1,7.222272022381589
4.071409453397316,49.88888418453945,4.896573078287902,28.7422640492498,4,0,7.0595365998539705
9.086826413293203,91.88201679848456,5.933800800142913,54.235015765808356,14,0,5.968532169434583
11.193567962707615,110.49412079208663,6.0782788527383484,66.61599057604221,13,0,5.951274052918552
3.602723908906986,38.63531726778907,5.594969831259503,26.375450137094262,4,0,7.320974574789494
7.941128722018467,86.15908661933813,5.530092553397222,55.26453791368598,18,1,6.959279952288558
11.218785868020065,109.99982728038977,6.119347354659035,74.49633185384646,13,0,6.640320327906736
12.186399809718251,124.78591175210052,5.859507522256711,71.36010445825583,15,0,5.855716665503499
4.686277279630862,48.578336374869764,5.788107575526366,33.732514010469906,3,0,7.198147270775027
8.601266273984649,86.61493608956455,5.958279249960172,53.400752710819916,19,1,6.208475706924176
5.870748003671843,67.43085253595338,5.223793960375891,42.50975954582233,8,1,7.240944342907363
5.292244267880428,58.880766782360155,5.392841727868846,33.59693262226927,11,0,6.3483336977045886
3.164033710677214,28.954374762910454,6.55659202435322,19.216779332870686,3,0,6.073506507855008
5.669952510668358,62.93841568466964,5.405238548496951,39.371255073509005,23,0,6.9438421220335815
5.872638409180029,60.04310329789066,5.868422603053235,39.575049685500126,12,0,6.738887520068824
6.791903056010348,80.21570460318108,5.080229431088987,55.40372504782586,18,1,8.15731976604076
9.324215062742889,101.74460239209529,5.498600324846699,65.26492464400586,14,0,6.999508720555721
3.0239396784326242,25.517874739919534,7.110168168594496,17.75870242281092,1,0,5.872703926427413
7.713941984779544,86.2344712360318,5.367186839007175,53.19526972829068,16,1,6.895990381215052
7.123306451668364,78.44555558256855,5.448344191408524,51.40862257254467,8,1,7.216960679896644
6.710423088205333,63.48955098077093,6.341600768514856,41.80738512414492,14,0,6.230215975148906
8.68304136437858,95.41731299519448,5.460041427586136,57.768045365120074,13,0,6.652973646090003
4.555012062839157,45.31580099610911,6.031024891159166,33.78286247455284,18,1,7.4166351281835805
7.346236332256437,84.98839567864702,5.186286626729781,48.751720840900326,5,0,6.6362853896814356
4.4169752849704995,47.87564737755853,5.535559968687882,31.24130277291015,23,0,7.073008282209305
7.1855527355953726,67.56169082147639,6.38132585039856,49.695277294162295,9,1,6.915999244982884
6.1064630262647555,79.68265466077652,4.598087038335562,48.51348276109876,17,1,7.944612544518071
6.150866137523251,58.07982423200373,6.354219785121807,39.81328370157436,15,0,6.4727930687182615
15.07854547749426,142.87076456491644,6.332385295233579,89.78522184476226,13,0,5.954501512017371
7.541429300153503,76.21334125518685,5.937093828417021,52.95521989385983,13,0,7.0219076233708035
3.214075674020788,38.1926708970298,5.0492551558169385,24.726222646131607,14,0,7.693105313603043
8.328060224461412,91.14523027301107,5.482279346609381,56.49805322342416,20,0,6.784059156714128
8.721479007982465,90.84078268496847,5.760504533450448,52.752390791623995,6,0,6.0485601975698815
1.793897316384863,34.17089311266109,3.1498690604376094,22.298057922805665,6,0,12.429952215850149
9.790546482196198,102.34642140247766,5.7396514785963095,61.121866587754994,23,0,6.2429473879627855
10.060770460071938,92.5089344406161,6.525274896467568,58.28784859531276,22,0,5.793577025401689
2.1407136142937255,34.56556584326075,3.715918247658776,21.905701273996026,9,1,10.232896697498353
9.388171185343097,97.89637980286956,5.753943835868735,58.571291239206126,7,1,6.238839288598421
8.332357587844136,83.24344626763374,6.005775561757738,56.4095507444181,17,1,6.769938777797121
4.5879951850676575,65.73430866073075,4.187763083123589,37.40861510695197,22,0,8.153586391874192
7.593441318951445,83.99106055148432,5.424463938728477,48.86409145507814,22,0,6.435039055760509
6.4500535961451675,75.70084282377334,5.1122708986163925,44.88542192381584,5,0,6.958922318202336
7.1364089164284055,82.08711802323518,5.216220830953092,47.25725777179147,5,0,6.621994104486175
11.138128508566489,109.7228354985304,6.090689394578581,62.99728257647649,12,0,5.656002489828018
7.811142581222269,86.10059408963056,5.443267376128126,50.46354431555355,4,0,6.460456174089852
6.377245648611852,71.29137225986828,5.367195591662161,39.667994158332505,22,0,6.220239323377346
4.921022015086842,52.94704562800837,5.576540058148603,35.83339427897613,8,1,7.2816976166979765
10.520559885787524,99.35554157373984,6.353280180942515,69.59146971732156,6,0,6.6148066712052405
8.72410473353368,90.66233218746918,5.77358061923283,53.14216197662439,23,0,6.091417239909643
2.308382611422004,36.29701959593724,3.815821745894062,22.864249308703673,20,0,9.904878504789504
2.3195111255022094,32.97305772970136,4.220738903591913,18.863675967219987,22,0,8.1326085310911
12.809695737562064,126.19339355626965,6.090506979757329,75.80817263353619,12,0,5.9180307000768755
6.963725918888257,74.83768120935487,5.58306388414753,45.757465578082744,19,1,6.570830918829128
5.685550919347503,61.44808277646523,5.551565480111367,43.75368783995461,10,0,7.6955933489337145
10.421329942928638,115.08788517719236,5.433063572356212,69.40063495256851,1,0,6.659479676071488
4.851680706671315,57.28657131759711,5.081484817557225,39.6088888752636,15,0,8.163952096187884
8.015524324514232,81.22094295072456,5.9212740211921355,50.63256090835,1,0,6.316812083458871
9.847314282657935,89.77767168479059,6.5811336590896605,57.653619505896295,4,0,5.8547557081050865
1.6275153543601433,25.46438676317063,3.834803569777773,17.99590150397645,7,1,11.057285238977995
6.988594701538352,71.43640881530183,5.869775497483894,46.49241956752222,15,0,6.652613515745613
4.528631374610826,49.07391668626786,5.53691045721409,32.10350112140958,18,1,7.089007354715074
10.735099967528798,114.27156749998336,5.636625209082055,63.967493984054016,4,0,5.9587236427737915
7.498194740889392,79.96216663115008,5.626306832437725,48.64000112621365,17,1,6.4868948869743885
7.331456242753033,67.88843479321606,6.479562769491614,52.121635092796716,17,1,7.109315443888476
11.383513641996519,118.16461385873735,5.780163758130775,69.12746847492996,14,0,6.072595039540525
12.73014283721477,117.07906558347139,6.523869715105726,72.66960313727922,14,0,5.708467223544416
5.195432087850087,62.91880771224671,4.954415644629736,38.97444091993431,9,1,7.501674598168457
5.98281947264959,62.994923812339294,5.69838245107396,39.07220638957019,3,0,6.5307346424521855
4.74766988141731,55.25047220412972,5.155796530255656,35.469243748768534,3,0,7.470874057102721
1.7180234595292934,27.3127714061499,3.774110142061497,19.89019273920244,2,0,11.577369697065711
20.927341187847595,199.45730969275033,6.295284305223408,122.41154174087418,11,0,5.849359488244879
7.618444717718375,81.82314617087044,5.586520495172982,55.76273541593217,14,0,7.319438216338779
7.1525344250471665,76.86411521094422,5.583256430195994,46.5314505268507,3,0,6.505589174643344
3.6487491245578045,56.057118300350155,3.9053906820625985,33.70084503506595,2,0,9.236273551459965
7.506051985234161,80.89815833919411,5.567037969217337,51.8161554120524,16,1,6.9032502724447795
8.866108404961487,93.27809425927347,5.703016431907885,64.34972645102653,15,0,7.257944919218033
5.533184756833727,57.54153642850719,5.769590212845773,34.33639683497847,22,0,6.205539548010124
3.1012097768263183,42.19625813385515,4.409694006973766,24.633926135533375,23,0,7.943327897264329
11.982848097282027,113.7040865127103,6.32317542744211,66.44687471208728,23,0,5.545165404137844
7.924358257310288,90.21999069355192,5.270023769494789,57.27704854960234,2,0,7.227973129150714
8.331359904976145,78.07614838925177,6.402487886651233,56.97602112200565,8,1,6.838742026733844
3.9969651231580268,42.910733951841706,5.588762654552283,31.25971443676061,11,0,7.820862447771903
12.5327473038534,115.0199288384695,6.5376917359011815,71.96041436566557,17,1,5.741790895563669
4.601683898775512,55.9330175420233,4.936279965926958,40.128103953295806,22,0,8.720308660048056
8.922580124008723,89.75998015861447,5.9642928451465815,57.64701319139004,19,1,6.460800843499792
5.135587120031206,62.33584792977642,4.943146478876774,41.08400038413789,22,0,7.99986436290623
5.907170121825102,59.310986384171336,5.975793506683189,42.60506289670884,0,0,7.212432013646733
5.138601129900293,61.43626315428251,5.018470394590168,36.20474429004609,0,0,7.045642067717481
2.5031209615344725,38.00710838493197,3.9515570658779855,26.50257694171888,9,1,10.587813113702731
8.968170217559022,93.98431868794691,5.725319080517515,59.60225833240108,19,1,6.645977594816857
5.6114379326356,62.68818238685471,5.370809347771692,42.1573887933433,7,1,7.512760418886549
10.26874132250187,105.24186700211669,5.854366678403,64.04839075201953,5,0,6.237219220983825
4.122403479435565,43.63747624593172,5.668160261426521,29.891468841624693,5,0,7.250980887906052
9.815488968638496,93.88778350017873,6.27269402006054,61.49905816453471,17,1,6.265511413749286
2.07730253239232,33.958958399117364,3.6702583889256952,23.453429883822686,18,1,11.290329414277759
7.886036567018266,80.76218298486054,5.858709813599189,55.13669659746042,8,1,6.991686651322208
4.965060346645844,59.4058948939873,5.014714807854912,35.79435315274423,1,0,7.2092483582652065
7.49255000259186,88.73888078338075,5.066020623506725,47.37047650362603,5,0,6.3223437264001445
5.107174680768876,55.221626884577745,5.549102736263502,34.57395949079186,6,0,6.769684150608848
4.0991095723574285,45.29144395961918,5.430309851916536,29.739566190298856,11,0,7.255128379794788
8.467142986548616,86.258587625406,5.889600017555653,56.73722624177795,9,1,6.700870214653741
13.587956475827125,134.52543503430422,6.060395852588995,81.87891156931428,4,0,6.025844409715049
8.128388486314261,88.84032922845893,5.489661209209316,55.704098238513126,23,0,6.853030995295306
8.923302597090592,92.13940194011685,5.810740514393625,52.449295379863486,10,0,5.877789619839226
6.477493992408359,82.76872795657545,4.69560967215065,48.601933035240634,5,0,7.503200017198354
9.671683150498877,101.57024544431657,5.713297102821993,68.6371195556931,9,1,7.096708865214708
10.86897708414377,114.5057400941418,5.695248330017913,70.97510664312362,17,1,6.530063141513639
1.0259337668545192,21.012241390966537,2.9295316413857195,16.47388243033502,23,0,16.057452208482648
6.083559489371568,72.8230227815169,5.0123375193777,39.157435154617495,10,0,6.4365993663789185
9.804418127331381,99.00812546750093,5.941583934269908,63.32870182765543,13,0,6.459200434456846
6.685590643083801,68.30497359537833,5.872712007199572,43.49070421533714,7,1,6.505140164441265
4.884159196858165,61.38950169588602,4.773610205588758,39.881338088058854,16,1,8.165445981718479
7.044946954513245,75.0607913117349,5.631393033352032,47.74383840491265,16,1,6.77703305832931
9.237948905991994,96.61312833308008,5.737076771270812,56.94675001689127,4,0,6.1644365644795895
5.2056573677223765,64.74221269443987,4.824355379039534,34.594385421764514,13,0,6.645536380528353
5.5215226758117595,62.527605042085696,5.298321602526149,36.187175815354045,23,0,6.553839935110636
8.490534789340263,87.51932060565125,5.820795726418391,53.7449778868219,5,0,6.3299873588996896
9.494941983232424,94.24210002209203,6.045032091394381,58.083678623101335,11,0,6.117328439254721
3.7623918962889484,52.231612159690684,4.321971014165873,34.462371842033754,16,1,9.159697551981724
9.13761023926781,92.1881337770466,5.947149507137283,54.485349328096135,1,0,5.962756990219579
4.332654023838403,50.68728332581832,5.128687599200845,37.26596227997945,12,0,8.60118580319151
5.551280597506425,63.68297135479635,5.2302339034200775,38.13417033494051,14,0,6.869436639911512
5.25411287510412,60.98372708891154,5.169358902033514,37.66896353771369,13,0,7.169424112718021
9.246348422655492,101.29933327027655,5.47664912935922,62.82307946532209,7,1,6.794366445395068
13.3494187344562,131.72585385745134,6.080546078176465,80.5297712120592,19,1,6.032455256213045
0.23073312593609885,22.33490564117102,0.6198364022029551,14.82922856403424,7,1,59.31691425613696
3.9564616621990596,46.115614344545335,5.14766425875496,29.266493107393533,12,0,7.397138050650739
8.538565108527434,91.07165578458675,5.625393566176401,58.23288950327468,7,1,6.819985414776272
13.606096369802605,133.35222293324608,6.121876067988874,83.11698682966076,20,0,6.1088048012162215
2.759155473493528,49.39123914910439,3.3517954046434077,30.588300510973745,10,0,11.086109791502292
2.8549038416852217,35.5903141910633,4.812945162033022,22.404628022951925,9,1,7.84776975525967
5.638634735322386,61.18652117481065,5.529291053380273,39.89359153462019,6,0,7.075044475697768
11.914619531728999,119.92002172236433,5.961282875338404,69.11146720314663,12,0,5.800560145382794
4.493263569804056,50.83873153389927,5.302961070310672,35.74590484558058,18,1,7.955443585771979
7.120060441482429,77.96747281223026,5.479254502935909,44.634385245028504,14,0,6.268821116318421
7.858102409592545,90.0974512001027,5.233068619537322,51.06264990930321,4,0,6.498089137521292
12.596180498136292,126.24945089803764,5.986329639552713,75.24075767532247,0,0,5.9732994209200925
9.011839717200623,94.21217625731661,5.739283439915711,58.39755564091685,3,0,6.480092575265761
12.487800515206331,123.0153053538271,6.0908520997226425,77.08847456516578,21,0,6.173102658974696
6.576942847649332,68.16204376554691,5.789388772089933,43.47957029173796,2,0,6.6109089433973125
7.970977491036092,84.31797602356616,5.67208408001274,51.88588090427394,4,0,6.5093498209753005
6.627523172458613,71.69330398991526,5.54656248515834,50.65002076042629,9,1,7.6423755062687535
4.856979397313934,62.752384808659066,4.643947233677465,36.177537687697,4,0,7.448567253075923
2.7662240496948223,31.141548891956035,5.3296463691489935,20.363051269845407,2,0,7.361316691643946
0.8768049471425136,28.6184526969795,1.8382648910331654,20.410073257110167,4,0,23.277780678161214
7.746271023653461,80.83554859210261,5.749651848897266,47.87018354124788,0,0,6.179771324173258
3.1421125654156934,41.17022120031665,4.579201870391982,26.7349470835122,12,0,8.508589850591568
13.207557801965097,124.47900114270222,6.366161849334254,75.09795731311065,7,1,5.685983619313568
4.719554899978435,57.84761511413206,4.895159349957842,31.244417934698397,6,0,6.620204361822586
11.664854080798614,111.2208284328231,6.292807333930696,70.80642249276532,23,0,6.070065000583161
6.245871084097134,70.45318153450438,5.319167380145827,42.433684251000095,22,0,6.793877696105868
12.244087080651227,123.85098017134088,5.931686804761118,69.73550125100614,0,0,5.695443097689658
3.4759793365066325,41.33008736986329,5.046172739099337,26.25151199364503,21,0,7.552263535613494
7.005668453687178,62.65937029843541,6.708335963467644,37.66418198270367,1,0,5.376243856199118
12.71037076508437,139.35708499988135,5.472432534777198,82.8385848849265,14,0,6.517401137698176
7.630388704785388,74.34834996790846,6.157814161104275,48.14891339624846,13,0,6.310152111392691
7.4648278622987005,80.81993180208518,5.54182194603592,52.404104255911285,14,0,7.0201356578601795
7.877342387594694,78.51724517603233,6.019576236991524,52.71323333392733,11,0,6.691753479820882
2.8809693567696444,44.21674453583029,3.9093371350780015,30.380019558937704,16,1,10.545068619890502
1.0207143124255753,18.909510799748798,3.238733111294878,11.282783631843195,2,0,11.053811526392083
10.11879303642452,98.55728868663445,6.160148988228052,59.22103411676031,10,0,5.8525788504204925
7.068677066471299,79.18903392202098,5.355799950860847,52.53833677189638,21,0,7.432555806106962
7.960736160520133,76.01488280343992,6.283561218745877,43.9557155761852,13,0,5.521564173194913
11.41919071898026,112.29304480007735,6.101459305504054,75.41408987821865,16,1,6.60415363348561
16.629467819247093,165.80668127739062,6.017659007875464,101.08828353436427,1,0,6.078864617505305
0.6480727947345973,26.87371082092315,1.4469296013188293,13.305619447148501,11,0,20.53105693566029
3.2915200566888267,35.849211188480595,5.508941392406128,26.054542848795478,2,0,7.915656717889056
7.3233259329628915,74.24058023164679,5.918590003024641,47.60090495947123,13,0,6.499902557281473
4.469769045745516,54.340747464676014,4.935267828604387,36.31228381527617,8,1,8.123973172582481
6.1676367878181395,55.52419248693441,6.66481025106611,45.27516626915789,19,1,7.340764027898344
6.419011265543057,77.9168462519274,4.942970544358452,46.86381670528237,18,1,7.300784305652348
9.8506685525989,94.65903436456503,6.243884877164835,63.20514026899096,2,0,6.41633001166358
4.978416727705925,54.181290983594835,5.513065455616372,32.770818205772756,8,1,6.582578357371397
2.285362616909291,34.13332986303137,4.017239383464585,18.006735624702067,22,0,7.879159084633255
10.323714026026192,105.22084612491211,5.8868832971199305,63.292902316410945,0,0,6.130826769983058
10.349686307783662,99.36548069434542,6.249465852001436,58.807612467396346,2,0,5.682067138901501
7.687239260875988,91.51390672647972,5.040046613146068,53.82130172965414,22,0,7.001382408321321
11.826577430201143,102.98840192715092,6.890044243176061,65.46501319336528,11,0,5.535414922849059
9.798413007268799,93.45367132425392,6.290868749246769,57.1701757427029,14,0,5.834636251839161
6.677951706004583,68.28091633429894,5.868068618156585,40.87610393526019,5,0,6.121054139775496
6.990884535575418,69.21973336389495,6.059732561080798,46.50839041228044,9,1,6.652719005099739
3.207594185474228,48.185669026776935,3.9940433538757225,28.777331509032795,15,0,8.971624789492566
11.859945998034226,108.78945181617452,6.541045551773387,73.40769407086465,7,1,6.189547075765092
4.2458557806388155,59.557480218484876,4.277403038271281,32.63723955326812,20,0,7.686846006897964
3.513087376020653,41.94898416447315,5.024799688469082,25.53449548521836,22,0,7.26839180246687
3.572732694680525,35.98893824892689,5.956384714606671,24.59809966125934,14,0,6.884953833205513
8.053721646159156,71.87807193131661,6.7228194327651885,51.992076545397516,6,0,6.455658493013934
6.620291638476452,70.29184121363429,5.650975866478514,42.46234251730983,5,0,6.41396857360831
2.9554443331390527,34.387178355544705,5.156766808689042,23.45388611281467,0,0,7.935824014625814
17.635143822753736,172.13526335018653,6.146960296058811,104.7731259669991,18,1,5.941155174011999
12.850463416120414,124.950737079278,6.170654315372528,72.71044950086649,21,0,5.658196684926866
5.756450895544551,69.54287408434989,4.966534073839779,43.178597435303914,22,0,7.500906065006794
11.249700021804971,112.3923530224134,6.005586529305002,69.54657981637,23,0,6.182083049465306
6.673925048894728,69.52187478969215,5.759849028022117,39.76112483318327,3,0,5.957682254727767
3.1974109711804526,46.61622449122778,4.115405320028189,29.707011039252986,16,1,9.290957999148121
14.542395798025854,144.2505792628732,6.048805851181244,88.58211777030024,6,0,6.091301529719426
5.5092559743763925,66.23109379082891,4.990939142671323,38.192779134189976,4,0,6.932474967913089
15.501596897112318,158.40633637659067,5.87158212923728,94.58900252851281,12,0,6.101887641403779
2.4784966986060626,32.54366775473045,4.569546464065893,25.06408167859247,16,1,10.11261451051713
5.156353309846101,58.636667058619345,5.276241200433105,38.403196285248356,17,1,7.447743391035118
9.627290275246521,103.70843613632536,5.5698209136572405,65.26408107951032,11,0,6.779070664080411
12.594933467530247,110.65046519117584,6.829578228579197,71.23623269322269,3,0,5.655943548798394
9.726617307231852,98.92895163574767,5.899153167848088,64.7278161937944,1,0,6.65470986975796
10.624043540729662,106.26718774644118,5.998489524017043,63.7323076024163,1,0,5.998874850059128
3.360891272742979,44.49233587655142,4.532319384715766,28.871788668559887,18,1,8.590515528637225
3.663322978927945,40.163247703222275,5.472649531727045,29.48753433610018,13,0,8.049395181838314
18.005105246583234,180.61863140677093,5.981145501883679,106.60077933445692,8,1,5.920586293417317
6.060980971260256,62.12225063516299,5.853922782214428,44.278635123619416,19,1,7.305522873867823
6.967901645437195,71.95701110325166,5.8100537017349705,46.22934433391371,8,1,6.634614936648275
6.139368236310664,63.26785434345557,5.822263106615741,43.256975215438636,7,1,7.045834937803485
8.22468688516798,93.40147304395349,5.283441438636124,57.43788016002166,19,1,6.9835947510175105
6.41289828468247,57.202624002110724,6.7265078096198945,37.967366749442576,13,0,5.920469195672344
9.461321567782882,107.8731739910626,5.262469556277316,68.81123181464247,16,1,7.2728985397721075
8.280226147453707,95.36225857968917,5.209750442645627,60.959002360538456,19,1,7.361997278212535
9.46458126283786,93.79203934110699,6.054616999050415,57.82422433461561,7,1,6.109538576382574
2.132952673511289,37.35811671161909,3.425685545087287,22.676673405049662,0,0,10.631587698436405
6.256379614965701,69.08795554964489,5.4334040414352875,44.070272095942364,15,0,7.044053399592819
2.589885920610281,45.22644135450035,3.4358917169403633,28.06254972054097,8,1,10.835438540832836
9.754960199612018,105.4985640417977,5.547920175907141,59.13923677573519,23,0,6.062478530469794
1.4176947149578933,37.91811988237916,2.2432990654951332,26.176331789468364,7,1,18.46401168974226
7.367092089825018,68.93094854863365,6.412584400715647,47.58121237133186,19,1,6.458615121297065
13.848722872987691,137.78657798479037,6.030510261100927,83.78357647034436,17,1,6.049913572446921
8.89249525937101,81.68783637536539,6.531568703944315,51.99646247651899,16,1,5.847229709987705
2.8911522514006274,34.90808807294354,4.969310685866224,20.703289626161222,15,0,7.1609129599215855
2.0776808158247535,44.19704413927358,2.8205698226481926,21.652331274487693,1,0,10.421394426695233
5.420674091663338,63.59526953253824,5.114223870588242,41.00867757573898,19,1,7.565235777374587
7.916643919409967,89.15704229442525,5.3276625484726114,54.52706356787053,6,0,6.88764887279842
10.037827640036346,105.42408052211077,5.712828183271332,62.08762932675854,13,0,6.185365156014347
7.155930807104414,79.10614772309215,5.42759141715771,48.989216034405025,6,0,6.845959995276714
5.758316602909506,60.69076187547098,5.692777376620948,36.263537308395776,5,0,6.297593517187452
8.226160309508401,81.78358838483464,6.035069239662123,52.51951190668993,9,1,6.384450330488212
9.520661784213912,94.39101004997278,6.051844415590079,61.050149524477725,10,0,6.4123850745023
8.154983236311992,69.01248480482337,7.090006910525293,45.23963795234157,21,0,5.5474838686242025
9.44587479384385,96.52064170092636,5.871826768275532,62.70306420586894,9,1,6.638142636268516
3.571245948023331,45.58031366731295,4.701037347951884,25.869733887331428,22,0,7.243895901835104
4.247435147146235,46.511596168609586,5.479195078683803,31.583130366147767,16,1,7.435812265990177
3.3954431954191113,41.774898142739666,4.876770519679979,23.87480844073477,15,0,7.031426257681163
15.099566850570021,151.0463936537704,5.997985050281183,89.71822723488805,22,0,5.941774894787867
8.45305895941185,93.38634484933151,5.431024614819172,55.26087516962844,23,0,6.537381962549733
0.8807194579641955,12.73961693804561,4.14794006247086,11.409747073376252,10,0,12.955030083870476
6.583188636081214,66.48004327728134,5.94150212143222,47.59270637610832,9,1,7.229430752638877
1.7330493240188647,32.115200531997075,3.2378113079982604,23.218559349681538,15,0,13.397517905513922
5.70035687009445,66.83725513240907,5.117227084327442,41.81118170241162,4,0,7.33483581032688
2.6144460170894477,43.596406656048394,3.59815803772451,27.092596134660877,4,0,10.36265272167368
5.555816929005387,69.81990414458014,4.77441239463804,37.70939987209409,7,1,6.78737264995607
10.540643767002292,121.35503289130514,5.211474225272535,67.85676242800024,13,0,6.437629800224087
12.950836398212738,126.80093237877757,6.128110963502802,77.59244915771744,23,0,5.991307956637107
2.7341389127495463,46.07863423765139,3.5601822293362804,28.308406753268,17,1,10.353682697416449
8.747075263749963,85.20358915003204,6.159652674969507,53.15243592440685,7,1,6.076595241461298
13.623214487709811,148.9732474741861,5.4868433300698864,88.25452466504575,18,1,6.478245258831138
7.05591470888752,78.2314137751583,5.411571414904991,50.670657321613035,12,0,7.181302412540371
11.329061447161376,117.21367280101524,5.799184263969203,66.3175861034111,23,0,5.853758178708415
7.176100149073638,82.52445506623489,5.217435348089751,47.490290106738115,14,0,6.6178410446053535
4.6433260737130055,45.65775488537021,6.101911167604301,31.184910575726498,23,0,6.716071643615949
2.370418843049641,26.885238881632873,5.2900824578554175,20.068969317593705,18,1,8.466423297485331
7.202232893914567,77.51413771959231,5.574905254034049,43.448889179998794,12,0,6.032697056590654
12.962256455823471,130.73462552288078,5.948962520363753,83.72572361698928,18,1,6.459193575002472
4.810820832373419,67.79271101878264,4.257821314483676,35.824817088091365,20,0,7.44671612940056
7.513228777736031,73.92385962833829,6.098081579216578,46.64817828041124,4,0,6.208805782494458
4.6616268689288,63.19579972955296,4.425889273222219,40.04435784050875,17,1,8.590210878398894
8.94385375824783,90.9011482911638,5.903459258578298,55.83533710608175,23,0,6.242872324985369
2.690230340533484,34.53492896405184,4.67392941795329,21.040955215382724,12,0,7.82124671570324
4.770558259174344,53.9519672175207,5.305339365966758,29.24569399168865,10,0,6.130455263898255
2.2116956450786884,30.073597969723025,4.412566093299527,21.236236768028082,0,0,9.601789837259698
10.375874899521605,108.30210405160943,5.748295468706961,64.39949999602547,17,1,6.206657329590076
7.538097523656523,77.47321922441395,5.83796382733588,49.143670679860364,23,0,6.519373160885046
6.321128199452933,60.42741061348749,6.2764180711480435,40.777856620208155,14,0,6.451040911294491
2.499193365799708,32.88588379476064,4.559755878352665,18.065655152454312,23,0,7.22859439356488
3.4470852137861328,45.76360089799389,4.519423925756559,29.627976945187513,3,0,8.595081092482015
6.4656510206321665,61.776891162661975,6.279679244727045,38.560097780927634,12,0,5.963838391196916
12.882155036430598,131.4303753048381,5.880903104728359,87.18062544732057,18,1,6.767549777251918
15.92953378157588,162.44892188030292,5.883523361261784,96.70674044764044,8,1,6.070908400313108
3.206240800967535,49.73575212763458,3.867930810905812,28.149002045700207,20,0,8.77944103175463
3.04168638901773,41.40116146301897,4.4081174752568355,23.67796341889499,2,0,7.78448544346528
9.74420888415355,88.8699760856323,6.578740749135122,62.613115300490506,20,0,6.4256745770623445
11.860369853685432,122.62904869592128,5.803047473569735,76.24316358602488,1,0,6.428396797620393
5.588847391948512,68.10265448825444,4.923902688326851,38.18983271888796,2,0,6.833221600200708
5.323976622291582,55.73658456930888,5.731219446004455,35.1556417849806,19,1,6.6032674970403376
3.620122417855469,44.14500407036763,4.920315438754909,24.78840393358473,23,0,6.847393837103767
5.601320685540357,65.31348287613241,5.145633433295828,43.31068266832102,9,1,7.732226933574123
4.869382907664497,66.54800888592735,4.390258692197363,36.78882322452722,5,0,7.555130480008246
9.588010240064182,96.75699403734232,5.945623054203478,56.556592314971574,13,0,5.89867875595771
10.632534105555116,113.04034230466596,5.6435785076968425,63.11360078102545,6,0,5.9358945059062505
5.93449806862368,67.30826835996176,5.290135859879416,42.07285214302818,7,1,7.089538433835172
7.137584354722078,77.43482437462188,5.530522794388605,49.663190315744586,0,0,6.957982960003611
5.887901541001967,72.97393073489634,4.841099950385177,39.97305479589935,14,0,6.789015495170284
4.890158128388289,51.022889433675346,5.750546293241592,30.568113927073988,3,0,6.250945904922855
2.752682921991549,38.1565846996977,4.3285052008546625,30.654266799904224,18,1,11.13614160025596
2.750838181295955,36.920655301515815,4.4704052387439885,20.152181324931703,4,0,7.325833072244821
6.240138846425194,59.11972987220112,6.333052123121479,37.30785641578795,21,0,5.978690111544651
9.247191315058723,102.62022184828805,5.4066486011283095,64.03209202551487,16,1,6.92449089068168
3.958007648361033,52.59617189425932,4.515166225007758,29.509447251940625,11,0,7.455631689888259
5.1104450302448345,58.19728169961254,5.268746114249035,32.98383620800979,10,0,6.454200370575081
10.79153798443452,107.55556789377772,6.020072151964619,69.496349441857,7,1,6.4398929552114845
6.5321644737849605,70.79081172131893,5.536451114164388,47.47132757783265,1,0,7.267319702121054
2.8919621471931163,42.271888777743726,4.104801887228294,24.308202482061848,1,0,8.405435909890773
5.32334012870864,60.22743194358455,5.303238033155772,37.33311015995416,13,0,7.013098779583448
8.683318501914613,86.14486445842971,6.047941608478489,52.58114461972182,20,0,6.0554204718078735
7.3829116513982065,75.34372742099515,5.8793839148506715,53.75249025535337,16,1,7.280662805327421
1.1814023884668359,22.559875262663603,3.1420450016992243,10.85307582464539,20,0,9.186603929868436
4.590538969165754,47.7192918051946,5.771928453472195,31.121977970286697,17,1,6.779591280965106
7.177881146250468,78.60087270886761,5.479237748036356,53.02652974214366,8,1,7.387490634313901
8.325251526634512,82.16916614558801,6.079106251522934,53.49422828070935,22,0,6.425538989370862
12.261202886711363,116.62479744362912,6.308025302751507,71.43065318218723,4,0,5.825745960015347
6.728908751963917,91.71897099448543,4.401864965778011,53.88912067005629,6,0,8.008597330782361
3.7026700832832766,56.96313920698437,3.9000695553267026,35.456558748028215,16,1,9.575943292411228
7.410068171434096,79.55428378902636,5.588688240410933,48.22697092016515,0,0,6.508303271227748
4.818988470873563,60.47699384172029,4.7809801692383385,36.1654755622785,18,1,7.504785657999841
0.6480088728811209,23.95776808105534,1.6228779008680747,14.564218145890935,7,1,22.475337538414824
6.990252877934434,74.45961303428903,5.632787434483754,46.82108209791972,17,1,6.698052690728263
6.277449547225959,70.1935804431732,5.365832180885552,45.05239273682583,17,1,7.176862577371847
3.0562378601191225,37.933118118576616,4.834147064681858,26.045449654289456,1,0,8.522062367643821
11.458345342099545,122.6591305373056,5.604969785081559,79.37416733950998,7,1,6.927192798761119
1.305833557902657,31.36910018359863,2.497681253704715,16.210297369576942,23,0,12.413754625522753
3.505077493708589,52.91721071553035,3.9742202353230667,29.53893282028501,22,0,8.427469256615776
3.682928917964943,46.74235168023699,4.727527116940647,29.003583368828814,13,0,7.875140686900678
5.904950679943682,78.15138592802,4.533470988255284,44.51757662069775,10,0,7.5390259857551145
9.401620799837978,96.15648053999577,5.866450652336901,62.340846299258295,14,0,6.630861595729605
9.645308068870381,111.08935551839873,5.20948637636461,63.860397253447466,17,1,6.620876886198466
9.22344960717733,92.2312481884127,6.000211287394959,58.22658149564701,1,0,6.312885522824058
10.265002865232331,96.60038392367612,6.3757528375928825,61.86946366255737,7,1,6.027223223883344
6.111539214096529,79.17070108899506,4.631667369392071,50.14586044523308,0,0,8.205111460230754
6.438187511626086,73.90595033957098,5.2267949863670955,42.1777639619047,12,0,6.551186010929326
3.651184546308813,47.97539593830827,4.566321308952469,26.919485053784985,3,0,7.372808663149991
8.98852665582378,90.73383232676721,5.943886481143656,56.02634405773171,21,0,6.233095389602203
5.949846267228213,60.477721880056016,5.902847609599181,37.7240255214636,9,1,6.340336174608032
3.8448376611571202,42.102028902744394,5.479314552805075,29.367350353468986,21,0,7.638124920111909
10.737778096504803,109.47128657401933,5.885257275702751,73.455482221168,22,0,6.840845616382974
10.558426253475991,106.12463229458753,5.96944895366077,65.52450287820814,6,0,6.205896722216202
9.483446238806412,85.70753628208624,6.638935139328151,57.694783210590025,17,1,6.083735991933192
8.186137691549929,95.83779450354372,5.124995457557553,57.90772423528725,1,0,7.0738761571359845
9.926034049951522,98.81603763102575,6.026977576462748,60.36415474839402,23,0,6.081397106298344
6.430508293055017,77.3050315588895,4.991014036251738,47.05652707897847,18,1,7.317699462389275
9.029602081063125,89.03253033653424,6.085148010686957,61.14193785858035,16,1,6.771277107194699
3.5678319277029176,45.039542410701486,4.75293273875073,31.933805886998833,13,0,8.95047932024052
8.21781421519577,91.79419579415519,5.371460021474924,50.84534998016091,2,0,6.18721093574268
4.713879775605979,59.4309935167347,4.759011583017169,30.532669140816274,6,0,6.477184526177535
8.48788277491192,86.78318103959572,5.868337163883797,60.641365969896796,16,1,7.144463180987567
4.364382770283563,54.335208404821216,4.819397475500957,32.44214721777384,5,0,7.433387245194812
8.02595852414817,88.28930673130101,5.454312977158815,52.56211903935073,15,0,6.549014535921662
4.978777547236372,55.92142066969144,5.34190028180181,43.06499579388968,19,1,8.649712782969038
7.136145669999698,69.54300127596687,6.156891884790587,44.56268458607107,21,0,6.244643347656461
5.071337734703734,53.894637855646046,5.645835581959428,36.48962035457187,1,0,7.19526528569953
8.697185389398204,87.99929496034598,5.929946638766123,55.7924381862656,13,0,6.414999300150152
3.642382287593475,44.937793263874205,4.86323251282783,27.358398599317987,3,0,7.511127728823244
3.8736557588053064,56.41718451789525,4.119655163837467,32.08449154820973,5,0,8.282742077758884
10.661866446557735,113.40169262855919,5.641114977787892,67.09583851002878,21,0,6.293066870265589
8.009150044283693,79.1859678547372,6.068613110072296,48.26759202240943,17,1,6.026556095906716
3.9379098145407365,58.46032210134733,4.041623110848354,36.964516749437244,16,1,9.386836796755915
11.635155030370955,116.24341722242403,6.00558137831127,73.45322195754144,18,1,6.313041963412463
4.939594791539588,60.49006709985741,4.899576107315541,32.22355293086249,2,0,6.523521521654806
8.648239773752096,84.20023689551917,6.162623830488764,55.09532100210112,12,0,6.370697672989894
4.278053742242013,47.78906366443127,5.371170825545312,28.78163054119344,5,0,6.727739358905239
8.24010400704122,92.38856676745908,5.3513790474408784,53.715762734202634,2,0,6.518820962490544
7.29576877584759,72.38868460711053,6.0471623282937355,44.599952151994195,21,0,6.113125774989047
12.72557010947045,126.861158719105,6.018660197317278,78.05391384281137,9,1,6.133628055274565
5.56254298251021,64.8883513304228,5.143489888517683,43.23788756754151,4,0,7.773043319124079
19.22143071645748,178.85525564609958,6.448151824341424,107.8642182623482,20,0,5.611664389269127
11.451267488753468,104.39621826060215,6.5814266146123614,67.08258011799471,16,1,5.858092144286903
7.311057810049665,83.24382698912765,5.269621598010781,51.25861384631795,7,1,7.011107719030572
9.6591536014663,116.11267787113007,4.9912656112470515,71.19280547329616,19,1,7.370501434254942
5.675259603632309,65.8305335069333,5.172608485423793,42.109946750004,17,1,7.419915508896293
7.411651010093599,82.6093413205078,5.383157080024063,47.07657306115366,6,0,6.3516985617701325
2.9354793128178067,33.11488057168004,5.318719431520292,22.54984482070587,6,0,7.681827196751718
4.932586552219156,65.21132730494122,4.538401614633661,35.08974411441442,4,0,7.113862826923462
2.0818369067595097,28.475935647912273,4.386518355358358,19.37224436249958,7,1,9.305361193088613
1.6943294345428208,34.23126884000728,2.969792517704045,17.198607365355286,6,0,10.150686764168722
15.708421359255585,157.0195782005587,6.002469834376242,94.45126755734424,8,1,6.012779094551882
7.3618872751786935,82.04716705049218,5.383650068489134,44.83943143980424,4,0,6.090752243787359
4.5832208758854875,56.80882493658915,4.840678413258518,28.57571830402308,3,0,6.234855154891961
10.350018382754731,108.5187762175425,5.7225221718349655,71.10746788800168,17,1,6.870274550089825
11.858027520195458,120.42258904979778,5.9082075616021825,71.16357689537944,8,1,6.001299691215967
8.101206246317929,90.72643459109466,5.357560637864927,56.544572236524544,2,0,6.979771964480544
1.5736175322330064,21.806265209499227,4.329813061837407,16.376159177986658,17,1,10.406695936304446
0.9280670691813637,18.91968139968398,2.943179801738729,13.580805819644967,5,0,14.633431430364645
6.837097947296767,82.34241190684412,4.9819511881908936,55.4796681855409,9,1,8.114505395886027
4.855763165038927,56.73930660568885,5.134814070377174,31.916077019672564,20,0,6.572824072118168
10.285599670880533,102.61475810367165,6.014105491817656,68.70219813656466,7,1,6.679454804280088
6.817546209713895,79.56713215544544,5.140976701079189,52.828443171259075,4,0,7.748894036975815
8.396490583744757,92.59300296691657,5.4409017839575755,58.230857138052265,16,1,6.935142314193109
4.142661407761504,41.48503643976937,5.9915503467512945,28.866366273625772,1,0,6.968072799660394
4.584540522367221,57.64045388607653,4.7722114035691,32.447241117085696,12,0,7.077533933614705
2.8338035814430893,38.32825833105004,4.4361059513326255,26.817521140017718,19,1,9.463436815321241
9.412159693992859,100.98084653353145,5.592442537625676,58.34028780199009,10,0,6.198395447882671
2.6168605756694507,35.61597413819503,4.408461044219642,28.744450116903685,3,0,10.984326174714226
5.685763927036318,65.95768072563413,5.172192713101181,43.553869708081635,19,1,7.660161460622569
3.2118755208828325,29.920884535006145,6.440736437036298,20.790348622192102,17,1,6.472962132877915
2.379109626030931,28.042375674800667,5.090388175996452,21.600788523775144,9,1,9.079358213438757
10.329762809697783,109.40847228118534,5.664879105422348,62.327673143747674,3,0,6.033795188911137
10.33627652472163,120.75510680877557,5.135820818455257,75.15982404510936,13,0,7.271460265729831
1.7369857295140378,29.836523362617335,3.4930056194623575,18.00765979430421,18,1,10.367189256841087
2.1834923203626104,27.494602697334045,4.764918433771719,18.57194980083059,0,0,8.505617183827038
6.838402046078312,74.35807976321219,5.51794941546745,46.047274429785226,11,0,6.733630769222237
5.11342651171286,52.66029289025108,5.826127692494662,35.81516336835737,8,1,7.004141603740434
2.3636488497571304,40.771780033611336,3.478360053657591,27.193414021474318,8,1,11.504845156787352
13.39899547052217,132.8794380636365,6.0501439496329,80.07202237068405,5,0,5.975972045579293
8.49607487546868,94.78392208478034,5.378174708492832,58.49898835897439,15,0,6.885413466385832
7.293835953912975,76.72379375057157,5.703969210092903,44.19646775728987,21,0,6.059427170634333
3.159176413146733,47.28435097787568,4.00873821610652,26.231800817443997,2,0,8.303366886471377
4.980129914616283,47.07959682289464,6.346863929209942,27.094847691765505,0,0,5.440590538058916
6.2550988571117525,68.44275752557623,5.483501030572269,43.12299319924365,9,1,6.894054623967268
6.504767866406017,73.78044255599833,5.289830996718939,43.759645373892795,16,1,6.7273185258293715
11.55324102083602,114.3690639316502,6.06103116892197,66.1725927462594,1,0,5.727621593535403
3.4744596199914133,45.42719685127776,4.5890477874295925,26.43245502414756,18,1,7.607644904565875
6.278429136270202,70.56112636546399,5.338715062810988,43.56276508871253,17,1,6.9384816079315765
1.6199851407589307,32.872866427244304,2.956818769080002,21.577230341328875,7,1,13.319400158954775
4.414769648594836,55.46208515812132,4.7759866611669,36.08029411254981,7,1,8.172633451902456
14.429440715414616,144.2225351724361,6.002990045139235,87.72652968077476,6,0,6.0796902257659005
5.148750380677438,63.615535316621106,4.856125493609296,41.481107313608995,17,1,8.056538819454516
8.473402526070275,80.14231208019295,6.343766961146456,47.93396129890524,3,0,5.656990937398044
15.806041192153769,149.73991122018472,6.333398115447715,91.69707032782104,8,1,5.801393860300713
8.38915713718264,79.1908598550897,6.356155611291895,55.05856719578847,6,0,6.5630630461976285
17.40354922381169,171.92355431441496,6.073705011467118,109.8780966254407,8,1,6.313545312648325
8.757737398395598,93.30252009053828,5.631833345914337,58.18308697555584,21,0,6.643620872465858
7.160810504169543,84.75906495970426,5.069058164509412,48.34357561193206,0,0,6.751131814447949
4.925332147846689,58.43798524428306,5.056983529385311,36.32427602669842,1,0,7.374990140021129
3.8328817897145373,42.70572737453426,5.385060073230523,29.093608735999354,9,1,7.590531180500134
10.67781654929157,108.90435381435901,5.882859321213127,65.82320626398428,10,0,6.1644818451532
4.287711216078552,39.3368725540954,6.539987961954267,27.477544694226598,23,0,6.4084410795177025
4.073281178250046,46.21017295089792,5.288810993083588,28.590154187877953,6,0,7.0189493277654815
4.321099319190044,36.80727728238308,7.043877686532768,28.93695176123917,13,0,6.696664349446883
13.41481760819836,134.70448230862345,5.975221037172381,83.212514263161,16,1,6.203029865445679
6.3561363971573375,67.52943691682472,5.647436158829035,44.90520257719573,16,1,7.064858236408951
2.9046297922295676,37.34801409553279,4.666320064247258,25.675993932183392,8,1,8.839678640242386
9.442792608016418,91.39562829853591,6.199066268578418,50.736921878892204,20,0,5.373084423756095
4.108492456049434,44.963292867983284,5.482462062703964,30.422633584157076,8,1,7.404816708221559
6.0603922862052935,70.69922892118123,5.143246153047892,42.93465346146925,10,0,7.084467709985937
7.387557149298344,69.87159480656398,6.343828707288357,42.24808092590819,1,0,5.718816121770487
4.876964822342376,58.926809539641155,4.965785380654167,36.98575844919663,23,0,7.583765681424908
5.343559261273898,55.224701189743314,5.805618659209337,33.35903602697947,21,0,6.242849455931124
3.727543425201422,35.46187535480265,6.306846529530643,23.472760262623844,5,0,6.297112490743275
6.096014753193247,74.22219608343372,4.92791785331224,43.30133599946823,12,0,7.103220341910409
2.5904161401928087,43.288829799803985,3.590417415540124,27.507416042789345,20,0,10.618917793162733
13.215124291160317,127.69931121084993,6.209175679580721,79.0917704231399,1,0,5.984943363419208
4.006195570537262,44.76011076162942,5.370222060270106,33.008289276921005,16,1,8.239310511866583
11.619251633541113,115.06801690971662,6.058634855586855,69.63595901134495,18,1,5.993153535837705
11.004383381604061,106.17905862527583,6.218391945123806,69.50128347924986,15,0,6.315781727073831
5.226425887504369,55.23474886871589,5.677323780281948,40.61690821253214,18,1,7.771450143326687
10.092668383871674,105.53438118500006,5.73803623267344,64.83972414306237,5,0,6.4244381839274345
4.208912351580528,62.323573882665556,4.051993898332437,31.345847699683524,11,0,7.447493575843306
16.686447911282986,160.04977241029408,6.255472029728327,103.56167004841596,15,0,6.206334062169695
10.70949330578636,114.52406490304232,5.610782318032372,65.30226398557181,23,0,6.097605378798722
13.38745908715391,134.60448318539414,5.967465022118926,81.29324639868152,1,0,6.07234321833987
6.162596484103521,57.429956907242286,6.43837831261863,35.44462555406859,5,0,5.751573325545223
14.072211672246217,138.5032885721223,6.096120236849877,86.35489995754065,7,1,6.136554933141978
2.7763762085251464,36.08707313836031,4.616128658392987,22.732230016789387,20,0,8.187734049509485
12.555635409230211,133.78794662156255,5.630837034106909,80.715887062059,18,1,6.4286580831043505
5.061034421400443,66.58023009768186,4.560844335300656,44.108719205081705,20,0,8.715356492848422
8.940746544959374,94.72751706111472,5.663030229658272,55.332323553497474,15,0,6.188781135361991
9.18563651763797,101.95628378339478,5.405632400541063,58.195317869563155,12,0,6.33546926854969
3.029001603648055,38.38285403273798,4.734929196871898,27.95890990982821,9,1,9.230404459395197
3.175066117932111,47.29173131308107,4.02827221136716,27.048667946695193,12,0,8.519088088884185
6.749991282238946,73.35194633476674,5.521318753915307,42.88400822721974,2,0,6.353194609311448
8.85285299394651,98.26172470226105,5.405677350425828,57.01172595327805,2,0,6.439926879194999
3.398537655080782,49.783301022099145,4.095997154032211,27.871430253418033,1,0,8.201006751168551
9.348952398043973,100.43927626736911,5.584838568424419,58.52973327975735,3,0,6.260565974429732
5.562855327870641,57.61617075715624,5.7930146222149315,39.29017563470414,7,1,7.0629511858514755
9.009943394802221,90.56622701820555,5.969075023733327,58.2795358765765,10,0,6.468357604798893
11.452909425689706,119.5897167055883,5.746100789193285,78.5943062797704,23,0,6.862387831643693
8.279225783094073,91.87379447019455,5.406912274063088,54.31780717444494,22,0,6.560735097400078
4.635215462597123,54.66728000620743,5.087374526851306,31.65872183527639,18,1,6.830043196640944
2.4020118448804886,31.744359829684136,4.540041489766069,20.445070845275808,5,0,8.511644473715343
6.070543233369151,67.78322178109767,5.373491911883725,38.718664546662204,12,0,6.37812186787991
8.171969372072082,83.87687032939763,5.845689764040653,50.78020033391469,11,0,6.2139489297962065
7.62091147145899,78.9507343791309,5.791645788774395,47.593814902481874,15,0,6.24516044842209
6.853423642806742,85.44101358291107,4.812740407970174,49.83744937153902,1,0,7.2719055422537195
2.991148797316616,36.067417100066024,4.9759295860048836,24.03689281622111,1,0,8.036007047788729
10.781705021979908,112.08207603717271,5.771683789156844,69.3912155388432,7,1,6.436015027064846
11.725328295898159,118.44550026968737,5.939606790904278,74.57084630511156,1,0,6.359808819271908
2.692583626656805,28.873969688387323,5.595178610455607,20.579973574083866,8,1,7.643206833147313
6.052699448347779,58.90818554525049,6.164881222184357,42.66513111728079,9,1,7.048942621614427
3.2295438984013045,40.57919052966902,4.775172480643831,32.5945143131149,23,0,10.092606057855384
4.319580536321784,39.16005619775186,6.618346788638828,29.883773312978608,16,1,6.918211863790202
7.599514974130096,91.37806942769261,4.9899379720274695,53.11879675155326,4,0,6.98976144298389
5.316237643448643,57.67645052890015,5.530407223084731,42.28392009900769,14,0,7.953730238360472
9.41178879936065,94.0469497685267,6.004525711376354,56.49079297745155,2,0,6.002131388805602
9.232508176944172,102.43095592838434,5.408037888506581,58.65008643683742,23,0,6.352562631171128
9.306506186519806,94.9142390514846,5.883104334727892,56.286209262705306,1,0,6.048049411306918
0.6411749428531215,21.676833527512425,1.7747286070338733,18.082328158562383,5,0,28.201863407355006
8.813348311265717,87.88462712005055,6.016989728517594,57.710805970022044,12,0,6.548113603572532
0.9822516292089927,21.112865286265226,2.7914305781546016,14.106044696471901,16,1,14.36092776739042
4.674081675639465,59.8776040235343,4.683635978957037,32.668497852943815,12,0,6.989286905961995
9.612556153554655,93.34212575418309,6.178918302462512,55.34971064913793,22,0,5.75806369970281
10.916114920328834,113.4114448807861,5.775139324855679,65.930050517196,4,0,6.03969919686499
12.764687535697336,112.3831185887958,6.814913678843184,69.68257792982766,23,0,5.459011647167664
3.680974989973897,52.72180354404616,4.189130199499316,30.265331571624927,5,0,8.222096497275997
7.295135943085503,74.31772508498376,5.889687232549199,46.50802503828077,17,1,6.375210195001526
11.254049245307876,112.77249831605255,5.98765625308804,76.21264480196135,7,1,6.772019842878909
3.938687492985049,46.86046578001404,5.043083666485744,35.00183697393612,16,1,8.886675329351647
3.4624817790588174,37.313195196292405,5.567706159995964,26.67615443936494,0,0,7.704345074305672
6.426266222207655,63.5266139852965,6.069518728350649,40.25004441787571,17,1,6.263363985572382
4.436612832935097,55.057582574237635,4.834879366836999,34.432398220700804,19,1,7.7609652943102585
6.170973095282942,70.94877075765045,5.218672314728599,41.866878505722816,8,1,6.784485665271435
6.1181012831416925,61.75127070075653,5.944591468690284,41.46290965186953,18,1,6.777087814175251
4.698787491128593,57.53546980451041,4.900059918266528,34.480752019772474,12,0,7.338223336312366
4.6924417017061515,57.57934036579257,4.889713920196863,41.824067931084784,7,1,8.91307140073317
5.1520282573710565,56.09893973340108,5.510294791867762,32.3703271579187,13,0,6.283025934806581
6.8627062760925,66.00338386972439,6.238504034554879,40.40010966875772,13,0,5.886906424874825
2.362027037157038,33.03298345360712,4.29030645773979,29.669581537674357,8,1,12.561067706229558
10.228383522800634,106.24594303414547,5.776248898000795,66.48225953994606,7,1,6.499781650907684
2.053956955097349,30.132422349986438,4.089860943618973,21.828886836718734,10,0,10.627723615407575
8.248675799245898,82.68311781079088,5.985750913352259,48.01829682742955,0,0,5.821333993005208
5.10657469529781,60.76098865000152,5.042618438662632,35.85530862590714,13,0,7.021400990946653
12.963607358968483,136.26441323960736,5.708140687990169,84.46735962963334,14,0,6.515729556649764
8.149490233830965,80.72363091805656,6.057326813336929,47.109672122159225,12,0,5.780689438290621
6.798183857976685,71.3956095555958,5.713110848377534,50.32793093738681,17,1,7.403143543747241
5.019425590160701,73.63368591912277,4.090051063591114,39.34532766031534,11,0,7.838611600785912
4.299242726232561,52.4383905145944,4.919193000444225,32.63708845715493,8,1,7.591357486753234
5.526957108766559,54.14177247637593,6.124982824873172,36.25298003686464,19,1,6.559301858768206
5.951834064443013,62.70101111486355,5.695443143849499,39.08801696423625,5,0,6.567390243244995
13.330993455765176,127.43741635672347,6.276489513150042,77.61039681848906,0,0,5.82180143408032
14.440873822537311,144.25022371560567,6.0065933142709,88.26794029965569,6,0,6.112368363879709
6.578674687657466,73.05443523521126,5.403100851968506,46.43777162060979,17,1,7.058833857180031
8.8263019851479,87.61779475512483,6.04418452426182,57.69371689541389,8,1,6.536567295396831
3.373869936773897,53.50269537343954,3.7835887480713293,27.001394044550985,4,0,8.003092754182985
9.826758827611801,100.95162940260154,5.840475613378399,60.75556504694998,11,0,6.182665730661411
13.542739161548962,131.1502722369402,6.195674136496899,78.4517934224653,4,0,5.792904410741993
5.737919377332487,56.314543726972644,6.11343251414916,39.78129690497418,18,1,6.933052608255396
3.240172860424036,35.79296322610936,5.431524917267216,23.664128006379368,2,0,7.303353563452316
11.036764808533567,103.85474035753772,6.376270223508882,67.28024043932905,4,0,6.096011069050627
8.518269530543552,87.5210174441626,5.839696415306034,53.508847713940106,18,1,6.281657033987477
6.473085066053249,64.94798353807076,5.979940912800381,41.54997441513705,16,1,6.41888280335404
8.330536646529753,91.67873379864233,5.451997187151239,54.59718308879297,5,0,6.553861462398882
7.896052185099249,79.55787683744913,5.954949402105553,48.457034885539336,23,0,6.136868621129846
8.209410228783907,90.92589800887913,5.417209227660686,51.49766213790854,1,0,6.273003870283761
6.692112539025986,75.17781681773167,5.341027038801343,45.2814133408781,4,0,6.766385513813947
2.4675740439591247,38.08121169169658,3.887860602655929,21.266548783253903,5,0,8.61840350254802
8.459324273984961,93.51441279632243,5.427606732072193,55.7416372029595,12,0,6.589372318351985
6.037818735964652,78.30030929706734,4.626662747696803,45.788527829959655,12,0,7.583620812797405
8.766040112634242,85.80037669268265,6.130071067658966,54.7286284090826,8,1,6.243255529963159
3.9859471942048845,52.949520408258024,4.5166949541434205,31.115254098251093,5,0,7.806238412663657
8.332927754259943,89.385063746872,5.593503481425811,53.455834133515225,14,0,6.4150123113917115
4.145215750988801,55.686624561984715,4.466295937590651,41.00785253257887,9,1,9.89281499347696
10.8755570630655,110.54479872387766,5.902886714858913,70.62796609664862,21,0,6.494192958309086
3.484882150878006,50.42000717911731,4.147022992477505,29.709027005827775,1,0,8.525116695364483
5.785440912450823,56.31934940877245,6.163538080448422,35.800822087510554,21,0,6.1880887955252915
4.830844646567012,49.45175039457146,5.861282492152976,40.40255706901027,19,1,8.363456087895916
7.646256860904238,77.40105030081541,5.927250468452895,44.336649961941305,10,0,5.798477708568386
8.894038050206056,91.59784418188846,5.825926229799629,52.41750380378837,16,1,5.893555155475635
4.25045607477085,50.532240474657485,5.046824801171248,35.54461550474652,18,1,8.36254154365371
6.3619631449682785,64.81750470966597,5.889115762908607,39.04536361139119,21,0,6.137313706740417
6.911155634462952,68.25516578646919,6.075281384049918,44.18710373967187,12,0,6.393591184566853
1.1369605703447265,18.30090430413297,3.7275553757896938,12.085095171468703,1,0,10.629300159287407
8.949071410686617,82.28580234538512,6.525357587052936,58.45081513469185,18,1,6.531494995658686
3.965160370460083,45.9576337424632,5.176716093800649,29.046671528061385,3,0,7.32547206525497
10.393662451976232,105.19252371121677,5.928365677684344,64.16793178903929,21,0,6.173755602082163
1.6905743087635252,29.861387477066646,3.396843452224466,24.335854920602138,19,1,14.39502232729493
7.172437357523914,77.55316652820296,5.5490479720764885,50.780911297933095,17,1,7.080007641288596
13.059299100783008,140.29408081351596,5.585110515735261,81.41153426367936,8,1,6.233989560649399
7.1896001754709165,81.5806416408457,5.2877251496422915,43.169323425676225,1,0,6.004412258272575
7.28755658381293,82.01188937197483,5.331585436906107,48.53201245164113,10,0,6.659572641870129
4.387573189972869,53.676369512698585,4.904474609373353,31.423480285663473,5,0,7.16192731724158
6.954906084796243,77.80850581028885,5.363094442466398,42.24470814369831,23,0,6.074087504365768
6.405076607077104,68.32125126541543,5.624964257924287,50.222253907089936,18,1,7.841007530120453
3.5229196087611347,44.304005950964296,4.771017247506202,23.36010899483484,4,0,6.6308947092464665
7.11302323636046,87.54655157494665,4.874908108930705,49.56500988766035,0,0,6.968205816381027
7.591029320655035,79.89893646908527,5.700473365068266,54.69877342454049,22,0,7.205712310411745
2.8711635932758113,29.849281993849388,5.771321924327889,25.777411007035937,12,0,8.978036315104422
11.327325295059248,118.12677540388066,5.753475580619528,77.66541268715797,17,1,6.8564652876203755
8.640935152683614,95.01966832109716,5.456303082526172,59.818532650572855,14,0,6.9226919996031935
10.511404508791228,107.52978116432512,5.86520556164504,67.09750625662522,7,1,6.383305504084457
8.043054334356526,73.11741630197852,6.6001136865709125,50.30290406671544,19,1,6.254204183582686
2.766143965057969,44.61493404296816,3.7200242802922348,23.9115593205608,5,0,8.644365449742489
9.751029678369115,101.13870746351805,5.784746467253259,60.58911934394285,19,1,6.213612443242664
13.975787844926996,135.92053984052092,6.16939332112357,88.3955211800039,23,0,6.324904338905671
4.492864054950513,59.56413130817453,4.52574120324718,37.935158197599904,1,0,8.443424446773683
3.3633402065088713,30.12223110809884,6.699384639415872,26.93156721521588,18,1,8.00738716918878
4.838838715703417,56.22071580862908,5.1641164429579085,31.069884836827608,16,1,6.420938299926578
6.131738104033377,63.94088299463468,5.75381929387609,44.37191323561604,18,1,7.23643320748301
9.749279519919865,108.69639307989749,5.38156561244142,64.22353227848534,18,1,6.587515738702836
2.94779498398515,39.98745225343367,4.4230799681397945,27.582079117367645,22,0,9.356851228533943
3.948717017935422,42.350524892255365,5.59433493867868,24.932774641707596,2,0,6.314145715801038
6.473717889009013,77.09286931569844,5.038378734483633,44.968132951270576,7,1,6.946260822952579
3.8292531082867107,31.70908529314133,7.245721040931402,22.92241926065689,11,0,5.986133225576428
5.236671500081792,62.17745375697867,5.0532833208796735,35.97939102781135,21,0,6.870660309177191
2.65362938967475,28.30291501542218,5.625489928995925,18.53991840776536,15,0,6.9866268740857445
4.117017021198411,46.27852733484939,5.337702720844553,30.641155070062325,14,0,7.442562154174208
7.2808823204701465,76.08387691656904,5.741728168074909,56.120485055733766,8,1,7.7079236534219815
3.0082588711338576,44.53500423188804,4.05289132405185,23.81767829910278,2,0,7.917429755679751
6.644550033694375,85.02141837561601,4.6890890511890255,58.65614464660664,8,1,8.827707572245307
15.258110292131636,138.64567495080746,6.60306654248479,83.13257429769857,11,0,5.448418756061077
6.925185813760205,77.0044977258306,5.395933498651106,44.47816469226808,2,0,6.422667331740162
8.820614770728529,104.60026969854877,5.059613017910358,69.58232311932588,3,0,7.8886024305513125
5.636810690368579,59.293718093061486,5.7039540156900985,39.89316379799148,18,1,7.077258043481136
5.887700016284989,61.17930595622992,5.774207396694511,36.55160658763094,5,0,6.208129912619803
1.1928956929221899,24.151738708965517,2.9635026462406224,15.105338967737534,5,0,12.662749188686043
5.976317610216036,70.75986856740109,5.067548369898453,42.824992508608815,2,0,7.165782560719819
8.065966765289366,88.53928913110894,5.466025429690508,52.90858902174951,10,0,6.559485125754969
5.649267887337685,60.69119838005397,5.584929648574188,39.73117267145459,1,0,7.032977274897577
2.6837950073603527,31.33893328921514,5.138263608258696,18.642545166863023,12,0,6.946337226105396
5.644285372678661,70.69534802133279,4.790373508855598,39.35315742929352,1,0,6.972212570927703
16.46587781187745,155.54547574906022,6.351535870490378,92.38546736696577,2,0,5.610722271989938
8.609408093303326,77.98756250535943,6.623677789169272,53.075015193107035,23,0,6.164769356721571
4.576724328204377,44.470145836104024,6.175006951952022,29.218207060255498,10,0,6.384087169112698
13.653859105432117,131.4278930009616,6.233315680712717,79.9107727611948,7,1,5.852614425280155
0.21978724825501061,22.933118404767683,0.5750301665280321,12.591418164524562,3,0,50.36567265809825
4.380029149144091,44.290090057621086,5.933646750474932,34.903095231227574,10,0,7.968690171399441
0.4005420976161701,24.736387874031532,0.971545481068388,10.593698834490063,5,0,26.448403045618818
7.291398933515593,85.46350379842411,5.118956239411781,48.19323532314458,5,0,6.609600676438083
7.528419262326715,81.10716029140336,5.5692389440920875,54.92911326002552,8,1,7.296234620579467
11.511637264139706,100.31016988792054,6.885625222448726,63.495550837023934,3,0,5.515770639752617
8.219876974621307,78.87453689858896,6.252874981838422,48.86056192273197,11,0,5.944196254224716
10.978892320605988,107.00881336514529,6.155881170166501,69.41732817216173,9,1,6.322798889453922
11.538049723769166,126.22665796832547,5.484443576093627,75.0224718733156,10,0,6.502179629089673
6.315621968733783,65.42559062535747,5.791882266587587,41.17647722211926,18,1,6.519781808659253
5.396692771812366,55.932641925977315,5.789134129177542,36.33251921873568,1,0,6.732367536003753
7.190857312260984,77.84752752294895,5.542262579996133,54.31637911457665,6,0,7.5535331541015145
5.276660783409394,51.03279309188825,6.2038471308929335,42.889206070980734,8,1,8.128096125836016
9.268695294067458,95.27052867331543,5.837290139860566,60.14555590007478,9,1,6.489107041696762
7.2356804847604295,72.32978030906078,6.00224177690805,44.62523568905978,0,0,6.1673861612668075
2.183731136667715,47.780078911767944,2.742227957430026,22.219999768235766,6,0,10.175245200809192
0.8932686757172607,14.533674721657025,3.687719834762133,14.725780149555213,6,0,16.485275427049956
6.8087929993030505,84.8587449869217,4.814207186556255,45.19196918643735,21,0,6.637295213859962
2.6975373504547275,29.4368340864808,5.498289678563501,22.017710765775327,2,0,8.162152328331532
15.411093647791905,152.2764953330655,6.0722806684317705,95.17368027643033,11,0,6.175660368533727
6.566669365152798,74.10190828561029,5.317004258386663,48.70948779474266,4,0,7.417685448460104
10.047297255144658,103.27626276244018,5.837138362523332,60.515841042892234,23,0,6.0230965110448444
6.6069697394526585,71.94513238090624,5.510007018520216,40.39554566921192,12,0,6.114080624283049
4.386486648272713,56.64711903908162,4.646117990833479,41.90183104791639,7,1,9.552481155828039
6.012145291047159,68.61351532395025,5.257400320617497,41.745483884417254,22,0,6.943525457806473
8.895754491307436,91.02437622659922,5.863761902083485,61.79637038292505,15,0,6.946726153842253
9.328079229823576,91.90611366408324,6.089744539031014,52.684466378006455,4,0,5.647943706306072
5.965633582553395,64.69624617350391,5.532593251133569,44.405632981256375,17,1,7.443573656806791
1.8342379262676423,27.43961340127715,4.0107808359623665,24.387952153707705,17,1,13.295958939924974
6.258964860550412,67.1440943811801,5.593014472740952,47.324855671913504,12,0,7.56113138934475
8.793390595678005,91.59771249667435,5.760006678767618,49.633516569079994,1,0,5.644411678184193
3.6591690431126414,36.476588702957926,6.018932975740544,32.63739539294457,17,1,8.91934617078577
9.706198198915459,93.19031149851298,6.249275086329337,59.823221985783405,8,1,6.163404121756742
0.8679842604362278,24.802500923712312,2.0997501738376605,18.64910734127098,2,0,21.48553630672795
6.308708076299165,55.275865333100455,6.847879853113434,39.0291481351478,9,1,6.18655161454914
7.113624178570227,83.20480967133108,5.129720894743867,52.07944704749173,11,0,7.3210849688097
6.713507506530835,69.06804338434014,5.832081388933331,39.61896779764126,2,0,5.9013813210308195
5.9118947355275315,75.22388339352159,4.715439673275369,40.30583305546303,5,0,6.81775215198693
1.2467878362841551,30.578383799890606,2.4464102048884917,16.99900634882611,15,0,13.634241411504973
4.707542671509285,52.40348442935881,5.389957621449965,37.3206291934314,16,1,7.927836622554935
12.807572557394483,125.92585464605618,6.1024350845470785,77.96442411933825,3,0,6.087369309832666
14.997765146311801,156.5394513915138,5.748492797052761,91.74454824226017,5,0,6.11721462146123
7.5422455778908635,87.5196157516212,5.170666379040508,57.247375454892165,19,1,7.590229576017199
5.025072274959231,63.06209162569088,4.781070984564741,40.75301431428144,2,0,8.109935954028058
12.013843922649437,126.98974278197647,5.676290222876749,75.7386616514301,14,0,6.30428213809584
5.88200153693724,58.41288239613348,6.041819505205503,38.074197763322786,10,0,6.473000308522196
2.3231597528391688,34.14022157664488,4.08285531648997,20.39509693673108,17,1,8.779033345341801
3.0503183125135327,34.83060460281146,5.25454843055004,22.91248031686537,0,0,7.511504692107021
8.916087675775016,85.56541188213697,6.252120439546236,55.58760878242706,3,0,6.234529179592798
2.0568368760776385,31.49485837680852,3.918424115078173,25.711538534343152,19,1,12.50052390317638
8.388973156811618,85.01770290380134,5.9203950732264685,52.52996110563762,7,1,6.261786767428707
5.841149890143994,63.57285120005808,5.512872032524466,39.887464770248144,9,1,6.828700773036464
4.883649904354882,52.95263867038811,5.533605153942091,33.97890877015256,16,1,6.957687269894726
8.473720082901892,80.73661806221659,6.297306193607423,49.65967047905864,11,0,5.860433197369944
2.4165712919178155,43.9299001870412,3.3005829036197203,25.53273526293722,10,0,10.565686743168326
6.220867039004273,68.92276251556575,5.415511635302777,41.31493502849491,1,0,6.641346739844142
4.267042901982199,41.75022466162976,6.132244226082636,27.584737202272752,15,0,6.464602732130634
2.4370323000970373,35.02511618144334,4.1747738179750025,27.5584803537123,3,0,11.308213006702859
9.437185926646594,106.06301212380394,5.338629784885349,60.84912694051941,9,1,6.44780418797381
2.3584719250623696,38.978612213571886,3.630409280053092,26.327440194726204,8,1,11.162922871778504
2.90277996576183,35.01268513521781,4.974391346253037,24.909860887384088,16,1,8.581381014474012
6.426655498738832,66.87165454156737,5.7662597488842104,42.13815835655095,16,1,6.556778773161274
6.362972478974679,63.52429893184336,6.009957687972271,39.99558110377737,15,0,6.285675639166399
8.687556046758742,85.7344813960454,6.079856719464194,52.84630601151567,14,0,6.082988786153755
10.17904386007667,99.64607807509931,6.129118610612126,58.02225418108049,7,1,5.7001674203065535
3.85121835745602,37.851334714300386,6.104754381621868,30.470256780032912,8,1,7.911848654606148
3.2239005912564576,38.351224665964935,5.043751201172249,26.432995405056054,21,0,8.199072724743745
10.104574773060715,105.0050444163977,5.773765343876817,62.369678646167834,17,1,6.172419923344861
8.846097872254303,89.1308989447785,5.954903166230792,60.14561378797585,17,1,6.7991124060046815
9.296455936399445,96.97222379083492,5.75203222509459,60.59971003458515,20,0,6.518581968136092
9.715694193425605,109.17284710355099,5.339621225162455,64.4139631462851,1,0,6.629887876655546
11.243994905765195,124.2099460770384,5.431446640573226,72.48792235983503,0,0,6.4468120954651
2.996731154207287,38.56301763919711,4.662598527291516,24.461612077487164,0,0,8.162764965800843
3.771367732981375,51.22340260739793,4.41755237763533,30.473160689944383,11,0,8.080135072337397
2.5029442774572592,33.52662013109735,4.479325862857866,21.111148387560622,17,1,8.434525921211252
12.154324882396434,118.46168025502013,6.15607926017816,70.57182545160421,22,0,5.806313895214044
15.84310630929227,147.8870043801585,6.427788449307945,92.11005806126435,15,0,5.813888783113203
15.707115927735405,153.88371758499724,6.124279881291387,95.72746756223222,17,1,6.094528620190419
10.930188946272587,116.87799420919322,5.611076244194917,69.02171447353135,22,0,6.314777796871401
5.734671691191482,55.9655257667953,6.148075922760899,39.40832536844922,4,0,6.871940974228888
8.749707895039144,89.02480921802764,5.897035650103241,58.38649190644249,16,1,6.672964698575378
7.129123033433133,74.15005781603028,5.768672265465375,43.20334368368636,15,0,6.060120365587402
8.082667146136288,86.22527759852618,5.624337111748151,54.42240061953608,4,0,6.733223035857825
4.275036477271618,52.05192246077603,4.927813930976046,34.67253354570953,11,0,8.110464958614335
19.09735894440849,187.09964397022966,6.124231518296368,109.25597705032176,1,0,5.720999294633397
11.347269225545352,125.50731644611605,5.424673021552683,72.45192591590033,11,0,6.384965798889669
4.4478038726045455,46.807260022340124,5.701428202140055,30.092948146507457,12,0,6.765799259238835
3.195983021048132,35.21113238196799,5.445975982331366,30.54916565644828,9,1,9.558613251465145
7.352661419640356,79.65814605939687,5.538161594289075,44.91060502833998,11,0,6.108074677337273
15.821047949831032,163.10577278549178,5.819922009984791,96.23642069235792,15,0,6.082809495143824
6.340708626196076,60.292109782493725,6.309988470203258,40.51050038889791,22,0,6.388954733155908
4.803255511753535,57.21753377140439,5.036835943621944,36.431130668944704,9,1,7.584674723174307
12.0288440600725,119.05156501401235,6.062336463358565,71.03919408660003,17,1,5.905737386886689
2.941891242162932,43.602750198817475,4.048218833099272,24.810508190104265,10,0,8.433523250119583
7.737528303145717,85.40689539755382,5.435763658516498,48.14923607123802,21,0,6.222818732910198
5.833919667211417,64.79637787579418,5.4020794295578485,35.14996268810699,13,0,6.0251022799750835
4.338210457526216,53.969029976571164,4.822999923559313,33.336799663496656,18,1,7.684458831558473
4.688660486205711,50.248276054069194,5.598592653599325,39.6502134057002,6,0,8.456618584850245
7.249327046115548,82.0452891785271,5.301457611057705,47.99928580935422,15,0,6.621205734548005
2.1163997597181714,39.366739025148064,3.225666863134663,21.38833900617319,6,0,10.106001433784584
5.214838083834633,59.534505808959935,5.255612367626104,37.22975119531221,13,0,7.1391960012564795
4.79095814949515,52.67090707465909,5.457614173271185,33.69713563822435,4,0,7.033485700929198
4.429721126600777,50.99657769376016,5.211786351470548,28.162554138185982,13,0,6.357635917319474
4.865291009993737,60.52585890519652,4.823020538326657,39.12583875233702,4,0,8.041829085242608
10.075750915583878,102.43056246272377,5.90199878239502,61.91290191302167,12,0,6.14474319896721
5.6740064919863915,55.8681975054804,6.093634746060814,42.35003865917821,11,0,7.463868559013941
4.970844178218853,62.45022630138388,4.775813769733642,35.10337798981916,20,0,7.061854431815515
4.346171768092619,45.21853236151993,5.7668900883538505,24.977672184174235,2,0,5.747051317103385
7.10226367143728,78.46733726451677,5.4307414414957735,51.35478873765052,5,0,7.230763473930262
5.133633872842959,47.004533548191034,6.552943069944189,31.540972193934454,17,1,6.1439855227672
4.6255287897472295,54.27866383551,5.113090628499737,35.01596919418201,21,0,7.570154848413672
6.083526568938474,66.3419628051855,5.501971583327618,39.76945055144078,19,1,6.537236272542526
6.3832216771248165,57.64659015845734,6.6438153509986915,37.772518763649046,13,0,5.9174693711503465
8.985079488793545,94.86260244068926,5.683006321323264,57.66787540606733,6,0,6.418181995829018
0.17199852807301688,6.939824612811849,1.4870565554825506,7.1576517562046,10,0,28.6306070248184
7.418054128856654,79.27099873402292,5.614704681907465,46.562650927411234,20,0,6.276935988681973
4.554606669725099,50.52105422444606,5.409158703803796,27.64233573336375,5,0,6.069093938913533
9.031444099512688,84.39965832892243,6.420483882279714,49.89505090283511,23,0,5.524592784173608
8.499057807699934,82.21716399898172,6.202396721788067,49.45945987611923,6,0,5.819405044087381
7.143017703868015,70.49299751540123,6.079767882454495,41.066918858128204,11,0,5.749239405621249
7.669884444292733,86.9234369400128,5.294234591473301,50.646035632269246,14,0,6.603233203852981
9.466109433265682,102.20987816704636,5.556865698124469,66.07385060787807,7,1,6.980042970524107
3.014731406915,52.29959122034837,3.4586099086855375,30.85168057734247,3,0,10.233641546499578
10.70802694628979,105.3009844705978,6.101382812396986,63.56765608219456,7,1,5.936449021004755
6.774023056179014,69.70181187517287,5.831145165905098,44.61459634483502,0,0,6.586129981376316
8.06037926889961,85.35265099506023,5.666171472072569,55.99341544001308,15,0,6.9467469919262514
4.951963542694308,54.43607209949246,5.4581052802380405,31.979163953988817,6,0,6.457875482780576
4.647148126631183,50.32895489972424,5.5401287023227805,36.39033557981902,10,0,7.83068122388411
9.03329801045239,93.6262311880252,5.788953306671869,58.487682053610435,7,1,6.474676467657172
7.2502905716554285,81.47426685192241,5.339323090687761,52.56001064717473,4,0,7.249366094740383
10.116169101354403,90.37267579574782,6.71630158935521,58.68059103326607,22,0,5.800673203990789
8.249401196763081,82.81140586800197,5.9770036098015,50.18604051132204,8,1,6.083597986604671
1.9926090178753664,21.51672331847213,5.556447387594679,16.719969191832096,13,0,8.390993437167058
6.469375725627865,69.30139496208074,5.601078358524539,45.27323070764208,8,1,6.998083374303976
1.6002758552314895,28.99826271295455,3.3111139196278607,19.274445556563663,9,1,12.044451894686306
2.7253880115681515,43.23014306779735,3.782621779382903,23.010448482284133,5,0,8.442999082924795
8.078142194984766,82.1008061075523,5.903578231182561,55.08624311779619,23,0,6.819172253738729
10.155681665799184,104.03877035332685,5.856863723769167,63.153277745683894,14,0,6.218516868085994
0.5362477646029923,6.7334814372414185,4.778340324549997,6.736295871684771,8,1,12.56190946860533
2.2662902684118382,27.233817335043952,4.992962038037069,19.237346426760134,13,0,8.48847417954153
12.17128352739012,122.78440356318144,5.9476365926852175,76.72900624784788,22,0,6.304101459404654
8.644788963730292,81.64901406685688,6.352646676163161,55.96573278616175,14,0,6.4739270120958645
4.764622254692423,62.303672689917235,4.588450775676498,38.394927747483955,22,0,8.058336148195345
8.01721818863447,87.29606214474344,5.510364150452503,52.6414090797741,15,0,6.5660442114947895
9.430984700279883,91.45137285925423,6.187540594799633,64.28312569024197,16,1,6.816162652488901
4.147469523786143,40.434242539573425,6.1543918173715815,27.874981283165077,8,1,6.7209610880319515
3.969902689117194,43.41334050586947,5.48665821545863,26.746372603412667,12,0,6.737286703962103
2.0754286828247275,25.282937956944572,4.925286815224717,14.953332592734938,14,0,7.2049368482192095
1.4965337838866053,18.166817838693223,4.942639257490086,17.53725358016184,19,1,11.718581811508683
8.391463838642247,79.08231270447709,6.366630073149477,55.65094403715453,17,1,6.631851737343474
1.587550857306469,24.905557102498715,3.824570197180276,26.733601315045206,7,1,16.839524347839156
10.29011818694152,109.00462842264689,5.664044730491629,65.16657005372736,10,0,6.3329272676795645
1.759825494458284,23.571936053865517,4.479459363295771,18.909888931083707,8,1,10.745320482417842
12.328979821134615,125.63011955712311,5.88822801312167,71.94723076341273,23,0,5.835619151560226
7.205849376638802,74.88618838567837,5.773440629287165,46.89400542274283,4,0,6.507769309579537
8.704489234842352,94.0143032630673,5.555211664220353,55.114230615222745,13,0,6.331701852718866
3.693236715207351,40.52026489867127,5.468725425822858,24.679036251286377,6,0,6.682224334461814
3.700779060842568,46.992960352527675,4.725106526271665,26.777411196708048,3,0,7.235614652070462
7.450220427973878,79.77277170184324,5.603581474505843,45.3285436915933,3,0,6.0841882639330995
8.17990895859207,93.79309726117307,5.232736223102585,54.343168548421794,0,0,6.643493078408951
7.439078238844127,82.30416328319832,5.423111985171776,48.33848258365271,20,0,6.497912917657857
12.36179822566421,124.79222685751971,5.943542416201052,71.74602946534802,20,0,5.803850552777733
7.652060315954071,72.0492131556039,6.372361318723634,51.581279083250365,0,0,6.740835402944564
6.886670858089262,70.8285477168877,5.833809456844702,52.69763358137923,6,0,7.652120257711927
2.3506366858432397,28.353341645033268,4.974306129990164,15.747033556753243,10,0,6.699050368604427
8.336638771224418,82.09651791708998,6.092808062561435,50.347910771763246,3,0,6.039353767557875
5.272899516196838,59.5491358642834,5.312822199348928,46.759208914884155,8,1,8.86783614427949
1.1499578657132408,23.79454726273591,2.8997177874802342,12.803250744483682,22,0,11.133669438003883
3.8236905844400395,48.092862044923926,4.770384321317746,32.12397446328254,9,1,8.401300720828837
7.14688385743227,83.8906180333331,5.1115731591767695,49.36987014582388,12,0,6.9078875675980935
6.971258459873424,77.64262172265103,5.387189385316442,47.328193462645814,20,0,6.789045870995456
1.4759383291400492,17.91633974347113,4.942767385323424,21.683059794545102,0,0,14.691033742025432
7.543572465508993,81.10739749199138,5.580432388737799,47.40375102140648,19,1,6.283992264692584
14.266260266404723,143.90260700418412,5.948298184475526,85.63344244495711,10,0,6.002515084251846
13.57697933873554,141.76594818319333,5.746223058244302,81.98546365500253,15,0,6.038564367634815
6.3674731183368705,68.38210840290144,5.5869641346712555,41.36263333778062,23,0,6.495925867149038
6.323928454818561,68.04855097635281,5.57595572345059,43.819710341164466,16,1,6.929191349053884
6.842546663489033,80.05629933072704,5.12830099869186,48.48502920503373,7,1,7.085816376487974
9.239698754697477,96.22878892866996,5.761081807781939,62.83283788300323,19,1,6.800312385840384
10.440366818497912,96.3728514378071,6.499984173594029,58.16095450354508,5,0,5.570776919494565
5.111217029982079,47.1237231707612,6.507826656387919,37.989204304518466,9,1,7.432516381455957
7.746964946102258,92.7673461317012,5.010576632280032,50.24874912346485,15,0,6.486249708506371
11.5814843948367,105.95099341791813,6.558589412647115,68.51539979360365,10,0,5.915942849618607
4.240964686443838,49.16541083367878,5.175546728317466,27.967944602122525,20,0,6.59471291791736
9.27358083631669,100.76092937338518,5.522129000191336,59.358970293445346,5,0,6.400868374488849
7.339562894008282,67.46842337596463,6.527109299509411,47.19734439188362,15,0,6.43053885816737
6.345619489517562,62.62121170295889,6.0800032292103285,40.96745611996383,5,0,6.456021541732635
10.834254953316798,102.02785139885316,6.371351432833514,60.16887892000498,14,0,5.553577904458016
1.0839761403575414,32.56254307693493,1.9973430290068883,21.607584188600946,22,0,19.933634499993556
11.958835258655572,131.73844180115407,5.446626707505573,75.86615574472698,23,0,6.343941872584668
4.9799503237644105,52.41452254987661,5.700653271076454,37.36211360003095,18,1,7.5025072884238
11.135067419347857,115.69259631611344,5.77482108998032,68.58407687510356,15,0,6.159287078579745
4.940170286873664,58.309907120214476,5.083359446986023,34.45910440959171,10,0,6.9752867631206295
5.246365095063995,57.53252603749396,5.471372932568548,41.11832712222147,7,1,7.837488694964702
9.119430120225207,84.31421212629941,6.489603513033833,61.23339193302147,0,0,6.714607286393604
5.626612702007346,76.48429841517145,4.4139355281511605,44.04538047938214,12,0,7.828045542155148
1.569064144491294,15.225494646690931,6.1833031276877835,13.52863551086509,17,1,8.622104812197597
6.630158189439731,72.94405413182305,5.453624645642405,38.31424023820732,20,0,5.77878221657408
5.301321967822938,55.82631146893945,5.6976595748466865,32.143988456189085,22,0,6.063391103443857
2.823244142864113,43.45756521015355,3.8979323335921485,21.833673429636978,4,0,7.733540680434121
11.498592855022949,120.56301575223844,5.722447858464155,75.8715879585101,22,0,6.598336763038531
7.39576982511883,72.68904791789127,6.104718691712408,47.087694985190545,6,0,6.366841599810602
13.687722036663406,130.44873714515558,6.295678595078705,85.72168659978394,17,1,6.2626700315927755
6.279486771136102,59.21447256712961,6.362789195513555,43.087155866222375,17,1,6.86157283812972
7.546145352612794,81.084115499478,5.5839385848598475,47.061550070954326,15,0,6.23650193203072
3.211050936707358,45.1647221148846,4.265786374426667,26.87988913563506,10,0,8.371056599680712
12.907966323178659,125.52171229966652,6.1700718162747465,76.63476343421964,2,0,5.937012966683035
12.523280835118623,123.24070221799185,6.096986114035801,71.06652246069393,12,0,5.674752758191322
11.857263288098931,130.16244987692576,5.465752972217635,78.39557060800823,2,0,6.61160747663362
8.73958264878591,96.27366968003105,5.446712072677124,55.561382556930376,15,0,6.357441171936154
6.838053049516212,81.62906579707999,5.026189862210199,51.373776396035865,6,0,7.512924515797743
7.590706655208039,66.86409190818335,6.811464663842113,44.374895438368156,4,0,5.8459505094854665
6.172611380025533,70.83665466397946,5.228319781027984,39.243387093356255,13,0,6.357663665713218
5.178093961528379,60.111080277560774,5.1685252744938674,40.081010515460875,5,0,7.740495018678739
15.377576356411394,142.88627525479347,6.457265260357684,88.23846702650437,21,0,5.738125760612139
1.803239643089289,21.965769657578804,4.9255901464862735,14.652887087735433,2,0,8.125867875571036
11.138593108739002,110.9367231520793,6.024295359870775,66.12044083480156,20,0,5.936157303647753
8.293338286356136,78.58807138369309,6.331753514498632,53.21515784320293,18,1,6.416614878805843
2.444342631892746,29.20688226878476,5.021438322785659,29.402917229823302,7,1,12.028967153044139
0.7130719823644481,15.648089530858428,2.73415606790178,12.977906999595985,13,0,18.199995681450055
11.805476920258116,121.69040775855754,5.820743214377763,73.96320715182547,8,1,6.265160454882185
4.426487964227651,47.59755576461808,5.579893202227969,29.56729172540187,5,0,6.679627723908399
10.395019202789808,102.87174844549357,6.062900277211245,64.25589748820316,7,1,6.1814121008028735
9.515868191666781,103.78882553054592,5.501094058839416,70.3729831828304,8,1,7.395329755035625
15.632098528226374,142.1033331561669,6.600309020639457,86.84896248150486,12,0,5.5558095622724295
7.948167549638387,84.89722635007256,5.617263054176276,46.853115451772034,13,0,5.8948323823273805
7.765936263238623,84.22984864874424,5.531960264317347,53.530496740713595,19,1,6.892986875788472
7.145773078530571,78.81293000206844,5.440051330417253,47.86384654884921,13,0,6.698204102318311
6.091312439841535,63.81368336498341,5.727278651196647,40.92504093398527,18,1,6.718591656258882
4.9333940759787955,50.011369079903545,5.9187270815522055,35.56378554259455,22,0,7.208786688206866
4.674133624937451,63.18429132169323,4.438571860660565,39.813110369483155,21,0,8.517751858242162
3.6404919418328783,39.625454903777936,5.512353537401217,30.71337565145648,9,1,8.43660036670572
1.2001341933158602,16.099030074905308,4.4728192483592935,9.096914413907939,12,0,7.579914366720943
3.8813253933639436,47.05313593306094,4.949288054533438,31.560261397531757,19,1,8.13131036410696
5.416430691575051,56.313141871935365,5.771047941767664,38.508431520258746,15,0,7.109558621354911
12.782651661111926,133.3486884205907,5.75153088306107,78.14772766331492,3,0,6.113577193146878
2.060080094827319,28.949671824167392,4.269644451943423,19.687643304905556,22,0,9.556736825106707
11.44740257585358,122.10946442367802,5.624823250129907,72.78315700962156,18,1,6.358049918078858
7.018910425529739,77.86284184471597,5.408672680759134,47.2977926004101,16,1,6.738623195471309
10.969828206842546,108.39919074381993,6.071905960682438,65.12816893712908,23,0,5.937027245012342
6.284174403662548,75.24167006481277,5.011192121266895,51.178997837942624,4,0,8.144108446149177
10.322168679625804,100.99449590942272,6.132315580177722,61.96137357886514,21,0,6.002747630075674
7.632878771613105,78.7750501261011,5.813677370736993,55.64980282183613,7,1,7.290801345987486
6.882013812259735,77.11307899382845,5.354744410719628,53.99974452790026,19,1,7.8465033638415855
21.054546735061468,202.85066959437447,6.227599872506024,117.38560535355897,1,0,5.575309068899615
2.0091482113006642,26.0402145207463,4.629335621716875,18.87594774435425,13,0,9.39500014891112
2.196045948939208,22.546312368282265,5.844093472319397,17.645210213662658,2,0,8.034991354432321
8.897407077249582,91.96480267442884,5.804877617417129,51.69423091989792,22,0,5.8100332457619706
5.709428628107161,59.02214830540356,5.804019804800418,41.52731887817012,11,0,7.273463175235035
5.562884284037504,62.24383309805329,5.3623474074364035,37.52976279344822,20,0,6.74645757078545
3.206146352048118,38.3294746368831,5.018821232101559,29.235288277382537,17,1,9.118513338827077
8.384392088140421,83.15412180277528,6.049772571485873,51.67684320688017,11,0,6.1634573697926385
19.92354610183791,189.70297787051075,6.301497106314539,111.91014567732427,4,0,5.616979281966314
7.489295006952149,78.96310841804406,5.690729625765911,44.392774771516635,11,0,5.927497144965954
4.626422004082997,57.807855588100104,4.80186157090597,40.865777577877,7,1,8.833127964074908
7.51429461884021,82.16778518503078,5.487036995279134,48.335077931545996,6,0,6.432417197265317
6.635169590612269,84.28306507898849,4.7234895297606325,46.94732774788281,8,1,7.075527928375179
3.7774085049086814,46.84529229712308,4.838149132617107,31.64557387568771,5,0,8.377588453714973
15.915138781899914,151.1986629819819,6.315587109575102,89.36671775066773,20,0,5.615201914060804
7.518311526542012,78.66703290392671,5.734278705330501,46.859045243545914,21,0,6.232655441067944
10.669121628829489,111.43203425162696,5.744733119420934,67.2686540703539,4,0,6.304985209708773
9.659899575420658,104.95965009172367,5.522064660264544,61.770377702798235,5,0,6.394515514423278
2.343650185178761,41.14167202901557,3.4179216394402427,22.990253878837905,0,0,9.809592755876377
4.67765677189385,47.996885182856914,5.847450417759075,31.939498495471877,10,0,6.828097924452991
4.318301404948923,58.548756449355736,4.425338811782509,33.4361587872431,14,0,7.742896025952265
4.610003925175352,53.213911220934406,5.19789335465547,35.091062769031126,6,0,7.611937720355923
2.897863662840159,32.51906749003457,5.346765242382561,17.821244277078314,12,0,6.1497869984718125
4.412631060981188,50.49101189758038,5.243663252301723,35.13483845344947,8,1,7.962333122324739
7.055504732985607,82.76407364061922,5.114903911295312,45.327597006111304,0,0,6.424430104085619
5.284418232210233,62.30341742093354,5.089048194426685,37.12013386062446,5,0,7.024450418092436
3.9678115430631333,40.438043000898965,5.887245645851249,27.90813068467662,18,1,7.033633120370345
4.855551288894693,48.4727011486815,6.010250521011168,34.24059479627481,21,0,7.051844941806652
6.295864163896812,61.269005314662046,6.165464053052129,41.2347982053081,10,0,6.549505696416727
2.2940753714493685,28.25744938826086,4.871087988010146,22.23615835073921,13,0,9.692863027726364
6.166867167498759,67.96650240981427,5.44403517807761,44.790321431231185,13,0,7.26305921867259
4.1895418058391325,42.948789304859204,5.85284270916358,28.77905091086645,7,1,6.86925975312048
6.01373687669288,63.5536742157718,5.677472106121424,41.825786953896504,16,1,6.955041068723589
3.1271753418740276,48.556793698875865,3.864145595692112,29.55563746324275,9,1,9.451224901745002
2.5307284098697074,44.483404851271146,3.41349105581884,23.233191837128526,1,0,9.180436646824804
10.586369922974367,116.5801690683019,5.4484583480602256,68.24782390296005,9,1,6.446763564803242
3.005387249199398,28.27906263002155,6.376563371677305,19.926847306645953,4,0,6.630375939724322
8.683057457741855,100.18985032023635,5.1999623295103685,61.368365588410036,11,0,7.067598698623572
11.063375558833297,112.12056397366297,5.920435199433393,70.53064760065209,11,0,6.375147189533715
6.330748455093389,69.44455424913423,5.469758016487504,40.68247516943924,11,0,6.426171480041709
11.458267435138902,121.29782600514926,5.667834855334909,76.83078560464133,4,0,6.705270761007505
8.646448533621463,94.03879160001654,5.516733075685296,55.2538358134544,22,0,6.390350396304503
8.877656116527506,80.6868368068179,6.601564617868891,50.693045728638445,2,0,5.710183528540079
9.466155275945228,93.52060028594617,6.0732000737816625,66.35638298494626,7,1,7.009855749310044
6.866221286748918,71.59958044769098,5.753850436399042,52.32591921570065,7,1,7.620773789607414
7.367805656859794,70.3286521698957,6.285750199558292,50.44612564464965,10,0,6.846831742593779
9.200573988786337,100.78810712387535,5.477178360425926,65.11689990652442,10,0,7.0774823381550895
7.677141742753391,89.72785333202569,5.133617794919382,48.56571045813913,23,0,6.326014561862334
8.567190337931418,89.0413408475301,5.772952376762683,59.393648091034706,20,0,6.93268688429485
9.066633928965565,95.39126217480126,5.7028078184045405,61.338715665556386,1,0,6.765323950004748
17.182571381792265,166.57544752444545,6.189113090968825,98.57725994888683,14,0,5.737049348349893
11.22655164521053,113.6338850792104,5.927748560590817,74.89092457819707,12,0,6.67087516674339
14.061050592046593,145.25554715586992,5.80812954852239,82.32647311350443,22,0,5.8549304388443835
5.069255322477897,47.03030658601837,6.467219574517851,33.43184748868564,8,1,6.595021430552813
7.570372090403706,83.04996851539278,5.469265474074625,48.87975328820439,10,0,6.456717411574122
4.197784353902081,49.851181361353106,5.0523789879407675,30.019287779232297,22,0,7.151221989602121
1.4177597765147438,20.479007667573242,4.153794362095909,11.75871323929354,11,0,8.293868562274913
1.2330712616103896,20.0775260845852,3.68492987556997,13.68993279177114,14,0,11.102304642062702
6.6340290658230465,82.70048450086885,4.813052140525258,52.29253467794491,7,1,7.882469937815575
5.310393422482741,51.82853603494995,6.147648182346969,36.38991001311907,18,1,6.852582684185738
7.355480016428312,77.18797670402974,5.717584782380471,52.01109857389584,1,0,7.071067891929573
12.117925027752992,130.83824593424993,5.557056321517459,75.4644784736806,23,0,6.227508282222296
6.509930577555455,62.96859674407267,6.203025870829727,44.7155312259676,4,0,6.868818444874836
2.0605232341130835,27.80771724503498,4.445938260856676,20.93411864520686,13,0,10.15961300442098
10.993484563461509,111.1952173777783,5.931991405410117,67.7602745107485,1,0,6.163675777192603
5.6451330795383186,65.28215945330619,5.188369802848876,39.1140519661015,2,0,6.928809545319063
2.370492414381521,32.85255769834973,4.32932942904582,23.56258252085033,16,1,9.93995271948507
3.5166629667459026,38.27778546567032,5.5123298131756,27.21431683152792,18,1,7.738676435265654
4.130509548222823,51.859000956138765,4.7789307222285125,34.34209500568613,8,1,8.314251451243354
8.693777570992262,89.64038139699731,5.819103467993596,52.78866854332832,1,0,6.072005881478205
9.722172576101078,103.26608952724206,5.648808405901528,70.45328364840326,0,0,7.246660465747196
7.848404885850416,88.177808405788,5.340394614753373,52.00448473986492,22,0,6.626121549057922
10.729338745942927,99.64661143787191,6.460433681259197,70.13352073441816,18,1,6.53661165847128
6.40054284047542,75.80366437293276,5.066147838700682,56.04603284856718,9,1,8.756449920801435
3.2913698814044605,40.09455379909322,4.925411911897468,23.766506081015997,6,0,7.220855430224266
10.092758814594381,107.78609415488157,5.618215722758307,66.40824359076703,16,1,6.579790997753662
5.13599151900007,61.18715846095016,5.036342574016942,36.94583464689872,21,0,7.193515509171193
3.9960328121438673,59.08878886834406,4.0576558315122435,34.83986113223243,15,0,8.718612376343547
6.79240523361323,73.1691715501509,5.5698910536038895,46.8150165704369,19,1,6.8922590688149485
9.337780146587454,93.62012803242271,5.984469585442294,59.22396296381851,20,0,6.3424028017475065
8.115217948940847,81.95916460221825,5.940922888851314,49.02093410974918,7,1,6.040618307256568
9.465281051109438,90.96496523955253,6.2432482832371825,57.44139607092015,17,1,6.068641360014066
7.455391827581523,83.94713824527473,5.328633220919483,48.90156875289643,5,0,6.559221820103821
1.968577302131512,23.10867892214057,5.111267438777054,19.585625412432922,5,0,9.94912691070157
8.122037259044061,89.8943045717786,5.421057962059518,54.36757758071077,23,0,6.693835037529693
5.275837564568181,58.141554071350335,5.444475279859663,39.724110319355994,7,1,7.5294415025469705
4.579901629895505,42.639762979881034,6.444550311487144,28.785749194481063,19,1,6.285233072819915
2.2349851162764995,41.044495346697026,3.2671642285737432,23.933908946492316,8,1,10.708755406105958
6.119898569280443,46.82417106604227,7.841973617406379,34.86194329752518,22,0,5.696490375268446
5.7093966104399785,62.894016756421834,5.446683393638092,40.52233344444901,6,0,7.097480908989833
4.1382471241397525,50.64797633299864,4.902364229044504,29.19987733448921,0,0,7.05609801893095
8.022323228771898,70.36462101355458,6.840645011554766,43.703261520345194,11,0,5.447706390538385
7.04959776653628,78.09390242185073,5.416247016410181,49.715429813554984,14,0,7.052236377165949
6.020606651940659,62.166732305373856,5.810767040834367,43.233069037576165,9,1,7.18084929591615
6.226783823305926,66.5499420196284,5.613934709186719,42.83400851763406,6,0,6.878993993225321
7.774433794408728,90.027967838758,5.1813457402479,60.286553050185816,19,1,7.754462208365981
6.606337741906569,72.31336040604614,5.4814250408041145,46.337667470560824,8,1,7.014123298090405
10.047960273729723,100.32826277521504,6.009050687686356,60.58299775367112,16,1,6.029382690939242
7.495026677535292,78.43248255334711,5.733614263022285,48.370597196954066,2,0,6.453692465423023
5.740378034161176,74.32002307229766,4.634318825690086,43.712279694420694,20,0,7.614878224794168
5.557437015666369,64.44461246829276,5.174152006950778,41.112868706282164,17,1,7.397811003594882
7.642612896837543,75.48093956984229,6.075133357156363,47.13582763522228,4,0,6.167501647862701
5.058583280713522,54.597346211418945,5.559152924164136,31.674470960094567,12,0,6.261529998103901
3.3946623366404363,35.41153212583697,5.75179123779898,28.199191430223262,17,1,8.30692087570951
4.4513882111540575,49.352233068758494,5.411777260354922,30.347916353036204,19,1,6.817629672692211
6.658982450092616,81.57820334841291,4.8976188565855425,51.66894890193069,10,0,7.75928594033343
6.393813915665782,68.54632302654218,5.5966362308216,42.47266784509482,2,0,6.642775095632757
7.0178447468467136,67.13852551260248,6.2716701267406325,44.719745773255674,1,0,6.372290551646834
4.734511366730005,57.19616689932135,4.966603487674816,36.04189690821259,23,0,7.612590638494068
9.677582459808415,96.7427739110432,6.002049808106888,60.92904360910597,2,0,6.295895060791057
2.9253568628655984,41.69667207748407,4.209482508478568,31.425371327205983,8,1,10.742406072270636
0.6211500610929115,16.135957943508735,2.3096864652257896,20.161969300661447,20,0,32.459095737971154
8.374907219267396,96.04578692833817,5.231821709482849,57.7164567274304,22,0,6.891593568302146
4.411160223620632,46.23656600421144,5.724248928718682,28.681687722584773,11,0,6.502073438412345
7.421269228101165,71.80044967655657,6.201578899462745,51.88018844075066,16,1,6.990743341354956
3.788780198625385,51.72462413555655,4.394943718136253,31.45977621715808,12,0,8.303404939819963
1.93475652473068,17.391474082286464,6.674844865627342,17.908630894257545,2,0,9.25627109424037
6.911854844791433,73.17509624190545,5.667382921048921,41.762489666805514,11,0,6.042153749550524
9.020221267909402,97.98567665483074,5.523391729804236,60.304598358755634,18,1,6.6854899195540805
11.6434913527977,103.62504425292526,6.741705021256391,60.83972756985915,15,0,5.22521344555648
4.030469479150934,48.66208377106651,4.969539937639131,30.115450177941945,13,0,7.471945969005605
7.108644127098926,67.00210579958745,6.365749890036467,51.3656815131598,19,1,7.225805736616948
10.721616208765866,97.42547993925132,6.602964367505024,60.65444100651625,4,0,5.6572106131653825
6.7202427386510095,66.08653788362301,6.101311662431354,43.714759155398745,13,0,6.504937523160636
8.313532927616244,85.72144146765278,5.818987258225268,53.49635578647394,4,0,6.434852216530892
8.419389225488779,83.53924978633377,6.047018076190177,49.223539668155844,1,0,5.846450181818055
6.120874814436107,73.73027382025217,4.981027057643855,47.86000457764672,22,0,7.819144489733513
5.294965113870911,60.14900406707808,5.281848166229959,37.66232038202774,18,1,7.112855244950708
12.8027899328633,124.29137278186849,6.180375828014489,74.52192806019687,23,0,5.82075691712379
5.974339191661929,57.90962943078347,6.189995602167783,39.20451832100378,11,0,6.562151405082502
9.74837989519114,101.0800735917609,5.786529163737612,61.5752935836973,13,0,6.316464299270106
7.971403557523718,96.09602561834417,4.977148746515084,53.23559985159726,1,0,6.6783220128595095
13.220254094340687,126.76478786467257,6.257378401541887,77.40060323826359,4,0,5.854698607600678
2.3999297670292465,30.08605713672159,4.78613017875315,17.79856379912369,2,0,7.416285277862796
11.646182116295714,110.45135141370402,6.326504094643828,69.31007645804065,8,1,5.951313122697932
10.591806963624148,114.43133883083206,5.553622148535234,72.43130752880779,9,1,6.838427831772372
6.6741270007028675,77.62917640654429,5.158467970148574,50.44709401743617,5,0,7.55860564417241
15.580873774650234,149.550237718219,6.25109288184786,96.17854296593086,18,1,6.172859388823969
7.331282087532163,74.38727368428977,5.913335755774978,46.21914796192174,14,0,6.3043745159559
3.9071478215374396,41.5012116597672,5.648723493042261,26.989066049829425,10,0,6.907613246946307
3.30429200568408,40.002758174443635,4.956096264074725,29.309192531979058,9,1,8.870037055308991
9.427436248765726,102.96620040756585,5.493513140107873,65.4815642300403,13,0,6.94585065357651
8.884739916921925,92.2118095279947,5.781085934047045,59.9688454004247,9,1,6.749645567700603
12.897902763540639,135.80700869078197,5.698337466326698,85.5457324268005,18,1,6.632530419489463
3.4389307764262877,38.62941037159102,5.341418484019147,24.710431380072748,19,1,7.185498338454969
9.314374799849686,81.95307074983597,6.819298933860873,55.090868684048665,4,0,5.914607246096401
6.145350703207105,82.94016892936045,4.445626853092901,47.56843844944499,23,0,7.740557170255591
2.37496840769335,34.66221475270399,4.1110501875961285,24.576317729332505,10,0,10.348060904608772
4.147413448377897,53.99787777014845,4.6084182782502285,33.24861203041456,4,0,8.016710280818156
4.237054804249154,45.408401366824805,5.5985958677832635,27.538772174812348,20,0,6.499508136452457
11.887621916865303,110.81333841725684,6.4365655362373175,73.10810728750731,9,1,6.149935436942757
6.098756209278593,67.81729622582458,5.395752896697946,39.92661364677005,3,0,6.546681368575785
7.489846148028825,67.45847332439979,6.661739389218944,41.633171728464575,12,0,5.558615077750506
9.251339803682718,93.65969066599013,5.926566533307214,55.470835223281654,9,1,5.995978571795639
11.480255903085165,121.45617187084122,5.671307958871034,71.01890584978807,5,0,6.186177943185281
5.548802130609321,64.63004343244404,5.1512904858954585,37.450629129410856,17,1,6.7493178253408646
3.5417397374916004,45.40506968499297,4.6801906862777445,32.55672908594149,9,1,9.192298559181948
5.782539790787818,74.50529439274672,4.656748091193983,39.156611958553185,12,0,6.771524861953169
5.398385209484348,62.83751822888219,5.154613385418273,36.60944559518853,1,0,6.781554886240778
3.3065139467191083,30.332069409292618,6.5406297910675,23.21595256683367,8,1,7.021277678223533
5.2768080889212206,58.596852424301865,5.40316539603015,35.9612947366484,0,0,6.814971120922507
3.8447750519779933,58.154883191729894,3.9667606649321776,30.578110053132935,6,0,7.953159714090852
16.59646414472701,159.51155646970165,6.242731691184802,100.61079584928224,18,1,6.062182581296877
10.524932727339603,117.9089707062542,5.355792352844957,73.24917640767868,22,0,6.959586185041007
7.640015985628526,86.90200841335975,5.27491789323525,53.188376264775684,8,1,6.96181478740715
11.862282246017404,116.3096852808658,6.119326460580945,71.50484992655518,16,1,6.0279167569598116
4.313611441833621,44.3395250152094,5.837155143661049,37.10810830481178,16,1,8.602561636622037
1.24303335429364,25.226662610171893,2.9564751552805664,20.35858311291419,18,1,16.378147088806845
4.779814057917897,62.64132664924681,4.57826899294321,41.33000341899878,1,0,8.646780589829527
6.261227467495017,58.879216389478636,6.380411817383352,38.5001852819257,7,1,6.148983642871675
6.08769440694802,67.51157458328257,5.410356174796261,42.74899168703527,16,1,7.022197375453818
10.114691882238308,90.78389796615194,6.684902571164871,56.21253341591151,7,1,5.557513176908764
8.460786597349752,86.10953341314381,5.895365771004138,53.611737304548114,15,0,6.336495630482087
1.5289896024073177,15.83250954921161,5.794367333825943,9.674645729799192,21,0,6.327476468490659
9.052160985690405,96.84286372209446,5.608360164771858,60.36064773708268,19,1,6.668092606008708
7.268070966005575,73.27865083550635,5.951041032936631,47.60704529142533,11,0,6.550162417798937
10.002175094859293,108.9677934876844,5.507411745098652,67.81958585065246,4,0,6.7804837655270545
1.545134904925418,22.663263802447453,4.0906771021000665,15.467165444522886,7,1,10.010236255241072
3.826109539950354,42.6455524050524,5.383130466140321,29.479605489040758,13,0,7.704851411395627
8.12654905454567,75.44794837766992,6.462640187801999,51.706573637482144,17,1,6.36267292431583
3.3026301884599603,44.06997173684576,4.49643608783899,23.930702156381372,21,0,7.24595270763283
3.8806521487918078,49.878475047535495,4.6681284603349775,29.77436135411006,20,0,7.672514879587941
17.128355168204617,171.79366267023676,5.98218405800557,99.60274432912156,5,0,5.815079343637983
11.97351343782302,123.69282891470834,5.808023088911299,80.25535343011991,2,0,6.702740498591001
9.98741723166433,104.29437348276593,5.745708170909926,62.22125256226833,2,0,6.229964275949211
8.101772970642102,88.49106369459504,5.493282122997208,60.351155677208865,5,0,7.449129455478405
6.493349173910181,74.62112976480617,5.22105403204924,44.539649323640575,8,1,6.8592721769218485
4.578810813139241,58.65523825963645,4.683787108190962,34.55690354739981,0,0,7.547135043936776
7.0267356583089775,66.07518771109432,6.38067259592135,47.06063594378323,23,0,6.697368199433396
4.986141737724658,54.10436726008095,5.529470529160235,41.415434577090174,8,1,8.306108561604871
5.475792960663383,51.54379246056992,6.374144430508019,32.454418884762795,3,0,5.926889332359089
14.64461945273527,145.79437752308894,6.02682477947384,82.24419624298953,12,0,5.616000914767932
15.46473829507072,160.9624016575752,5.764602715596815,95.21741079836976,2,0,6.1570657699858815
14.852445434083846,151.0500570876455,5.899678181041337,89.15013851057086,20,0,6.0023878832765405
3.4112543895719623,39.058974294599146,5.240159709022852,28.012834952063347,23,0,8.211886817264995
1.7564982335117303,30.840965171265374,3.417204793217559,17.15501811168813,21,0,9.766601402946167
3.8973927762115053,49.170176052437284,4.755800880666139,29.44527528680825,9,1,7.555121327912653
4.641692344299229,55.17400903566874,5.047694476540736,29.305957954164743,15,0,6.313636445585916
6.393919140113054,61.725197309087655,6.215211374468972,41.24788212102341,3,0,6.451111003617428
6.8539170831908125,81.576067306809,5.041123439363493,48.273401839880954,1,0,7.043184394259913
8.246205188576212,79.1473048041593,6.25128439355994,46.640584202793995,13,0,5.6560057791682175
6.800250613767863,71.00179433531756,5.746545430938748,50.86063522721237,17,1,7.479229533723266
12.468842955504185,129.97443722732683,5.755982432312916,74.16887981171288,0,0,5.948336992966307
5.39488448219155,58.31346298094972,5.550914872561067,37.20761845115336,23,0,6.896833208194775
3.9030715000295078,47.60345285834002,4.919481170802128,28.755443357311453,10,0,7.367388313817479
1.8241182691455033,29.13470088518961,3.7565889754635085,15.184290078822807,14,0,8.324180693577391
6.7576296088212136,73.21414689653358,5.5379703748001985,44.69109258968929,0,0,6.613427366801938
6.707870068055279,73.06116224335608,5.50870245867073,43.45983547732959,21,0,6.478932214906378
8.134182695396543,86.49115648588892,5.64278455223822,55.393166872250475,13,0,6.809924112424923
6.840453551313955,74.01229768916986,5.545392129325755,47.09160405519762,11,0,6.884280947445654
2.5139494574416155,29.252617180015104,5.15635802835263,20.516886626255392,14,0,8.161216831755608
6.159269103690881,58.133168729274786,6.357061799649522,41.33540648085863,19,1,6.711089544064376
11.933515724471857,125.390415137379,5.710252595334681,73.20983915889671,0,0,6.1348089573273485
6.612001320469061,77.77068438932913,5.1011519616069805,45.970444074105274,1,0,6.952576360169887
12.82251440991209,129.42747058354928,5.944262536584818,76.95538865779965,12,0,6.0015833242746375
8.568497792172082,91.09121718149942,5.643901612445907,62.731039779457426,18,1,7.32112457760876
2.4841206709932977,28.865956871956833,5.16342627825363,17.12508745020724,22,0,6.893822691536004
9.548000409985134,83.30049159818272,6.877270633197631,48.912427537456416,2,0,5.122792777250475
5.205074664907838,57.35354112929154,5.445251918978207,40.237170647953164,9,1,7.730373383350037
11.00956565467636,99.70197777821635,6.62548480984004,65.0872361216668,18,1,5.911880464968273
9.716531003168646,100.55517720623475,5.797730921347045,61.21414000570145,22,0,6.299999453070132
6.009995211911131,73.91539197350423,4.8785469857743395,46.22347463776119,6,0,7.691100077110127
11.406622482152132,110.96277096378248,6.167810545687533,71.98402710679444,23,0,6.310722321127694
11.849067133826484,115.28943180536685,6.166601889666819,75.45987065412223,19,1,6.368422914804903
1.51506227384657,19.60059474982181,4.637805004953772,19.421073802030868,5,0,12.81866371916382
3.2773790966704346,41.761924113680024,4.708661058454715,32.23632327603594,19,1,9.836006859501108
10.17012325306185,103.3317273353218,5.9053246366774355,63.823551303379546,13,0,6.275592705738804
2.855607014373608,31.585679787364917,5.424496861104616,24.501022677044126,20,0,8.579970056705632
8.072797572777848,90.13062536450514,5.374065168279889,61.189135727796675,19,1,7.579669275262344
5.818139031349185,80.5774701194321,4.332331870974995,47.86663266543162,4,0,8.227137991635736
3.647153876380985,51.96353799705854,4.211207339177833,32.65152060438329,17,1,8.952602964145537
2.365227197585064,32.62341944821811,4.350053864842643,21.4125315428504,10,0,9.053054845941627
10.80613740176973,108.5199813969437,5.974643892856805,70.58104994992227,18,1,6.531570655242932
2.17388025322726,28.48356700076905,4.579230374837321,13.560902662590339,3,0,6.238109317409888
16.46434016916036,156.9740239258238,6.293145741211445,101.06504546953498,6,0,6.1384206370348
4.892893787868443,61.78498394658503,4.751536838237424,38.58273664924737,5,0,7.88546376071157
6.327889552125786,74.96124766924503,5.0649286789195065,42.12270493210593,22,0,6.656675118160883
5.033346399230346,50.28294053138761,6.006028700038056,36.76297408797938,8,1,7.303883176727284
12.479590986670285,126.51421135457716,5.918508689127809,75.22468428609162,5,0,6.027816485848029
14.574508421839068,149.83732826195302,5.836132527547151,87.12278606758683,17,1,5.977751258974767
8.216300636688596,83.84561361082933,5.879592467287325,57.50306089435504,15,0,6.998655896010448
8.40379261804473,86.36493067500578,5.838336847395959,52.196966289939155,15,0,6.211120224202245
6.8216447741443185,77.57069902718472,5.276459946625208,45.50864904303435,21,0,6.671213548897053
2.257196670258737,36.6612775334707,3.694137502215487,22.589503663774394,21,0,10.007769354535249
8.244839077878124,88.77790167845569,5.5722238904046675,53.31253427037174,8,1,6.466170384503387
4.581742704261503,54.76105686959623,5.020074081300636,34.28981636166351,23,0,7.484011777826454
6.275810755704156,70.81382236435508,5.317445560342882,40.26710465543606,13,0,6.416239466564034
4.503729781412554,50.86726428760468,5.312331824194472,34.23751762778585,21,0,7.602036376402574
9.990643698094011,95.20949719112429,6.2959960883137835,63.58083047932119,16,1,6.364037433488993
6.45064899622572,60.716154115582626,6.3745628393516895,42.017660956022915,1,0,6.513710632931273
6.7580104245176935,76.39546240071252,5.3076532653761355,46.03452374709933,22,0,6.811845625465239
2.3858148703145523,34.12151634438199,4.195267606928676,24.843899523395745,13,0,10.413171546759727
9.897057883495952,103.80663845561419,5.720476858169963,65.1641142058737,10,0,6.584190470840784
10.711519438047372,103.43039919313506,6.2137550594071325,64.20482465287164,8,1,5.993997865962486
4.534970269739398,53.43024809016524,5.0925875493819435,31.832334635927463,14,0,7.019303929804308
14.302336024018127,141.19286437257244,6.077787041536828,83.01000829091056,22,0,5.8039475615389415
7.519247440317207,87.34727087522243,5.165070893440018,51.263607689194295,3,0,6.817651380153502
7.109845364447183,81.09913786827889,5.2601141402970155,50.91559608122395,5,0,7.161280375495598
6.398153710172691,65.14362054160571,5.892967253258212,39.13183942051597,1,0,6.116114303146333
5.962216992293627,68.68727058672036,5.208141428271862,39.895650117452234,4,0,6.691411964545865
4.36846020090571,46.8347930133043,5.596429389148491,32.95046079764925,0,0,7.54280897209906
11.143428650733812,96.61297862727466,6.920454462163489,61.14568869263746,5,0,5.487152169149566
3.0747891715844022,50.02880891648602,3.6876222778565877,28.942286041695926,11,0,9.412770901226477
8.551306884140885,86.71218343672983,5.917027950551199,53.39433434457556,19,1,6.243996978239645
7.170758292497868,82.77360333841355,5.197858739951748,45.83890914542207,13,0,6.392477235410275
7.5967348710580715,76.40255552496153,5.965822597577488,46.59726029764421,5,0,6.133853700116581
1.2873453970734365,18.742017977965098,4.121259723217518,10.613481550680813,2,0,8.24447081164758
3.2682795883271245,38.134959099037786,5.1421787234741085,26.71066860369855,21,0,8.172700003725954
4.6506148817948265,55.371429883257846,5.039365851595236,31.714030783784565,4,0,6.819319937226251
4.464885875693614,53.24085228529784,5.031721714484913,39.553234954728666,18,1,8.858733695759721
3.374271114238151,45.354620200068155,4.463851002636878,27.70549092511339,6,0,8.210807604702145
9.045027362624301,90.42703270508238,6.001542077880831,52.52430779676643,15,0,5.806981636540584
7.437989478537101,79.18446774110674,5.63594580406014,45.88870905517975,21,0,6.169504432292517
4.463660851474845,47.11392072437372,5.684512071395875,33.54990195357359,21,0,7.516230078835024
5.281118745359295,68.34585606332956,4.636230240908056,40.60448429634129,2,0,7.68861414676992
17.14119504028584,158.38675151839666,6.493420014979556,100.30908032839517,12,0,5.8519303988225575
8.248163109480572,81.30164418433904,6.087082143710987,53.81339949166191,11,0,6.524288957114332
10.366878264691742,102.76135906750407,6.052982380983337,64.82022213923389,21,0,6.252626922417258
0.7950764455919922,33.48927916714718,1.424473381389394,21.990411122350825,18,1,27.6582349335948
8.169950077455423,90.13053878059695,5.438744861390462,51.266701455314404,3,0,6.275032401578849
3.0443400250050336,34.27758375528597,5.32885873182744,24.969628416625646,20,0,8.20198407915501
16.751850202365112,167.69979840991198,5.99351353831144,104.60010692416222,8,1,6.244092781428659
3.255977546720392,44.39877740886613,4.40009081791094,30.294153195080842,16,1,9.304165265388534
6.462305798311011,71.80321908276561,5.4000134374438735,49.45979632795661,4,0,7.653583391377646
5.02541290403567,61.40360055262935,4.910538983519406,35.18904383766483,6,0,7.002219421493941
3.1198229651650586,40.42683581945887,4.630324736416858,32.94527783643595,1,0,10.559983115802511
3.388662022807863,43.52274456871427,4.671573986963712,24.725930860402816,2,0,7.296664788043624
7.118776939149594,66.75142777609736,6.398763750517454,39.30324010588862,22,0,5.5210663912983575
6.495665262569289,79.11958096229469,4.925960312402212,47.08490853161815,3,0,7.24866609166899
10.554149939154458,104.30231893468408,6.071283963933908,62.05938096113736,14,0,5.880092789937114
5.114117600708006,50.60370384710842,6.063727211936368,32.3652232738722,18,1,6.328603642081189
2.316353580196093,29.821240475189494,4.660477317413887,25.789419946337617,1,0,11.13362837471229
8.39542413091053,84.77449102011735,5.941946000420051,50.484442768357574,7,1,6.01332844906339
6.717466775210715,67.64978858856708,5.957860548004117,47.8645069159305,11,0,7.125380521800805
10.447831254633854,110.69638069144823,5.662966317077245,66.8357250617821,8,1,6.39709078686918
4.995814835116239,62.807492238042585,4.772502123965014,39.67613939297793,21,0,7.94187549027821
8.551749485736766,77.21054880689911,6.645529361894106,55.252128120888024,4,0,6.4609151861898635
6.108215985161374,63.885288407238264,5.736734829675723,43.945601431176584,17,1,7.194506798373401
7.002044808708275,72.35977506225053,5.806025352636438,42.06166493801219,10,0,6.007054522944656
4.055627566959984,47.46777594522395,5.12637571851695,33.14797159182196,9,1,8.17332731976398
11.385745641815177,124.7096128398311,5.477883564487505,73.97242659750182,8,1,6.496933000666326
13.04731161106227,124.54433259302928,6.285622800852774,79.51804902570353,16,1,6.094592617707046
3.970258104436679,57.106795772052806,4.171403473888825,34.86450993199053,8,1,8.78142151338478
13.123849250305446,129.23738561097113,6.092903777770948,79.90708712750279,15,0,6.088692852490897
5.136262032649743,67.65672449900694,4.554990272452636,39.57247972100986,0,0,7.704528988096591
2.510237393077835,32.726394815835,4.602225342334191,18.377905143150784,6,0,7.321182129558428
12.677178984789052,123.52612065482066,6.157650989565494,75.55322380393699,11,0,5.95978205360916
4.293169519973762,50.50270167250288,5.100522599143946,30.96480031916237,5,0,7.212573408783452
5.120850705124841,65.84116064386518,4.666549606702883,40.35192596870416,2,0,7.879926264657704
3.0426056821055663,40.333349203637496,4.526188489942462,22.458343862296122,5,0,7.381286373840705
13.96195201878914,138.91308309285094,6.030512767234527,81.50938276977917,12,0,5.837964681449186
1.1397687589016718,26.078104978712766,2.62235793551422,20.92864040967972,22,0,18.36218114088986
1.7127475059604542,22.136387771887335,4.642349574673428,20.343353211964637,16,1,11.877613682792509
7.079220609395011,77.73311413553704,5.464250870267366,50.88219390536582,21,0,7.18754178077722
4.375770260863413,47.61304392434655,5.514165741408393,30.984322634814017,13,0,7.08088423012873
5.1263290865489965,66.96455384141494,4.593172470339283,43.28596271694011,0,0,8.443851728231492
7.824846020621573,84.93558666709846,5.527609564615643,55.35723238719554,3,0,7.074545906885231
11.353491534339769,118.33778268397347,5.7564834882836,74.69967834403127,18,1,6.579445461168896
7.023288794221909,62.97363751647063,6.691646604392178,41.21173155676981,14,0,5.867867998063086
4.04562457083438,52.651012690333246,4.61030969485283,29.943109764102466,20,0,7.4013565124079035
4.0256360353168725,47.16547991714732,5.121079283902284,30.360944639245666,9,1,7.5419000557649385
3.9579947499878587,38.99900421263091,6.0893781724395195,25.243067198430225,22,0,6.377741455697398
6.070279747934293,67.20239378738637,5.419699572434274,41.4913686800431,8,1,6.835165824797869
13.002384142091845,119.91173041642296,6.505977737259501,73.5985121285393,20,0,5.66038592032389
7.354794816860073,81.85932483352389,5.390805383614447,53.44900143104708,3,0,7.267232161055127
3.332629502080421,50.59749174386222,3.9519304857454984,29.11439749055238,10,0,8.736163882717081
9.36466601119353,85.53857921803026,6.568731510485222,52.07034477884311,23,0,5.560299183826069
6.427853159102001,69.6707883593949,5.535622584843529,48.68492181307551,19,1,7.574056315231228
9.976111551474999,100.79565957307565,5.938417344791977,62.482619474311036,9,1,6.263223817407374
3.637100481966556,32.796478522824515,6.653946970743223,21.45370460334247,21,0,5.898573522979105
10.554850972059716,112.49268278272132,5.629620013123692,64.93429102431286,10,0,6.152080327444104
8.574086208663,92.92103848738788,5.536369167781151,61.68681681468734,22,0,7.1945645650682675
2.604866130488139,47.60032587320844,3.2834222237385218,33.61879238761215,2,0,12.906149761067438
3.5827720888161094,47.22195333183355,4.552253987004222,29.78374276139742,19,1,8.313044207966675
7.242742668339083,71.91068556075466,6.043115243744932,50.68076278807714,16,1,6.997454570576277
5.469413469514315,64.31073686044289,5.102799690866409,37.87893449361588,4,0,6.925593522001462
11.432229564098414,122.59890867199502,5.5949419230237485,71.7291123357712,6,0,6.274289011920136
3.8915877388771687,44.23507050029207,5.278510053037859,31.427915601714275,19,1,8.075859446196658
5.835491402475805,69.63390664352275,5.028146502550376,42.41719385827115,17,1,7.268829809307052
10.532257003468045,92.6608579034577,6.819874481050985,58.01820907698154,4,0,5.508620712338998
3.767374321925208,54.75677094727503,4.128118868316165,35.85629751162086,1,0,9.517582923190263
5.770942629350527,68.74081163925183,5.037132229077653,40.1681995795999,7,1,6.960422613683218
4.755904551536799,39.5369241676642,7.217412054668347,32.10315887200542,7,1,6.750168874106562
8.427499287138541,90.14342988101065,5.609393362286864,61.57012710746763,15,0,7.305859663664599
0.09468913906226224,3.0,1.8937827812452448,6.750676873894678,17,1,27.00270749557871
10.084768952878427,99.09641053828507,6.106034859243824,61.25008369015719,6,0,6.073523744207843
3.4367584543402434,47.00403446555349,4.386974641751881,26.658636062186485,9,1,7.756912921395332
6.662526065079626,71.14657801058627,5.618704020385864,43.108610125549454,4,0,6.47031016531329
3.8590034861826976,54.27070816105395,4.2663937327635795,33.30356184958228,0,0,8.630093745400048
8.66797225737212,90.39415801281105,5.75345074145853,54.44847784425893,21,0,6.2815703866553605
17.459201533076644,168.908115701106,6.20190502769157,108.60452737464239,18,1,6.22047504113461
3.020980365899627,45.77979199096269,3.9593631615836,32.137577677467625,18,1,10.638128615542087
16.130125897942854,155.1455534372788,6.238061822814857,94.92539014979431,23,0,5.8849751545894975
13.297849444765864,131.52964719593237,6.0660921981901765,80.20714423952643,0,0,6.031587631720148
3.025008266717976,39.865088554680916,4.552868250979138,24.98665696984953,9,1,8.260029317856755
16.085317611319528,156.36285055247959,6.172304056040804,91.2249451514045,17,1,5.671317617453065
15.298125124602246,156.64443382126544,5.859687989446619,92.72753528983507,14,0,6.06136598665361
1.8315039822630739,24.48272518761172,4.488480677444723,23.6093377142202,18,1,12.890683254233295
9.350912870594252,91.17637783688254,6.1535102133515345,60.008809550670435,8,1,6.41742794325244
3.8689798000258797,40.450735885291586,5.738802593353103,26.41886722554842,2,0,6.82838075954072
5.950029960060249,52.69927721105117,6.774320569405282,35.123573770831946,13,0,5.903091918292843
6.645957347610102,80.71606859889415,4.940248549990321,48.93306514507654,17,1,7.362831656250842
8.192209583062995,80.32516629540515,6.119284872391193,49.91726422148477,17,1,6.0932601534861055
2.2215668427897124,30.56253003093996,4.361353933474834,15.394268313381968,4,0,6.9294643838178445
5.405809258236578,70.00019991039201,4.633537560026924,38.12159745628452,15,0,7.051968657273733
4.558262559253069,52.17304081878426,5.242089578507285,29.58347742457675,15,0,6.490077532836193
4.096424934520353,51.9542509487312,4.730806268649007,33.104524225403594,7,1,8.0813208479505
8.08608936033118,76.25124872953006,6.362720213813091,44.71128604572362,6,0,5.529407857532308
12.270583760878791,130.82538070734523,5.627616152707219,75.3323766773861,4,0,6.1392659180210805
4.999341434854041,56.264484644047336,5.331258039399418,43.05003401082037,2,0,8.611141001630196
5.2929149489875025,53.5264684405781,5.933044084382344,33.729529487015746,13,0,6.3725810469461575
0.7719546965384886,12.833448348936894,3.609106495227074,12.286156513535305,7,1,15.91564449135097
0.993192687951703,31.078589408386588,1.9174474263951422,16.593533636253298,15,0,16.70726520397038
11.537539413807542,112.32079228645051,6.163172024846555,68.61875177258605,14,0,5.94743379081909
5.248261112766982,53.25478315715891,5.913002515412331,37.63246074309623,13,0,7.170462736991317
5.34283200474893,57.48707127760524,5.576382883325238,35.044414627975904,23,0,6.5591458980606125
12.380974984705407,123.70100926739696,6.00527435856673,72.94954004753215,3,0,5.892067477532983
8.943066664454541,93.39851662799875,5.745101948508001,52.8783668543852,0,0,5.912777891342083
12.132034162720858,123.85445305710233,5.877237610727226,78.38550663045228,8,1,6.461035765239942
3.31056490547893,43.20365038514723,4.597618315998204,24.140192264416932,0,0,7.291864969771568
4.899628791009855,59.979491409873276,4.901304104959439,40.97320415411202,17,1,8.362511917084865
8.700100416478099,88.66442446968554,5.887434877188656,54.64322869535848,8,1,6.280758391232304
9.86565477183262,113.22396990449687,5.228038610633872,62.115702041200784,3,0,6.296156056316404
16.20542781293654,154.91820942911562,6.276380758332285,97.24510800912346,1,0,6.000773884629827
3.9049092045704117,55.25854547098309,4.239969588002557,28.47199706715201,21,0,7.291333953124342
6.0004332238700115,62.409824773144,5.768739052559012,36.51514767439695,9,1,6.085418554303369
14.136942632103125,130.66587992183423,6.491492334751811,77.44156509728202,11,0,5.47795708821952
13.606521167544487,124.45615860642586,6.559669518921805,76.71825655324453,4,0,5.638344703144247
9.306997013482093,97.58667762073883,5.722295649608752,57.95518889062198,18,1,6.2270557094483046
8.31130570856757,93.77350532695404,5.317902330464714,55.98038424753863,17,1,6.735450025599731
3.730293777232293,38.66651556385355,5.7884095158335915,23.673056491728303,8,1,6.346164110777524
5.060840854426843,52.28260088454613,5.807868126839203,40.10769909653528,20,0,7.925105777916743
14.600721268380084,145.72326068096916,6.011691421184432,89.96447157586466,8,1,6.161645710660567
4.646981292762929,53.807579664845726,5.181776978308083,30.02430237233886,21,0,6.461033621783203
1.2553186930016076,19.783984512856605,3.8070754418125627,8.555052363975886,23,0,6.815044188914129
2.9183078655580315,30.58919698251009,5.724193153340949,18.818957379609948,11,0,6.448585360616652
8.431350835511552,89.73661114362986,5.637398645698736,54.757142696085694,13,0,6.494468533494898
8.859130595501318,95.64976407150576,5.5572310176604836,58.620942229443,20,0,6.617008474760584
5.115085971447683,60.98627052336916,5.032364754445164,35.627180451806524,2,0,6.965118602243794
16.147169031825086,157.48360283844875,6.151942960711657,93.14013648897608,11,0,5.768202234422799
5.11025870202398,51.65809925492737,5.935478202717506,31.66575188587383,22,0,6.196506621735652
5.089944801904332,59.69683094338728,5.115793975795448,36.200470733421575,4,0,7.112153892096761
3.9334655919930843,48.840159253319996,4.832251555435746,38.51071737037196,8,1,9.790531140977542
10.020104885019174,94.30165306715244,6.375352642790152,58.26352076766633,20,0,5.814661766143263
6.412463514987953,67.89812236112459,5.666545664590668,48.124018198613705,17,1,7.504762886546281
8.167137508009617,87.70281960603693,5.587371679517205,53.72517569756582,11,0,6.578213681951215
6.736785805625801,72.1616300660342,5.601413770277405,46.56623919717771,3,0,6.912233896213659
9.257022684341383,83.54999844533869,6.64777224889907,52.53471292774532,4,0,5.675119821906653
2.596770177048183,31.5288087027627,4.9417094090598646,25.41782140146233,20,0,9.788244499309306
8.900239772774016,87.86089834002267,6.077952723631384,52.32895151859442,12,0,5.8794990758192345
9.986462274639234,105.23392360557006,5.693864829407908,62.462697995897116,23,0,6.254737291154852
4.341691337349944,66.66552247115493,3.9075892693065044,34.53157059355522,2,0,7.953483541423835
6.218435030671822,68.7697064956792,5.425442696396437,46.59368121534234,9,1,7.492830750104098
9.67714725438529,91.90652098355682,6.3176021575987935,58.729276737158244,2,0,6.068862567999523
4.973106533299401,55.794922644742456,5.347912997350144,37.443107668195346,3,0,7.529118352377979
13.718185967534481,135.52748165251643,6.073241736774986,79.99461513696481,0,0,5.8312823084830905
19.20872508155422,189.4180981184172,6.084547972669107,116.19625984866613,13,0,6.049139615218254
2.6041102225417294,42.88972353466065,3.642984856879191,24.72956970002442,5,0,9.496360594094686
1.838408217398673,36.89178097429793,2.9899476287351976,20.18903537793213,3,0,10.981802184554738
6.904881823615864,77.36731163329998,5.354883098182183,48.28549140572663,21,0,6.99294971864429
4.251796539291648,50.261413103950396,5.0756191798644075,28.40440625995839,10,0,6.680565732030672
6.311685572745504,77.70558218866454,4.8735383443272635,44.64966322435741,12,0,7.074126667075934
1.4091249714035734,22.597111547334805,3.741517941667473,19.19629003866189,14,0,13.622844267347862
2.957087029262656,38.940660662894665,4.556297164337078,24.469943389323568,10,0,8.275016307323597
4.190958759951134,48.25800621217503,5.210690315125943,33.723048668010925,3,0,8.04661906728095
10.134284036126186,90.4208062533377,6.724746962153149,61.363887480467554,11,0,6.0550787072595025
2.663764793392143,43.60442630143747,3.6653592573068607,23.860388419064588,22,0,8.957393114532394
2.8842521147807223,42.01138428310329,4.119243625029633,26.468374316573268,16,1,9.176858770747767
3.504978044936021,29.324744983041622,7.171372941786062,24.13192422368666,16,1,6.885042905918447
4.165837340180136,55.50306056098237,4.503359596470949,39.666920380749346,13,0,9.52195612588035
11.537668007404278,114.01838823847142,6.071477514630209,66.97631980629423,8,1,5.805013609623044
9.222740519499766,100.93594088997318,5.482332916212567,65.6504223132045,11,0,7.118320435709855
4.425103295775913,52.280670140503844,5.078477323129356,33.089039117003566,9,1,7.477574398904878
7.35664193574438,70.06574193266279,6.2997765237235654,43.84982271656893,13,0,5.9605759121579425
4.907713402055379,56.327541724124906,5.227687825708987,36.838173555771085,20,0,7.5061786493773335
6.745130697314286,67.315461722663,6.012108236087531,41.99200896760234,0,0,6.225529326558836
4.8002968448536185,47.86536145880507,6.017249257359046,30.030776014003948,11,0,6.2560247802591284
6.4060372009452395,74.85650881348056,5.134653460989305,43.343170841113555,6,0,6.7659880018676875
5.774805134147514,66.32251980605575,5.224293483752917,40.583703719144836,23,0,7.0277182998203225
5.487694354995272,70.37466185905569,4.678696175608657,46.47478480690555,3,0,8.468909126580828
6.7661553373992795,70.52908811999563,5.756055140727968,45.91067345918567,1,0,6.785341330462633
11.968381990345474,113.93801753204332,6.302575163015918,71.02418356863829,16,1,5.934317907460785
15.818097598544163,158.19570488705332,5.999441366567232,100.03301618930897,6,0,6.323959981035622
2.4482939806004684,29.032554043428505,5.059755976559639,20.31464451054157,5,0,8.297469450772084
3.031471269057071,37.422072295107064,4.860454405332495,28.44249836083165,12,0,9.382407364750843
6.970226734767054,77.88261322365884,5.369794191227524,54.464288153260746,22,0,7.81384741497666
5.902167129039722,64.3638303555565,5.502003622004939,37.735553230139246,3,0,6.393508080188639
3.1812981636304642,37.699297603918296,5.063168333353481,23.995478262934686,12,0,7.542668756188291
4.255994192404363,41.887974953231094,6.096252010973957,30.633870301726645,8,1,7.197817693548233
4.236362406665801,55.74861009426593,4.559427472185394,29.93626742929979,4,0,7.066502946536369
7.955931873751553,81.39282570694078,5.864840153649888,52.02042669173707,12,0,6.538571158881388
4.69999721868544,58.00853268822688,4.861350909128575,33.92978034849928,23,0,7.219106473852175
8.63472559737176,92.62848585731604,5.593134024023195,55.79090259667181,6,0,6.4612247334939585
8.026915288930404,90.78995987794772,5.304715609339148,56.09516821300514,5,0,6.98838422904048
11.000300254998304,109.58929221021246,6.022650589200468,66.48693722628265,3,0,6.044102041312225
12.551618918102488,122.87825764830787,6.128807077014409,74.20166729218022,14,0,5.91172085261156
3.17676745829604,33.941296231707284,5.61575628097851,22.501162138970372,6,0,7.083037217662631
2.2330944877150665,28.8419455413745,4.645514258762405,16.497631469994868,14,0,7.387789258696113
14.386950749888626,143.52953751422334,6.014211847563261,84.62547966082849,1,0,5.882099767491288
7.740568113990928,76.76278629160205,6.050250509083792,54.59335383978878,16,1,7.052887208771194
3.4810548221730215,45.22421527280182,4.618394991941258,27.183189886210084,4,0,7.8088945089469135
10.642089035507784,116.58255346845223,5.4770231319667815,75.47377105541825,2,0,7.092007105334
12.616408951246816,122.87640711406172,6.1605360610204665,76.1211098885585,1,0,6.033500513712805
12.92264717700158,120.41760753849495,6.438915757168062,80.40072675017197,19,1,6.22169170518414
4.741937788197423,52.197033179974504,5.450813005230355,32.15427519004466,22,0,6.780830248358789
6.8116545383613545,64.76893093814219,6.310112987537358,43.95631730636705,10,0,6.45310431684655
3.7963280436233964,54.17229360863253,4.2047265759688335,27.364263260618063,3,0,7.208087116333684
14.854407050156604,146.1987714659426,6.096251111227831,89.39429362687119,19,1,6.018031775016475
6.4395012227677935,65.58478860241827,5.89115375073148,43.00926974918658,0,0,6.678975321430338
8.31252938536618,83.45362738468644,5.976394061613799,58.38323285985151,7,1,7.023521981484056
7.889617428666021,75.91387841513031,6.23571151418886,48.9716041826211,22,0,6.207094909911397
6.470533540900562,76.30164293984508,5.088121270994247,45.94825086650515,9,1,7.101153340147916
4.527239267399816,63.768330667063935,4.259706239797914,38.207283152392705,18,1,8.439422105988394
6.5925553916847575,62.368441708164355,6.342203086489901,45.689048800597085,8,1,6.930400442023596
0.4215729456269568,22.053722246298147,1.1469436521929184,16.12898316899445,6,0,38.259056555462
10.787684248454415,107.61405381408758,6.01465172964735,62.81137226148431,7,1,5.822507483057218
12.401025104801583,131.21416806804194,5.670588147937326,77.36211208329858,21,0,6.238364282751476
9.385702797004624,85.46835624873238,6.588896669328769,58.92012033320294,10,0,6.277646075902473
1.796352970806751,29.51954493473038,3.6511802091365637,15.72629703104874,20,0,8.754569556553232
5.964530645428445,63.23337894615618,5.659540019685457,38.251074847722116,23,0,6.413090504789327
7.849784885864091,86.60259824739492,5.438486866253037,50.33898447629867,17,1,6.412785217458534
6.02519025095848,66.59356352195833,5.4286239681152555,45.70280955405854,7,1,7.58528903660564
10.527605454439007,106.88198516846218,5.909848383436689,64.12066673057933,14,0,6.090717115879623
8.650099759660348,89.21497846217159,5.817475882703786,58.08557148390719,8,1,6.715017525553712
8.481632118648356,97.70848230432603,5.208329053089488,55.3883732843617,14,0,6.530390909384131
8.35544505261921,86.14916318187484,5.819286974369915,57.22336042647194,16,1,6.848631050303411
7.59661923081819,85.55527256154232,5.3275168227793746,50.22644753000528,23,0,6.611684224772665
6.372727003693222,73.12562306710493,5.228859655263533,47.75981846501762,18,1,7.494408349414482
17.43372702748427,174.23639788861928,6.003473638830203,103.97179949610167,11,0,5.963830874040308
3.4629744514559437,37.07826738497832,5.603780374363847,29.028676326193843,20,0,8.382584605551816
3.803702591072518,50.47636171766316,4.521366986410382,34.03423926527068,19,1,8.94766045724783
7.671444463561612,83.06421678928567,5.5413351934845245,57.82043844837973,6,0,7.53709926768283
2.716241324182768,29.309432714219827,5.560478806943848,17.47168379816918,2,0,6.432301740871962
5.927037648086079,64.06896456876342,5.550616609442555,43.72186470033883,10,0,7.376680779893006
5.272391625249727,73.21720207481414,4.320617130271386,45.63793882676138,16,1,8.656022175628832
2.198495256225632,29.435618667523016,4.481295836294988,19.468583196170037,5,0,8.85541287434644
6.429685794732026,67.66127355983525,5.7016536548452885,41.778306438467006,23,0,6.4977213151996995
1.1026991849331054,24.628553259884715,2.6863921074792367,18.43123319384281,23,0,16.714652051693438
2.8396262768706126,34.31141327408659,4.965623982061765,21.242928838332432,0,0,7.48088895054987
5.486474995231081,62.220994016154094,5.29063389164756,41.751299754725224,9,1,7.6098587510224736
4.374784883965534,48.679609173730825,5.392136409747081,26.003051447823967,6,0,5.943846871906864
7.47643935187813,81.70227083477576,5.490500527455982,48.84751757243378,20,0,6.5335268934085535
9.545084487880127,97.534437277949,5.871824201340702,59.39662153065705,18,1,6.222744450934502
4.47903421959244,64.02326475001911,4.197568715448335,39.44656540278787,16,1,8.806935484046653
4.37688313193509,51.66798994443227,5.0827018468986225,36.0155852741381,17,1,8.228591942827368
4.580724543416349,51.89085536024387,5.296568551374315,33.039505892705975,19,1,7.212724882178746
12.302921433788422,128.9029104050016,5.726599063652043,84.26359075527132,17,1,6.849071678524419
4.774876440758475,46.6273811566726,6.144299322384526,32.11048078245936,16,1,6.724882032205781
2.955558142838476,48.75035852359436,3.6375832699667656,27.159472178811733,23,0,9.189287053824684
11.801941959248001,112.28659321247076,6.306331836205672,74.58724634863559,13,0,6.319912994504182
3.078074198887048,46.85735350886944,3.9414187550789594,24.663865261563682,2,0,8.01275851975287
15.267741536587431,158.14933228734873,5.792401896018167,90.44314370387855,10,0,5.923806313274409
10.412443230902099,102.5571513856378,6.091692148360666,66.53690313575828,16,1,6.390133579628049
12.8781669442371,125.32522501803017,6.165478789629633,74.341062896241,20,0,5.772643204435874
5.765012282224297,63.230042455789736,5.470512488985131,40.87291906906099,15,0,7.089823415483014
2.1081232496497706,34.70238757638198,3.6449190909582256,16.733545224726974,6,0,7.937650337809695
9.715642534544818,93.45243397653181,6.237810266333772,59.45345641516362,4,0,6.119354042079219
5.481941598792003,60.6821173900033,5.420320023007395,41.81549832208042,20,0,7.627862787026928
7.682800270354638,79.26465382020034,5.815555786907406,47.957648875185015,5,0,6.242209505333307
3.882947867788019,40.03865624615265,5.818798479024084,26.350754768431205,0,0,6.786275702290672
11.343800808318234,107.82418163831109,6.312387797963676,63.30304404817627,15,0,5.58040864061692
7.66081805951819,81.71684410254993,5.624900087847963,51.198840957776795,12,0,6.683208054284066
1.9769455439477195,30.455662018546313,3.8947349942559186,17.64817881509773,15,0,8.926992890181722
3.9965569349735857,43.38514906688257,5.527085218233306,25.808704857667006,11,0,6.457734814639287
1.7332040412299035,28.074288540511887,3.7041808672633274,21.468144598129044,14,0,12.386391958153396
6.148701342747574,63.456595520771565,5.813770460536184,46.03919422688992,8,1,7.487628957811293
10.2161285090098,111.78770264806128,5.483319685622134,63.373900532896016,11,0,6.2033186521690045
12.492884471394756,123.81806894302736,6.053826187747992,80.94649752175673,4,0,6.479408154866218
9.819862659181535,106.96397384040458,5.508319655644009,65.56804379576545,16,1,6.677083587768875
5.504574195566428,51.38503005871152,6.427444945670375,35.61466841920104,14,0,6.47001332962072
14.016838846906571,140.088144569645,6.003436860399596,86.03472601580455,7,1,6.13795499509448
11.81129669091856,121.8781427648843,5.81464227611531,74.0524719333736,13,0,6.269631004215724
11.061018014693703,110.72186191574053,5.993947982799179,70.69180763261593,5,0,6.391076078052432
2.086455225503032,27.544976278737078,4.544832867647752,18.715228477651905,17,1,8.969868247778848
13.202020457748377,129.8948774127575,6.098171407851878,77.08989678869406,14,0,5.839249911436802
16.00292805771323,160.4811435725781,5.983105940596387,96.66960415983226,15,0,6.040744781904997
3.9698366385893484,40.4653301255696,5.886278391309876,27.15647812155044,14,0,6.840704188573435
6.5842534889262305,75.46122022678067,5.235208338114991,44.64704129849306,20,0,6.7808812910351906
7.056651787432497,77.42006032331601,5.468855300264316,51.14716815436438,19,1,7.24807879077364
10.61834109668501,106.00031509996558,6.010363886185349,63.903237580967236,6,0,6.018194085036267
4.996375055680028,55.65899956704307,5.386056265343108,36.304251333643826,9,1,7.266118121451285
1.4159476410736938,25.1146898039665,3.382755635349473,15.79669362765324,13,0,11.15626960307291
14.23023059960905,150.0237928264107,5.691189509949749,89.34650318102976,18,1,6.278640571255704
10.388251139070249,107.58227491907726,5.793659492821226,64.74402246161459,0,0,6.232427537115665
16.849980278625143,157.99366958096905,6.398983069377909,96.32064508057783,22,0,5.716365448971138
1.3927034713108426,21.922542259251493,3.8117024608944075,17.814729808864513,7,1,12.791473688291237
6.1191304547111,60.2047051160579,6.09832448435562,37.57799228336055,10,0,6.141067356135441
9.814510894931468,88.9918683355302,6.617128786145286,57.339232844697435,6,0,5.842291425272071
3.9640750153179978,40.703848478414436,5.843292705976209,32.701535484639145,13,0,8.249474431809114
1.8770849044803903,29.614222317319822,3.803074518116076,17.341863951743726,6,0,9.238721120366291
2.5074091230588764,42.210426792424855,3.5641560347959236,23.62660729229304,21,0,9.422717288142476
1.7500102282326087,33.72473244673377,3.113460243451859,21.30185158893073,7,1,12.172415478076465
16.115942505433782,150.1119178347788,6.441570824445205,96.54021384856361,7,1,5.9903548189014275
9.365520568044603,91.50378496267562,6.1410709328787645,55.15886721923123,0,0,5.889567677362719
5.36988032092043,54.696819648904686,5.890521996038535,38.47888794366078,17,1,7.165688180004962
6.942951494448445,58.99690677671604,7.060998829032079,41.11575052017007,21,0,5.921941202246055
9.433187566461692,95.89284238291083,5.902330559017484,58.49261099432787,13,0,6.20072595633418
13.749478682932684,140.5648378755596,5.868955091786868,85.92008093846438,21,0,6.2489700824161085
1.8664306711456924,27.283533718211554,4.1045211161189075,26.612879035769605,9,1,14.258702156578641
1.0655984141499957,13.983486417614902,4.572243497763199,16.942545036857066,16,1,15.899559169644373
11.18164084126923,107.56387807660049,6.237209576976952,66.93373201156855,20,0,5.986038450146722
3.2631162490198924,39.39496544368694,4.969847612153915,31.96154402975294,17,1,9.794791723817038
10.381493791895137,110.0547642227515,5.659815201211789,63.130596491053076,3,0,6.081070581609298
10.488170644086138,105.29662802543126,5.976356987359385,68.39989195808514,23,0,6.521622719463772
2.61787461151508,39.370327342174924,3.9896157155554826,22.049235041363758,0,0,8.422571098087426
10.972028586750941,110.26020925075909,5.9706191352119555,65.83136408240826,2,0,5.999926409406337
6.163826662263666,68.8951738465627,5.3680044491864125,48.752125961351595,4,0,7.909392757558074
5.593667471390268,56.70199243134122,5.919016843893247,39.918029827909216,17,1,7.136289390114186
5.095568887494747,53.74505116513953,5.688600654789071,32.83514565143969,21,0,6.4438625747994145
15.283089608866089,142.01294848444533,6.457054700419818,87.00302498933316,12,0,5.69276417373491
5.279528828060286,63.12569193276528,5.018111009713897,39.69925574487495,8,1,7.519469452250451
14.75111972872414,143.01296677955452,6.188719831871775,85.14036049351033,11,0,5.77178967151359
6.824848221325307,51.837849691734874,7.8994575530166795,36.4709353279451,16,1,5.343845627802528
9.56562347267921,100.97753775850005,5.683812668649072,61.54256349639358,5,0,6.433722137628347
5.119868620252409,63.92366523767332,4.805608628244009,44.50080115894303,5,0,8.691785758508221
9.01946119679685,88.30488751195367,6.128399990708942,60.53468160063679,7,1,6.711562950360596
15.032356216996698,150.17291574722944,6.006018918470936,87.82547001717123,11,0,5.842428741667872
1.700219623476023,26.043610324218385,3.9170136604945913,25.671308799881768,17,1,15.098819261595114
13.558881916331615,121.32301443079318,6.705511883270622,74.46072059555877,12,0,5.491656395788148
7.080090386259978,87.43861907483038,4.8583272205162364,46.90636592157981,2,0,6.625108347855127
6.2353352274014915,66.89569926692286,5.592588428611827,39.74318653334838,5,0,6.373865250852106
4.170685748882086,50.74466664046315,4.931378241302427,38.148140631885404,1,0,9.146731000318272
11.32943996672631,110.21741364800644,6.167504530404791,73.45408364035744,9,1,6.483469955804206
7.731684760602116,79.81198181854279,5.812424088037723,52.14728234217315,12,0,6.744620862958218
14.1266468735335,140.10979627781444,6.049532830176717,82.67509747216614,6,0,5.852421895464752
5.588788352478181,56.04385726411584,5.983301605533789,33.1090398654681,1,0,5.924189247708206
4.33545819295032,61.18291201475293,4.251636331305955,31.8169198372415,2,0,7.338767535338587
7.792568454705223,87.16199664001141,5.364196843876386,53.125671550714465,16,1,6.817478968521182
7.256690759961965,80.41118807605514,5.414687383873785,49.803106260932054,10,0,6.863060299567332
4.067975001009391,47.761081067712574,5.1104056818673085,28.36907165073574,23,0,6.973757617413207
8.045314637982107,79.84051943098538,6.046038799837612,49.670832821940955,13,0,6.173883192516034
7.49733974754651,85.65659540739274,5.251672480248571,53.22754033288419,7,1,7.099523581054573
6.466108668411485,73.85913848530963,5.2527896758754435,43.29481798021834,2,0,6.695652702486129
14.454192069558092,139.69119415322302,6.20834784490584,84.29449460970747,17,1,5.8318371725002685
5.2293339838532455,52.556873164527175,5.9699144971768305,35.0767755132148,8,1,6.707694635975116
8.667100200940205,80.54848578866894,6.4560619230109255,56.45008018448962,14,0,6.5131449822589955
9.967859765063308,101.88217116942604,5.870228117824746,62.32940924602218,11,0,6.253038336723261
4.534110986566911,51.31345402918283,5.301663361801705,30.888791220176508,1,0,6.81253531545432
10.824617311060797,116.53530302480742,5.573221348430274,66.6937212383806,22,0,6.161300609697464
7.6629135084381215,86.91944873023756,5.2896655147139775,50.94639794114657,2,0,6.648437031821676
8.162322989921188,85.69427274458545,5.714960448464921,50.74265228269932,14,0,6.216692520665525
7.773157973699671,81.47170357560836,5.724557827481242,52.07917187848242,3,0,6.699873083075281
9.263377798297519,88.45787664139024,6.283246772371496,55.45362811138038,22,0,5.986329103577314
5.423577861370359,67.17806580098285,4.844061343568194,38.98107742174492,6,0,7.187336186208211
3.211177410390111,40.560217338180294,4.750236987562717,22.545548460333933,12,0,7.02096009625173
8.42322201674213,91.44068403469443,5.527007221564216,52.77284715956161,1,0,6.265161603798339
8.129720977162027,92.22831352301128,5.288866726463755,55.785910004829674,19,1,6.861971051840916
5.81698466122226,60.95921645778673,5.725452194993774,34.585043146655,5,0,5.9455276506415995
3.983422206786923,42.88330565646958,5.573388728981016,30.818843593893508,2,0,7.736775564835836
6.92644499479229,89.15023898481562,4.661644258276431,51.204365250540384,6,0,7.392589602464012
13.89484147392209,140.62038595175179,5.928660220868493,82.30601112178192,13,0,5.923494073412371
5.465336821451279,59.516440636076055,5.509741607234271,42.257580393355745,7,1,7.731926096026879
0.928434422195414,27.795284321373074,2.0041552620093146,19.936333168808773,8,1,21.473065509211196
5.494925481108901,59.604787657470816,5.5313598424540364,42.149550721499864,1,0,7.670631906912392
9.4475439673219,98.98080801105006,5.726894429635607,62.81863056013051,17,1,6.649202245304579
9.037345675115503,89.92671148244953,6.029807290492949,55.78593976034538,8,1,6.172823499930183
1.1558045771214718,22.300418168531305,3.1097297863744746,13.2791008249871,21,0,11.4890536755432
7.905211064638441,81.5024787942338,5.8196102854219385,51.89574094661015,9,1,6.564750836160463
15.433461449872953,146.3898675400394,6.3256269204499604,91.64369446315146,17,1,5.937987065364774
4.648896808054864,55.29724621786459,5.044262193171893,40.15314917605042,7,1,8.6371349664031
2.6870516517050844,32.351893776769636,4.983420760922248,20.902933782630893,2,0,7.779133597735947
3.1705564901614385,43.990930659524324,4.324377469575073,28.039684642912825,15,0,8.843773870587967
4.826498791921859,53.61122355541238,5.401666074940303,37.45883293603084,14,0,7.761077864294905
5.776591800320304,53.66872915118246,6.458053199711024,38.424783573160525,23,0,6.651808696441027
13.143517200211596,134.01674334734702,5.8844216947486885,82.13641210616322,17,1,6.249195771192882
6.794667070490087,76.97758861046435,5.29608723251153,52.68564813825499,15,0,7.753970517124229
3.2218892124084872,54.51831494698756,3.545842400530592,34.92466517990294,0,0,10.839809465017389
12.968670194356022,128.8243627673424,6.040163482637607,79.54167895109666,19,1,6.1333720234256
6.404079303053607,70.73664367954592,5.432046789270042,44.02889960848623,4,0,6.875133414961346
3.826038628837416,49.3058876085245,4.65588044074793,33.44155681966619,17,1,8.740517298391149
5.319239529055656,65.99136863711126,4.836304782499358,41.81355558759466,16,1,7.860814569299528
7.182365591844019,82.38448636593363,5.230862684468197,50.30071072329599,19,1,7.003362621977261
1.6145714720418807,28.44385554561054,3.4058072108815254,23.54154939194751,7,1,14.580679641375987
5.96839511579838,65.51770422647283,5.465754808960611,42.148080634738704,11,0,7.061878414043411
1.7281275646567,32.60911900767566,3.1797134370602165,19.039686674374085,1,0,11.01752385863737
8.017874134512828,83.71327136914537,5.746668839990895,53.41202851784875,8,1,6.661619728842763
3.5800752360971853,36.48566882232432,5.887366768905156,25.806991526954416,21,0,7.208505359537605
11.519070224329987,106.66428289076686,6.479621807119715,63.25609042847409,4,0,5.49142328300663
14.275400823931195,138.7190186585571,6.174525005429279,83.66579748115133,22,0,5.860837009976946
6.527497310127303,71.46729000311532,5.480127182527361,42.4690487443138,1,0,6.506176368456527
4.21958242431178,64.80841726043673,3.906513322818968,37.85101943627238,8,1,8.970323513101166
3.7515017130025683,45.04336227525884,4.997186964077731,32.508966197623046,9,1,8.665587459269485
1.0639548640270144,21.855197049655118,2.920920442702128,16.053279272558164,23,0,15.088308550794466
9.416299873062403,94.32070176413063,5.989968075053069,59.25941100299817,13,0,6.2932799296806605
18.749474715915756,184.4581080991173,6.098774917231891,109.4966944614775,20,0,5.839987312739471
3.572957026575627,45.838671681036566,4.676780843176689,27.02522897596142,20,0,7.563827041564724
2.588615030034425,31.46751590300613,4.935785280312764,22.616585220113304,13,0,8.736944256949839
3.030142345143968,33.20251802392799,5.475745561755723,27.70768021932671,17,1,9.144019344084729
10.519729969247503,104.26336853190706,6.053744541753348,68.83320590126962,17,1,6.543248363074988
8.572873265069122,84.0956329389738,6.1165173259046055,52.77214918571504,12,0,6.15571320769893
4.334213816930116,49.62095853048955,5.240786085500902,30.482520888956007,22,0,7.032998872802842
6.204959654371554,68.69351561753604,5.419690285399418,47.57701737760324,10,0,7.667578844623753
11.817055254031667,115.34633615359392,6.146907989325055,73.87907052975248,17,1,6.25190192832067
14.641226123020221,152.4980284116579,5.760556884118098,95.78479909539865,8,1,6.542129620196042
2.7637990782148107,43.8305604771419,3.7833863607418317,32.03641710580312,8,1,11.591442141480139
4.14385443724043,47.91734404806364,5.188753074148589,37.982357313693996,8,1,9.16594872936417
9.266629902407585,89.6146717015352,6.204316587759482,59.450882996186046,4,0,6.415588366245205
5.496033916458715,61.28554271612775,5.380747569046876,41.24506495130077,19,1,7.504514269423649
8.18061216814679,84.82319942752231,5.786585903402592,50.156678335485076,10,0,6.131164429329915
8.670150799831767,89.65466246467918,5.8023646923532874,56.20475934911951,16,1,6.482558452179412
2.503438254324272,32.14279350046721,4.673093994063492,18.413740812577956,4,0,7.355380457565227
5.72396299865555,57.21929002760196,6.002132842851814,36.780551191870465,16,1,6.425714352190872
4.365360807553378,51.49758433866813,5.086095820159332,32.3628006309906,0,0,7.413545422177541
9.149477927488928,92.24011304906738,5.951517810448804,56.90947689461796,15,0,6.219969854633745
5.1493023802964295,56.77210930885823,5.442076163437151,38.37949492532796,10,0,7.453338741998401
6.114447896843749,67.59379795564296,5.427522715196057,40.6616644295791,2,0,6.650095824770781
12.165473309473779,121.07310934065889,6.028823431920414,75.45065919862954,7,1,6.202032364813365
6.906521204035595,74.5920105529248,5.5554377629775145,44.715791429778044,0,0,6.474430485155082
7.386961181861337,76.09954885619642,5.824182634107576,44.44073311818274,2,0,6.01610486695217
5.23666494732597,61.290853273705636,5.126374981866226,40.151113521975034,19,1,7.667306181671532
7.538931185417684,75.54358557216807,5.987746910595564,51.187541410769455,20,0,6.789761061857137
8.727864650140763,84.0231324074209,6.23247270131761,51.73822036907099,19,1,5.927935691376304
6.150938098960249,62.01856851879721,5.950738540921945,40.95319576076105,2,0,6.65804062760504
3.2735122974407767,37.40147365321288,5.251417087667999,22.643267936962094,14,0,6.917117114441433
7.824107749193664,74.69016038328415,6.285251799468396,47.515780079968785,15,0,6.072996641037524
10.097612229445431,92.72226972311549,6.53410163034099,61.39977142025711,8,1,6.080622826969979
3.651098639686166,47.880653191591826,4.575249161797974,28.711033945584084,13,0,7.863669755044463
5.231256655739452,66.72676911659994,4.703890260232649,36.35446462529698,6,0,6.949470656426468
4.998616986302234,60.333777373460435,4.970963732664635,38.4061396265823,23,0,7.6833531618499835
7.635814370270201,77.82374794032992,5.8870058862686765,46.079762945564724,5,0,6.034688732740126
9.955770092183844,91.3033142572233,6.5424372640862005,52.44648459298892,6,0,5.26794854716101
4.5947737230499905,54.50462722865668,5.05803704016625,36.88219073566079,18,1,8.026987390181764
5.283647601752093,49.90898749854255,6.351939239688708,34.2237552369402,5,0,6.477297090288795
7.199355248370162,76.27424116789169,5.663265976666938,43.644897010580976,21,0,6.062334126443003
5.416299391532846,55.94921706198836,5.808445239401916,34.986846702052915,15,0,6.4595481477162995
8.756353666430645,77.12361501528676,6.812196496257369,51.917309855072105,21,0,5.929101522487405
2.467095935053609,43.08706803560004,3.4355031068930586,26.831955383483184,13,0,10.87592703722733
8.411487430224124,80.168563485606,6.295350993835167,51.289235250061324,23,0,6.097522664751188
17.27113063025897,165.3054294030456,6.268807029253244,103.50717748101732,19,1,5.993074784558288
3.66672079048111,44.22666338695885,4.974448230560824,35.97984771279536,19,1,9.812540896541634
1.522417693175986,22.879055224660238,3.9925189520982793,14.58265200414898,4,0,9.578614377324683
4.847712818517146,58.416896420134734,4.979086307823367,34.93292568699182,19,1,7.206063352918947
15.821212252780747,149.94508790400968,6.330802485337436,92.76504517334229,7,1,5.863333586023906
6.560636074875559,73.33717412840944,5.367512031528435,48.34990259135435,19,1,7.369697395122079
10.289013649506254,106.51215242315088,5.795966046370062,65.64469303537993,0,0,6.380076387451393
8.119576574164656,76.80967896427327,6.342619849725975,48.6533185561628,1,0,5.992100463830932
8.028089755106754,85.66785096693616,5.622708867674451,52.9786854497205,17,1,6.599164566641796
9.019154031751865,86.84855218391273,6.230952943915062,57.20853409504182,1,0,6.343004442948817
0.892705399704624,13.04050399656357,4.107381432220117,17.776148831284964,7,1,19.912670895870786
8.279249363590127,88.25661978652441,5.628529202874087,58.8789193718183,11,0,7.111625316028247
9.547136369165813,95.47410480497858,5.999827736746457,60.50656466286175,5,0,6.337666324561838
1.9153929271021568,31.476162388839903,3.6511304715747803,26.11843745362983,17,1,13.636072830834262
4.757234891373825,57.10554357760088,4.998360502331132,36.12526939406915,14,0,7.5937535604084205
3.9501731893123084,38.98352649079315,6.079757597474254,23.095722219347365,15,0,5.84676192978975
11.617058395508826,120.99723289720464,5.760656562474435,71.32918732476642,6,0,6.140038630807124
6.207252652257744,69.57537222784043,5.352974008041822,42.325194335991746,0,0,6.818667888537925
4.636790877169892,50.21129126784805,5.540734874674274,34.131885920512936,1,0,7.361100990896024
4.384005277816459,50.64080365417879,5.194236617279313,32.821112846070164,6,0,7.48655869830918
8.965178952313696,97.30146658711617,5.528290127643845,65.66521082414403,5,0,7.3244729607095485
6.5304013540814845,68.85594579710963,5.690490148801888,43.630118134530115,14,0,6.681077589092039
21.21938804417665,215.66604927027876,5.903401518034185,127.4450161959883,20,0,6.006064639124394
7.06855454248492,84.56114886118952,5.015462517488899,46.73655861798406,6,0,6.611897572138423
7.784858803613002,82.76443036753928,5.643626448493945,47.62598380042335,14,0,6.1177710478602165
3.2008127097379844,39.43938944512126,4.86946591431161,27.706798011201467,22,0,8.656175953971864
16.070934494147846,155.53036957122924,6.199792827003245,92.38473119562494,11,0,5.748559999996664
2.503728343528066,30.92963473836224,4.856950361116307,18.749882938550726,4,0,7.488784870378469
7.246214675638699,77.9672622643969,5.57635176497479,47.11505164402347,11,0,6.5020226080827
12.43300199908504,128.02229759900655,5.826954631619509,77.7808686289353,1,0,6.256000653314404
7.257597008188098,69.22150445359513,6.290759265181931,41.45619127355238,23,0,5.712109838391559
2.507235158811937,38.42179091824444,3.915333094410317,20.82296077880822,21,0,8.305148683650105
6.765434612229122,78.49021794919298,5.17167727826294,53.04416073120778,0,0,7.8404661003338605
7.1625098557881675,79.8956498738028,5.378898501058468,42.803450420838615,6,0,5.976040701186371
2.380515424477815,32.64496995761647,4.375281265509167,22.880339482106965,3,0,9.61150650268353
11.84867974964867,121.82190090006591,5.8357387278179935,70.54627578842108,21,0,5.953935567421583
5.425030413677163,68.62095966403102,4.743475264908715,44.15858849550983,20,0,8.139786347405655
1.257968099965302,22.972547746291568,3.2855775002188192,15.256228165434065,8,1,12.12767491151395
12.195486443133893,121.9010390966837,6.002649296596029,75.33558830156828,12,0,6.177333610500015
5.351673852718995,72.96033409346465,4.401027423364032,39.29204272539005,15,0,7.342009959262962
4.750794573047365,56.600613866445514,5.036123372361982,32.107385045163625,23,0,6.758318961488701
2.998876722523085,32.94612667569143,5.461419034855602,21.666724194124484,19,1,7.224946604639129
5.377449234556543,65.63487060911706,4.915785634664983,43.88757483214154,16,1,8.16141127843874
3.1546953225115875,42.80390931083628,4.422066171016218,28.482632350496907,10,0,9.028647599420367
8.032417239801774,80.359252999539,5.997380717200933,48.022958698223384,17,1,5.978643447487111
3.0990331490794936,33.26758517685495,5.58928422235269,17.832645605033957,15,0,5.754261005672299
6.549689720868007,72.37879464129061,5.429509916539736,44.11319541330514,13,0,6.735158044625506
8.993928788606306,92.58475328055034,5.828559327486396,52.223185463251404,5,0,5.806493101147166
2.960566715575908,31.179601686820824,5.697122263419993,20.569744082486174,0,0,6.947907633449436
5.452715463587996,60.543596613969996,5.40375772356724,40.625364333240945,12,0,7.4504830858180595
0.7692975973394981,18.01504729774942,2.562183439070753,16.861548898306175,21,0,21.91810939826063
9.85042016680612,100.27929460867557,5.893791059408143,60.91685264801773,23,0,6.184188249481472
6.077553857628246,69.64752277824664,5.235695641591272,40.18793622934144,12,0,6.612518320820723
5.946530340736567,54.94741178887854,6.493332603455025,35.787188769544485,23,0,6.018162982266346
8.744366002023435,84.0265222442729,6.244004227571922,51.71530393241545,0,0,5.914128470886122
5.444437887056885,58.07826898895681,5.6245869394889585,38.922600355745885,19,1,7.149057655387522
6.717678519974159,80.41618119829475,5.012184179755561,49.73884655970165,5,0,7.404171904298418
6.012895289279347,80.32274861860452,4.491550943678709,51.48725550776256,8,1,8.56280594135099
12.610619796020103,125.52463589906594,6.027798307016133,76.1011770125999,8,1,6.034689669782714
6.531684977122315,71.05843468573977,5.5151946473426445,42.58909515587652,5,0,6.520384143608857
8.25755080780236,71.65776574386439,6.914157081580013,48.667119318268654,6,0,5.89365060548998
8.822858420722875,96.832499967867,5.466878428410293,56.12483604155079,13,0,6.361298500464022
6.5013257775465805,73.20979571814247,5.328242523098959,48.959432670789944,0,0,7.530684408998479
9.659076107003777,100.63049993635008,5.759134325942881,65.99335560043906,5,0,6.832263755804492
9.031463198079361,85.80588936753259,6.315275045558847,62.70649458023959,6,0,6.943115772599816
3.755856040454853,57.68203214100852,3.9067861180133368,33.796637363643804,2,0,8.998384655752371
2.4157511412863695,42.86501790577869,3.3814302561539793,27.07196716692582,21,0,11.206438736280674
1.171336549029252,24.308150850262763,2.8912192200335722,10.202368597333049,10,0,8.71002326853737
11.46873516064474,121.17058498294573,5.678969939243383,71.44168045864586,14,0,6.229255402444013
4.103944666526302,49.242161740487006,5.000525388980269,28.353140313520445,13,0,6.908753069889553
4.311714898836143,55.73189642420431,4.6419180133589375,34.020363580541144,7,1,7.890216393881754
5.630867392731163,54.8342956879451,6.161327310312185,33.087925714579995,6,0,5.876168520198665
6.094316041809499,53.206588848568074,6.872437613869147,34.51927475094278,2,0,5.664175358502323
7.055683802564115,67.88420509314575,6.236222808722135,44.231526175324674,19,1,6.268921257391161
10.606322479938536,102.6180067711907,6.201439384953746,65.01881696859348,18,1,6.130194239480664
7.339815073866316,74.19696046217133,5.93540357568296,44.27100753354058,15,0,6.031624378544515
8.459895352595636,90.82773487607145,5.5885322016267045,54.96723718481693,17,1,6.49738973047132
6.413596076268399,68.17833489292302,5.644252902046866,45.03236428488663,19,1,7.021390768825539
9.568568889030857,97.94513494314793,5.861589079182901,58.82654633603721,0,0,6.147893903285197
6.162699334754308,60.35663529270309,6.126285176303747,40.69170446344912,16,1,6.602902762750376
11.408430311102165,107.04887650773894,6.394329777170941,70.96687712758988,23,0,6.220564546774515
11.319398391752706,114.12120576758025,5.951250680687256,69.05500898658559,19,1,6.100590031083184
14.967961195471421,143.4590205281708,6.2601687117467195,89.51378577115982,6,0,5.98035928889516
6.8690540425398705,73.84887865128053,5.5809004832498665,48.52365775507265,14,0,7.064096082891023
16.913086207692572,167.4841720603463,6.058991485451632,101.80526491474173,6,0,6.01931922208483
4.932433202322736,66.22881555143772,4.468538198595938,34.00300049969521,3,0,6.893757929389258
12.9423980290795,128.35886920820408,6.049787494506356,83.07562133699095,7,1,6.41887393281626
12.804354689715774,138.1192556090401,5.562303952445156,88.92731278319042,8,1,6.945083523390306
10.120175778150212,105.51923094861777,5.754501252806627,61.195898022860064,23,0,6.046920465055952
7.548546777150985,84.07394086260865,5.387077160676896,48.130563317871314,11,0,6.376136326472765
13.181738401480107,136.9541562249302,5.774956568604201,77.69112145976948,20,0,5.893844885515704
6.7524128380694055,77.09019501749269,5.255464332295854,44.612250800028164,22,0,6.606860668901775
3.6477069038111547,40.01912120314784,5.46894603501323,28.888536467276456,15,0,7.919643005608118
7.237500237781602,83.63583238665005,5.192152715828188,43.91305654138857,11,0,6.067434210523571
7.984994405165437,81.62045409325489,5.869848062380713,56.937038182601086,11,0,7.130504455428161
3.926897104385618,49.15220625750518,4.7935554515858705,32.67583306336535,18,1,8.321031133429111
2.8970787837858842,38.87081630587997,4.471856872243218,23.307109772628316,7,1,8.04503829963876
7.477426375254716,86.16141557125698,5.207035881905228,51.84268786047431,10,0,6.933226120692938
1.3964274646032873,26.92624848260514,3.1116717923153807,18.750109419126105,8,1,13.42719897338373
2.2158811807646277,23.625967593930625,5.6274042668217525,18.962528168858473,6,0,8.557556394930494
6.394090461928883,82.09675470574345,4.673088833910914,50.26939520429727,7,1,7.861852362522359
11.761032193334271,122.85889285120547,5.743678094630758,70.82423881439908,2,0,6.021940731914644
8.490585958501555,85.11231799343392,5.985445697171521,53.30639040224328,20,0,6.278293472651087
9.914045589850877,94.40261515113924,6.301125603763256,59.77425822751101,20,0,6.029249884497466
1.582671216668923,31.939657635321314,2.973114930797538,22.77183791407579,16,1,14.388230274386421
11.48527709151717,109.25309594516942,6.30752492210267,71.50106408372685,18,1,6.225453988962644
4.492464414719124,57.236480967567076,4.709371721086175,45.07278233392301,9,1,10.032974815837473
6.962731438072596,81.07908009081501,5.152548423297687,49.10088707704651,12,0,7.051957628088336
15.050901756440876,143.55950986950913,6.290451299306462,85.28877100992432,23,0,5.666688441004931
2.7981758199967386,32.74966159525407,5.126481954981003,21.47296830099188,1,0,7.673916752313622
4.6568173536450805,51.09005186811272,5.4689519975432805,29.52840866569173,4,0,6.340899035384895
4.466472791226581,46.264974370686794,5.79246765223306,34.43775996096273,19,1,7.710280924269427
7.505720389234098,80.92889484626482,5.564677785474923,46.62513637814713,1,0,6.2119468832098175
0.9705772852991013,22.968871316702213,2.535372170229355,20.63667399873298,18,1,21.26226763319874
5.434144764666666,65.27225569784099,4.9952109421397655,40.21556426141229,8,1,7.400532375011018
6.735449600910507,67.61910185201816,5.976520908826133,49.39681219480824,16,1,7.333855217049017
8.52032240104165,93.72265782182396,5.4545971693886175,54.11826599205198,23,0,6.3516688036870255
5.971177994732598,59.814545657456435,5.98969156659128,41.13785669142706,13,0,6.889403854267336
10.512594803453078,111.64970720036932,5.649416411591791,69.64441411490868,0,0,6.624854797222142
1.289410445469266,14.684737911755104,5.2683695952261935,16.93971029267513,12,0,13.137562482294083
5.315784743768997,69.24850217806198,4.605833694511052,39.46699606010186,1,0,7.42449101355428
5.390417943640779,57.384662852083764,5.636089166405244,34.58958515401463,22,0,6.416865169948629
1.7202222004700984,31.07653296556122,3.3212627722206385,21.274256003048453,8,1,12.367155822797004
2.2234167124370168,36.08151941281231,3.6973222003186974,19.93437632632929,22,0,8.965650125243437
7.959635675804446,76.01951517809795,6.282309738879554,47.608056262486876,23,0,5.981185345857596
10.039242695814355,107.36398324788838,5.610396927600097,69.19535275635846,7,1,6.892487297394251
8.066283048377052,81.29205986000686,5.953557871901394,56.05188590046657,8,1,6.948911359085558
6.538104650156452,69.00650012930215,5.684772858706553,41.42934113472087,20,0,6.336598043552193
4.500446110856102,48.48268143454814,5.569550995563305,30.56026030575326,16,1,6.790495775970951
6.339429940666628,78.73763090469106,4.83080062315332,44.32823188675717,12,0,6.992463407852694
5.961316794107328,58.632002642216165,6.100405777183943,37.88525832926084,20,0,6.355182862737617
2.49253969777911,37.01458396359473,4.040363712147545,25.881484035608803,6,0,10.383579470637757
10.403203443006712,101.88686365218268,6.1263266353084065,62.279063348994406,16,1,5.986527485517927
6.239598563262463,74.70281994545643,5.011536566746676,46.59608727570342,8,1,7.46780210349622
7.1936640828601295,90.67110348336627,4.760280049429298,51.99550921753666,2,0,7.227959023194166
7.33519009840038,74.2346393201963,5.928652849051911,49.34750474146741,8,1,6.7275018206043296
8.812014162830227,92.14848031294738,5.737705580973378,52.660182856350715,3,0,5.975953043570394
7.44349682989765,76.68025793365348,5.824312826129013,49.45486186781599,23,0,6.644036129521131
7.219369896261518,83.20275619140082,5.206103903327896,47.52782643731055,6,0,6.5833759899077045
3.840734057745146,45.07439586855716,5.1125265025562125,30.710254101254453,22,0,7.995933495922422
4.097078771915118,54.30684326560086,4.526588391680977,41.07004917032088,19,1,10.02422737191438
13.743200243254169,133.30241662227098,6.1858744611647545,85.56143418116818,8,1,6.225728554247465
2.201013420453844,45.27154577666606,2.9170818659189157,26.05660430958285,19,1,11.838457715632664
4.034057194161823,35.157369579412,6.8845716999103646,23.01456492938985,1,0,5.705066592188389
12.098430399186581,123.14706720150527,5.894625348757976,74.10263165704606,4,0,6.124978961074838
7.584429803535705,80.19662013111773,5.674376145380329,48.089644255256694,19,1,6.340574769752407
9.674135077953139,98.78680708974485,5.875765416224746,66.96163464692128,9,1,6.921717973477902
7.080982158659637,77.44120478114996,5.486212807771214,44.118333384356816,3,0,6.230538701527812
15.031541007826625,147.63447263591883,6.10895574974385,88.95377651938001,3,0,5.917808192324629
4.1989984470335315,51.105216835051834,4.929827567999133,32.80314457626662,19,1,7.812135438973804
7.952629359898951,86.02226738343526,5.54690984215815,49.26407544927895,11,0,6.194690236375472
12.239722601057716,132.6513895383893,5.5361904509182125,74.98378412924252,10,0,6.126264995806578
9.444861129355498,80.4102715348138,7.047503471194965,57.177749364730495,8,1,6.053847545414595
14.489133182693138,153.4846761506506,5.664070269192819,89.83024687152282,2,0,6.199835817564471
8.628560187592292,105.01582979844034,4.929862595469644,62.846149484198776,23,0,7.283503634195003
7.45912830288978,68.62567842112823,6.521577760251291,42.80920984122709,5,0,5.739170597808614
14.784547676222225,145.34806747219417,6.103093601454557,92.77052858947842,9,1,6.274830358096104
4.369671817028558,59.55480197001782,4.402337013121211,38.21953860365748,19,1,8.746546698247773
6.475658052060448,75.79212189470626,5.126383500166455,46.11832572816633,1,0,7.12179756210139
8.85857180792726,101.78440339539803,5.221962213708539,64.66808091036437,14,0,7.300057200246987
6.910416895335856,76.4254118946939,5.425224456643565,45.95931504437971,12,0,6.6507297230359095
4.309139856052955,38.58549861652839,6.700662182253779,30.238310420999266,17,1,7.0172497136578595
8.434485264538646,95.73814425336687,5.285971645042843,52.26628974697321,21,0,6.196737335794267
7.699811922846118,85.11116151751006,5.4280626316646075,55.77878826747045,2,0,7.2441754196578705
7.562104337242627,88.85700025752169,5.106252280851108,55.87347573560791,8,1,7.388614761692256
1.8440653102502262,19.39264780335677,5.705457023556199,17.306358421439864,8,1,9.384894518237815
10.388273093943917,98.19851976858563,6.347309380075114,68.3296123315923,19,1,6.577571817150881
4.704112505606573,54.43575009076598,5.184951982213474,31.629569463910197,10,0,6.723812286847445
3.306375441935562,49.7559428227717,3.9871121972859167,27.049792528774883,10,0,8.18110133099097
4.181965703895102,59.30722625855266,4.23081567058654,32.41127018864122,6,0,7.750247726434774
6.743057942009409,68.33304561360562,5.920758732287632,42.697323359851275,13,0,6.332041594043846
2.6252220144111122,33.18836592977453,4.746040259950118,19.921243778292908,14,0,7.588403445093624
6.064695230606422,83.81402326505417,4.341537366433809,42.530437141074515,12,0,7.012790507004884
8.928401159973024,89.03893465537882,6.016514816487864,55.90159709103349,14,0,6.261098273859638
2.837805407294738,41.59233416233968,4.093742942464045,30.344919624332444,20,0,10.693093876813798
3.185681501964969,37.96007253068011,5.035314143918301,24.50505451008497,20,0,7.692248737034742
3.4149434831974124,45.58304790592199,4.495017740251312,25.093248526356486,13,0,7.348071395565724
4.45832906062421,46.92696270131408,5.700342153828802,28.748221639706195,22,0,6.448205426021461
9.496632564087468,92.44267817453223,6.163797556464847,60.285507673109905,9,1,6.348093102083996
2.110025118307684,28.76552826897293,4.401153558337948,18.26285707996577,0,0,8.655279466347414
7.824051020741975,79.14515541677862,5.931418780750761,49.51783598050022,18,1,6.328925495146415
9.885838803328724,99.14784909765467,5.982483065421884,65.04987300467121,18,1,6.580106584660054
4.941854586075711,59.63179983270375,4.972368367153117,33.548987286841886,1,0,6.788744327154086
7.178710205621846,87.95066265089937,4.897320831418503,46.60579297709289,7,1,6.492223761950246
10.56112137218379,103.50706210090611,6.121971481649079,63.136568706887516,6,0,5.978206904541271
5.225963908422172,53.102880047790734,5.904723702803675,33.842934463235196,12,0,6.475921965074015
3.2634493027934712,41.428099332234595,4.72642871200354,25.295373434722283,6,0,7.751115794282376
5.688376264026812,58.087307612930076,5.875682483269989,39.64859838270697,17,1,6.97010825979357
5.928610634110462,55.54669597168245,6.403920734150795,34.870325960545294,13,0,5.881702832686919
9.446235773850166,103.40171813877497,5.481283644342786,62.52454398335756,20,0,6.618990408480282
7.060276971063109,76.02553077080861,5.572031052842605,42.909185863503836,20,0,6.077549937398948
9.762131589231586,100.93014498119798,5.803299851228876,62.75940934236116,7,1,6.428863283464629
11.195536562276796,101.19684374422852,6.637876922667543,62.297466457142164,13,0,5.564491358730639
9.100007549830012,90.39149454291348,6.040396342053913,57.17054046224705,14,0,6.282471761610241
2.0802575201295936,22.227057071807792,5.615473555700192,14.267027031707475,10,0,6.858298500859972
12.056206642158015,120.38304039650639,6.008922819584093,72.29960207425528,23,0,5.996878140877148
4.5496712263274235,53.7529905503058,5.078420210391298,32.49309578065649,1,0,7.141855787870963
9.707680870596768,100.17072353178133,5.814681492751799,60.30828950015894,21,0,6.21243016782973
4.46602103606767,48.19251365634759,5.560225890578052,28.73284287269691,23,0,6.433655963697871
1.1576419026294755,17.300953042177227,4.014721847313192,15.33351114457561,8,1,13.245470045397433
8.155454524514674,84.2397924356741,5.808742606346437,53.48315054728123,7,1,6.557960734930831
12.885543215518057,130.11196343657443,5.942056153106641,78.07418146501709,0,0,6.059052393770436
8.63917526376101,86.27728958429157,6.00796012859491,60.85206238840187,3,0,7.04373514028124
9.00087883487283,87.38347073928212,6.180261844985245,54.118221467345904,5,0,6.012548603328746
5.385334524146275,55.09973439497723,5.864276388929952,35.14248654363288,19,1,6.525590264832051
5.255066123827827,55.345019310963565,5.697061295761614,40.853955607096125,18,1,7.774203909985783
4.203707848986202,47.11747415665931,5.353055855680338,31.197477295963793,21,0,7.421418998822102
5.4022793011600685,54.03142569406412,5.9990413709407955,38.1040709115764,7,1,7.053332267251353
3.856866803871009,44.03873491618755,5.254737872753906,29.533370565308125,7,1,7.657347807724774
6.709355160234825,79.8010018589887,5.0445646074147055,50.170327440386,19,1,7.477667561517202
5.157945125604416,56.654468669860925,5.462529519774679,30.561773319990625,13,0,5.9251838815189695
6.058243892973728,59.091096728352724,6.151428111910706,45.602512279923445,1,0,7.527348367868227
6.004223446760769,52.487050707618934,6.8636625977034065,39.372415615345375,18,1,6.557453426651947
11.645243628277829,127.82551295784891,5.466159309895156,73.50433542980598,2,0,6.311962014372752
4.499531984868566,59.33170728794907,4.550213223797595,35.906942522938486,0,0,7.980150523140986
8.935736702091527,94.1292582571431,5.69582945890053,57.3415303418876,22,0,6.417101606011518
10.753970767313227,115.76195628313833,5.573836748755582,65.65667549564792,23,0,6.105342567529741
6.418673707760595,72.93363770815193,5.280422512403904,46.005699610951446,16,1,7.167477535947583
4.41763266303646,51.304672897483684,5.1663512271449985,34.4254740591405,7,1,7.792742558064606
2.0186329995917407,22.726566672006076,5.329356683017767,15.627594753092533,3,0,7.741672090099162
3.0476322692138655,50.880491556321275,3.5938712571284914,27.574485450822003,11,0,9.047838785988056
2.128743291038948,28.536443262753224,4.475841515576945,19.97349274151712,12,0,9.382762508563875
6.319911780686167,66.58486519505135,5.694908380911645,41.06049979933268,1,0,6.497005215296637
4.169270807097776,49.748177970373575,5.028450460534285,33.83990916495252,15,0,8.116505434797707
5.628591148404888,62.98504845720865,5.361835501860945,36.621264780873155,1,0,6.506293282867317
2.0173358249504014,33.6042645120416,3.6019282449598355,20.518544235642015,11,0,10.171109828055766
6.539614250812784,73.61405361646568,5.330189491983115,46.81114655708189,2,0,7.158089875295612
5.5108190644248936,58.13618968288612,5.687492518327679,37.326443901250634,1,0,6.773302382981794
2.351348760343252,33.31745890364201,4.234444350291469,25.605361202462433,7,1,10.889648373014872
8.118337296388846,88.32350631358149,5.514955849396905,52.84997893817241,14,0,6.50995111544341
2.0654161042908017,26.61679999732748,4.655892754571965,24.721048185516963,22,0,11.969040104877747
10.547724541244563,115.60945002084618,5.474150014212148,67.27225395248239,1,0,6.377892567200536
13.88439366961793,136.83803143766767,6.087953848974744,79.95764806697049,12,0,5.75881453447515
0.606866600933211,27.052654224367792,1.3459675991124893,18.69369535813144,18,1,30.80363185152248
20.155387863473383,185.04567729081384,6.535268964472249,115.82823931021744,7,1,5.74676310348397
2.431367721896408,37.810082922060936,3.858284670110234,24.412093992792816,19,1,10.040477947018221
2.7959780372469663,31.821584351546125,5.271851972595671,18.85316986807683,10,0,6.742960644512225
1.5548041679251805,22.18640785337135,4.204747820920238,11.465080730813982,0,0,7.373970926585334
5.741271686141629,69.10055189252112,4.985145440000184,44.819187274815114,6,0,7.806491266212042
7.859165580301933,81.36162666507148,5.795728946758536,48.120359910502124,10,0,6.12283319632686
9.2482960049152,110.81913509283244,5.007237782807796,60.647062411965244,14,0,6.557647201142037
3.6870886971968146,48.29196558865872,4.580996427359404,29.143106801689598,3,0,7.9040970248006905
1.0257110029125198,17.05674493462046,3.608112826371499,9.690229201059434,12,0,9.447328900191089
7.422923222795807,81.9251130610945,5.436372032048536,52.000514973215516,18,1,7.005395773665268
16.859962404453288,162.31646174388055,6.232256010258523,102.60480164179569,9,1,6.085707617870742
3.7566498552493117,50.8021557303088,4.436799739592244,27.42964047941024,4,0,7.3016228651391994
8.907646012275224,90.39169402054988,5.912697693385503,56.63641715572586,16,1,6.35818004865458
12.72505208075803,128.9655279835466,5.920210902737431,77.4947380496994,15,0,6.089934843322311
2.5376995795601025,36.029890874451596,4.225990450655887,26.75714545604411,9,1,10.543858568429258
14.94073293060653,146.93716936169264,6.100865966934163,88.47586085160064,19,1,5.921788526877102
2.085121552631007,37.016883529364165,3.3797359807077574,28.30966565132173,19,1,13.576985771213474
13.275836686714593,120.66301491692336,6.601444541654304,78.8603910881495,2,0,5.940144711712727
8.19277173882195,86.3200089441986,5.694697096788869,55.03051076851206,14,0,6.716958866038781
14.418120661270212,137.55604100187438,6.288980355754966,82.7988825992469,15,0,5.7426959133210955
3.0742019838828862,31.57591237278972,5.841545189741636,26.27396672779069,4,0,8.546597414723292
2.8252536095660252,32.40043749180385,5.231880483615162,22.64601165828317,4,0,8.015567728718601
6.7372669943944565,68.91687948056665,5.865558956099498,39.054376278886686,3,0,5.796768379727377
12.026300102980256,118.82467703600821,6.072627539817768,73.57942320880545,7,1,6.118209472468728
12.12199368733691,123.12191928354683,5.90731224360802,74.4309883375574,6,0,6.1401606251709895
8.742260156532724,93.93410098852999,5.584080795706055,61.00326504430288,16,1,6.977974111044693
4.561911545949491,50.60279437975814,5.409082563757771,34.03291425351295,22,0,7.460231069962477
6.575422097879361,80.68653871064504,4.889605282085444,47.3263653843173,11,0,7.197464235730284
7.9535077800239735,81.35358987462074,5.865880873073927,53.40531836936647,19,1,6.714687386551534
9.586815152077234,86.60259680660454,6.641936042739623,52.30383319517247,12,0,5.455809084191999
3.221370483651194,38.92478616170808,4.965530914315243,22.82557039271753,23,0,7.0856706822638955
8.310396166021146,87.0765275510032,5.726270718239317,52.16508482092577,9,1,6.277087611564658
6.24703275880032,48.58549554777407,7.714688536200215,38.8093992978182,17,1,6.212453303233703
10.29850650315847,111.93057401920534,5.520479061274942,66.08565872554634,20,0,6.41701383645079
7.824668995953364,81.82756097048318,5.737432891670236,49.566538707414885,21,0,6.334649904430322
8.561782180307848,82.14166460121872,6.253914299307359,61.67257911990171,9,1,7.203240846485096
4.000945312529864,42.2477307730508,5.682121012400517,35.665127714157094,8,1,8.914175258148042
5.544247353154674,66.46857617472631,5.004693350355946,46.23757094568267,0,0,8.339738110597377
0.5069072226527034,21.865692074622384,1.3909659596122093,13.780867952784842,14,0,27.186173991895373
7.194339726182426,72.85646173589765,5.924805752106115,46.535020173593864,13,0,6.468282280893484
10.383465315881232,97.31943813654196,6.401680187248676,60.82012363514589,9,1,5.857401338079605
8.286889823345795,87.36729165688288,5.691070193104432,54.25818004221557,5,0,6.5474721154563476
18.777578543916594,182.8846654750893,6.160465721432818,109.76659047840134,20,0,5.845620095353702
3.324697277821851,45.31389147654159,4.40222258934835,25.856397811443248,23,0,7.777068301503487
1.8028257360798339,24.846667483004012,4.353482986753929,22.53150616164982,23,0,12.497883578389335
4.4775876286969885,51.56569551356991,5.209960906105118,33.97037396149348,10,0,7.586758044393452
13.282686138404898,131.66503195487914,6.052944783223901,86.10831369536976,17,1,6.4827485041900115
11.344235848172513,119.89899345086306,5.676896288285323,71.4228352764138,19,1,6.29595824983836
4.23277915626623,58.07083410476426,4.37339592742543,34.23006033150642,18,1,8.086899662797679
6.734933126690217,82.21854112031562,4.91490097118208,46.80286240571652,8,1,6.949269061074863
4.2892476234797,58.41811170399472,4.405395003398984,33.04546342426059,21,0,7.70425639297833
5.305708527793816,70.63214379576185,4.50704869709378,41.07423796496679,15,0,7.7415179800775835
5.517485244138918,67.73633363594382,4.887319653697142,42.81361347408763,2,0,7.759624462895923
6.59480884168786,67.81716228447024,5.834637091441411,40.133025776091024,3,0,6.085548002907613
12.355742755009588,132.40273630176625,5.599163476583571,77.74207705383945,11,0,6.2919792516981
4.23223520601917,41.83159416577942,6.070390512845491,27.49727339732473,22,0,6.497104262593335
5.231278180387682,73.26829258834384,4.2839361985240965,43.13551067775893,17,1,8.245692389190097
5.903185424022695,59.27725680492653,5.9751605342831065,34.17444651924647,15,0,5.789153493328433
5.914851578847177,70.5595528022059,5.0296675735129615,44.18682388082536,14,0,7.470487347281419
13.300346841287254,140.36864431661104,5.68517858359624,90.51907048821406,22,0,6.805767666691413
5.554359539653297,64.74497550982619,5.14729629218285,45.39886609274108,12,0,8.17355552312245
13.8748425866761,124.57147413514906,6.682834581353571,80.69038999363381,9,1,5.8155895816158765
6.205922901057762,62.165642522166735,5.989729357831265,42.3347229186698,9,1,6.8216643348008885
6.6051790555501935,73.58749296155177,5.385572022953375,45.273896608682456,12,0,6.854302696100229
8.618497820052545,93.38020555089066,5.537681847587456,59.24729776076532,5,0,6.87443438494762
10.842089544270976,108.50605623491467,5.995290910286858,64.51550265699828,23,0,5.950467609916453
10.790683196590939,109.56216085143872,5.90934850831718,69.35455457002608,22,0,6.427262602977447
5.985643376554644,57.0573790551278,6.294341039504908,39.47627923068995,9,1,6.59516057794486
6.67372984960621,82.70968245194763,4.841316991018668,47.32938823974174,17,1,7.091894533689351
2.8047390411853423,34.97504938220397,4.811554106246583,23.083677498477503,18,1,8.23024073167315
6.289542795060174,73.33843751432748,5.145631410948543,44.0175617613147,14,0,6.998531243938149
2.7433613415358113,45.111624558392876,3.64876419555866,24.61859614694595,2,0,8.973880244723345
5.969434237891132,58.794648171829024,6.091813888004186,33.70972211060406,2,0,5.647054773906506
2.5020590055344183,35.28662313078078,4.254403709180979,23.09641098067986,17,1,9.230961751738011
3.6419474486367767,46.445477419553,4.704803547270968,28.859183452155783,2,0,7.924107598795285
2.0291853903401758,28.714364746153016,4.240077205145973,20.746248939922864,19,1,10.223929779252417
2.9416822556770432,44.03927133647806,4.00780780390491,22.005913240026533,10,0,7.480724064456023
7.841527801844441,78.57028452471285,5.988162967167083,52.81555781153981,19,1,6.735365753484523
10.727722175596993,108.8793650579574,5.911710912285281,64.71580479565387,3,0,6.032576509379305
11.386565585905121,112.25372094982598,6.086158475403005,71.01735196673735,9,1,6.236942248384913
6.731271157364918,86.53469817075725,4.66721763615485,50.685379345637465,3,0,7.529837702375253
5.9022525477186285,61.143474888786585,5.791871553052088,37.637592976630415,11,0,6.376818455723028
9.496510708438914,101.93827188443626,5.58956544949365,61.25259063412609,1,0,6.450010168439553
8.001622027235182,94.79444158749067,5.064614692529249,62.79267114781501,6,0,7.8474927875982035
15.349914235112912,144.63903655582482,6.367540022650164,85.97813155240594,7,1,5.601212504219148
14.103258632993612,139.50132539196673,6.065860059766467,82.68752320502702,12,0,5.863008355500565
13.94013493916133,131.54273687811133,6.35845137633637,82.79960045249689,0,0,5.939655592564751
10.053748228516877,90.40621334557241,6.6723831403625,58.3658672952223,7,1,5.805383819904191
2.4993513418781523,29.784057383777036,5.034944654463729,20.64672975211296,17,1,8.260835284005271
8.274734257945418,83.05042835793209,5.978103488364564,57.83861888512854,9,1,6.98978566346004
2.8105056494638907,34.228980953689764,4.926536936521205,26.301947114172116,14,0,9.358439510409546
3.6495145321239852,43.04777177868429,5.0866946854579265,29.87511006238032,20,0,8.186050445726892
2.320185965281534,32.918438133855176,4.228972144754324,18.85413540814673,12,0,8.126131133570125
6.49128469530239,63.240752591736495,6.158640840859244,42.064550300990874,21,0,6.4801579772694495
4.493034698648962,54.54703358281971,4.942195096817256,31.413744842562238,23,0,6.991654182418895
0.6979840650082971,25.56184921615286,1.638341715670317,14.987170268336627,12,0,21.472080839207223
10.935684293947572,118.40502997323999,5.541496486974792,67.17460551834711,11,0,6.142697952200883
13.185734154047472,129.11056172702365,6.127647797827348,82.96620302350897,7,1,6.292118592277381
8.29145064454534,91.98638321379535,5.408268281583132,60.81169710190685,20,0,7.334265101356271
9.641580412765236,94.68822267392241,6.109469672464709,60.173129101331604,18,1,6.241002670232748
10.532200396864793,104.72962141290978,6.0339378228096106,64.6088869348478,4,0,6.134414889606588
11.230412055269255,115.46485697781154,5.835755925680848,76.66336355121227,15,0,6.826407007500868
7.300778584548804,75.69873516949917,5.786711152994637,44.052617908661,6,0,6.03396163826868
8.178537266290272,78.02339751091809,6.2892959244532936,46.689165337609815,23,0,5.708742751598135
5.747921394639776,68.73082349468999,5.017767373397337,48.44909711079297,7,1,8.428976978699495
4.772405764180902,49.98002855852378,5.7291753148072155,28.906718824981887,2,0,6.057053874576234
4.465047634032398,49.06557125171331,5.460098623280353,27.39161966257793,23,0,6.134675799156139
11.220016879741333,119.32948805232775,5.641531056341005,66.7429168285389,14,0,5.9485576130503635
2.148306143889067,34.557507138066384,3.729967214312101,25.61830121175773,21,0,11.924883836798537
7.3755185310735625,79.43633359829225,5.570890445451368,43.457897600363566,21,0,5.892182009613626
9.351382774615091,87.34660070908932,6.423638263217713,53.837598597495024,10,0,5.757180504218106
9.628204301176286,91.67403691700929,6.301590695668291,54.90733017281838,10,0,5.702759149606983
5.864449468495548,67.1639909188427,5.238922870663086,40.784917339011386,20,0,6.95460290997686
9.944364762741918,105.27947314093433,5.667409495541286,65.73518489552303,9,1,6.610295022745943
13.287273208764077,133.1035750396556,5.989594135907497,83.89337578303262,5,0,6.313814314264109
7.408925890318279,75.8378938938899,5.861654782252755,48.706184099601614,13,0,6.573987217667965
8.888671218609682,88.95840860136357,5.995164273975176,55.78151455088903,14,0,6.275574062645336
9.868501502384655,102.11149986334384,5.79866215789115,66.86694913941939,19,1,6.775795608204696
4.679719308318293,46.60684121432277,6.024505226773661,28.352896954498846,3,0,6.058674695317946
11.012857285942395,111.66584967669287,5.917399447276684,68.57860565761916,11,0,6.227140139658201
7.768870226016913,73.58721007704952,6.334418889817278,47.71656805224909,13,0,6.142021512015048
11.921192801434293,112.97496453674279,6.33123958939974,68.72975469673258,23,0,5.765342096343194
4.841553074929469,56.64326228110586,5.128468467337308,30.457491963715736,5,0,6.290851611527451
10.490824802111336,109.91681529236847,5.7265986687514845,66.90923402395296,14,0,6.377881175795359
6.646736599376708,73.87142819297208,5.39862577072178,44.111326709755886,14,0,6.636539006810107
4.070459367058307,41.94694479400318,5.822296789977745,27.02054718647217,22,0,6.638205850952821
9.026969772467384,82.01662048539977,6.6037613247483105,46.38682493359613,10,0,5.138692839658972
8.982443921792296,92.79210386001157,5.808108803315914,56.80423332138081,4,0,6.323917389962006
3.9993472415109617,36.59785352374624,6.556691482875107,29.98574023267127,13,0,7.497658598242296
9.28184258233701,101.20313819574646,5.5028980807200645,63.260831357756146,20,0,6.8155466758442
2.3394054512915528,26.5666373515719,5.283481127851059,16.271961252393595,3,0,6.955596877578478
11.05328267424532,124.88467833988757,5.3104749859686935,74.24855510767513,17,1,6.717330705807229
0.8522039594327465,13.897885544403325,3.6791379093315193,16.175040355854314,12,0,18.98024548797089
6.242520534111623,70.960406447769,5.278312946563926,48.80541939551384,19,1,7.818223284780811
6.524776313159834,66.30334158021417,5.904477353014965,49.67929850634799,7,1,7.6139466124148525
3.2302717320433114,40.063402420888046,4.837739488185551,22.32419374276074,20,0,6.910933690596844
6.627070551855218,72.74747627050843,5.465814808925661,42.236493733350706,3,0,6.373327913572128
4.322715570737508,56.066194854993945,4.626012785691098,34.00569274165174,12,0,7.866743065829326
10.27324513929026,110.57629793426537,5.574383659722861,63.99391852569079,12,0,6.229182469417048
8.493771290296102,92.8078565970556,5.491197578567227,58.10265548926689,6,0,6.840619261275325
6.660485137972911,78.17015317116895,5.112297879259723,46.066504532477204,3,0,6.916388758206484
13.305416354394803,128.05206324582983,6.234378119555107,80.25410417322362,22,0,6.0316867984905675
5.315205838402787,63.72962801065735,5.004145799357816,34.36078231570456,10,0,6.46461931303679
12.605401881175215,123.40325234659495,6.128883141153144,75.99182007631686,22,0,6.02851228327772
3.908579246476645,53.094578447610715,4.41692469636986,31.96767364619103,7,1,8.178847512176711
9.504205239828924,98.2312923069134,5.805200165829456,60.623729708824236,15,0,6.378621692087477
9.23106202526482,98.80113321914641,5.605843814436709,57.30818284904278,13,0,6.2081895552422885
9.255418813785623,97.04762281665408,5.72219197863587,60.81254743067011,9,1,6.570480348235776
1.8082527468510967,32.83654416608009,3.3040981493765265,18.300092749207757,11,0,10.120317959464272
5.536596410761106,56.98345443815993,5.829688423087349,36.13567583813054,6,0,6.526694950691382
1.212490404435201,13.480926682101803,5.3964705825972,12.344505368792987,3,0,10.181115927711833
2.328871687367447,38.89365202921025,3.592676283962839,24.774560334786788,16,1,10.638010015395874
11.77372090714642,126.03345419868553,5.605045572385437,74.83590086146168,6,0,6.356180977250594
5.0844012185205205,57.064223414507545,5.345977827390782,31.260921326119412,12,0,6.1483978117714
14.522442379386764,147.5685863155176,5.90468855546378,92.9296214231712,13,0,6.399035299673561
7.592181781714403,70.55377256331579,6.456506723209809,44.94264653104553,23,0,5.919595687143435
9.120673349831518,90.35682179505118,6.056437025099785,54.66614148077854,20,0,5.993651935993121
5.400987345604628,61.10061395618976,5.30369860061691,31.98518626741972,4,0,5.922099834847707
9.211084575506511,84.4881579337423,6.541331803728094,49.99799012612232,1,0,5.428024215419058
3.1795397983616236,31.438929020470702,6.068030745496469,21.953318157177456,23,0,6.904558379325751
1.5851850256191975,27.214375709017716,3.4948845622659634,17.21945800878836,2,0,10.862743295258028
6.278603512508534,64.87334214075112,5.806949331100861,48.33730159163343,17,1,7.69873451880399
7.048191666690966,73.35367043443644,5.765103470581457,47.165343860494886,19,1,6.691836160386144
6.8690229294404475,71.38339193025826,5.773631157357863,46.198898892402525,20,0,6.725687097999817
2.40621709356077,25.95447945171867,5.562547531812895,18.32165924481637,8,1,7.614300178419728
5.066114296153664,56.28989163422173,5.4000256341659325,37.628633645269424,8,1,7.427513760168841
15.313214372524055,149.73670640841155,6.136056311038437,89.84615392560707,6,0,5.867230206534218
14.167595529091434,136.01209763866342,6.249853847587785,86.08430308217908,4,0,6.076140648243058
5.167271688341903,55.49659301425792,5.586582607347827,34.10801116789733,5,0,6.600777591170567
5.104337035881257,56.715193683924376,5.399967843884545,33.05939575711225,4,0,6.476726659058592
14.72414538583213,149.43587572300746,5.91189176545181,88.24691081502331,23,0,5.993346880419713
4.289262343838794,50.036588679844485,5.1433510441129355,30.177833396314245,11,0,7.035669767241553
14.959679826787637,135.07915107325022,6.644850685510464,80.21639978304108,12,0,5.362173570011914
12.425560831381878,116.666906340969,6.39027529969833,72.17797738375621,15,0,5.808830552055582
13.060080727590103,135.1316103831795,5.7988270948108624,79.3110297649019,3,0,6.072782505651225
3.5580637001608992,39.90894317553959,5.349272744974599,24.95472013035321,23,0,7.013567556203316
1.7952175444803509,27.626037671851577,3.8989685726292507,28.595179647652998,9,1,15.92853174567779
3.0154500897407206,50.68839705939328,3.569396861621902,27.67238211069411,12,0,9.176866234610264
10.787721193429384,112.88038565437348,5.734063255131032,70.38630399003483,6,0,6.524668438122587
10.067238748752331,89.71519710377996,6.732798281950051,62.89398041595822,7,1,6.247391363769226
8.74373173459738,99.36303272717211,5.279870085249296,54.49306174007789,4,0,6.232243096441146
6.303321355319648,69.62777251674667,5.431730294520271,40.11735016527004,12,0,6.364478011487271
9.529762055881244,99.98366040376135,5.718791660995883,66.80631444097666,23,0,7.01028147914223
2.79824348812463,39.00921218885462,4.3039733403138865,21.792215139751512,0,0,7.787819477552525
8.33848658483018,92.52651713460071,5.4071979642549195,51.376783222146365,10,0,6.161403835033296
2.6679512963006915,35.5331130466825,4.50501135568213,24.986633684710334,9,1,9.365475943791072
14.445395029762526,133.1191446656827,6.510886949900811,83.60459906308502,16,1,5.787629821879605
6.413225722081648,71.66018690442075,5.3696977352031,46.33908046856101,17,1,7.225549587161568
8.383966369710926,79.16479327970691,6.354314352913294,48.30918796513423,21,0,5.762092288402142
7.229385467600393,87.96399791528529,4.931143858124366,53.34541757249565,6,0,7.378969873936225
1.8500716832186928,26.47779942322598,4.192353723162886,20.15615598022081,4,0,10.894797300585566
5.948873577426973,65.22941908595777,5.471954520632192,37.75250630874703,11,0,6.346160465066712
3.070464278621779,35.57802402400682,5.178136272913755,21.03638373512691,3,0,6.851206145465854
7.33711968387991,80.06908133177899,5.498092068880411,48.5891918470296,11,0,6.622379617683348
7.723960142084704,84.24183418074827,5.5012763317894535,49.40412926909965,6,0,6.396217530942026
15.3440838444365,146.02453807163195,6.3047282520049475,92.33115250572797,7,1,6.017377996745348
4.848183222686753,58.35203199133336,4.985104775861264,40.66615532673777,17,1,8.38791635110719
9.468769687978714,97.62528452262424,5.819457367594786,60.230640551821246,3,0,6.360978515327962
3.896345416807795,46.49189502436707,5.028418929491687,28.761941430680377,9,1,7.381774035384294
5.219181618073854,54.463409340202375,5.749748333387526,35.09781049295465,16,1,6.724772782654677
10.01821775730562,116.05028958354741,5.179591258198419,66.28636676747031,11,0,6.61658274687951
4.7819780172787185,62.134553348772286,4.617699260284331,41.49776249472012,20,0,8.677949238741014
0.6717898353386962,22.41628642276101,1.798129688394529,16.05157486099984,0,0,23.893744764546963
3.1655671050250636,47.249007526338104,4.019852188337047,32.63920223131519,9,1,10.31069667722516
9.660254483067726,100.7417409507763,5.753476796348705,59.58168541954773,0,0,6.167713855155799
7.367864689697495,76.21478901341234,5.800342520190583,45.32188572180248,1,0,6.151291809847729
2.9680615714037493,22.854162909942076,7.7921775120783145,18.965452599023894,9,1,6.389844732922489
10.805225182880559,101.93310632381338,6.36018595286717,69.23703197958574,6,0,6.407736146885916
14.631257070392122,156.67146659698048,5.60328848188906,92.68358593716897,3,0,6.334629040502876
11.6047147321415,123.40363909921021,5.64232051024617,72.358197744738,23,0,6.23524140100816
14.754498864602766,146.00440179792278,6.063309879529679,89.55900217911318,18,1,6.069945377404342
7.291674274571924,68.15984934313717,6.4187415419862015,47.6237613057429,10,0,6.531251878847643
9.552066362549287,101.77725131941983,5.6311599529668275,66.49656864364172,22,0,6.961485203280654
5.112533052122297,56.34453198885521,5.444219204589586,30.3623572032389,2,0,5.938808980537541
3.83449715053682,50.69822184048341,4.538025608789585,29.61172297475942,22,0,7.72245272645824
5.424046920553903,54.14491652425333,6.0105885487413655,34.786562091051216,21,0,6.413396233581773
11.298364497601376,110.74558547161288,6.121254106601363,71.57847898560378,11,0,6.335295608563502
3.5763842026074366,49.49813506661926,4.335174484203093,33.71590252125091,17,1,9.427371504624597
3.9155439913046752,58.80677122986084,3.994993001060848,37.03701000028781,6,0,9.458969196243643
6.748902904635842,68.78948572742617,5.886570745457752,40.45456460960946,23,0,5.99424309124689
10.465638441501609,100.19307379155875,6.267282584786816,60.171626320094646,11,0,5.749446310077308
8.068365933907371,90.75260972996124,5.334303415349828,54.36281650796792,5,0,6.737772797278289
12.712965557073625,118.85717887478472,6.417600860508386,70.35874988337068,2,0,5.534408912499755
9.468075592964292,90.08452210158029,6.306128093095495,57.37342368179202,16,1,6.059671061818106
4.152868945861672,50.97143376802963,4.888466310084188,32.17070324761742,22,0,7.7466213518910765
6.107897620764519,79.48519126078011,4.61059288444712,44.536488998933564,16,1,7.2916233644006265
2.9908029730491488,33.824508450756774,5.305270840644959,22.343803295843692,16,1,7.4708375968558025
6.27725983695386,66.27680299187435,5.682766416228734,39.61666212485516,18,1,6.311139438841483
9.818609552721812,101.03530805399038,5.830798999974363,58.672192855384004,6,0,5.975611163713045
7.382398352938372,75.6052831042354,5.858636896652116,47.658217931953395,8,1,6.455655148029811
15.818545733657318,143.76590453827737,6.6017930125201545,90.64434440888729,18,1,5.730257757893773
10.779243042724044,113.82493042556455,5.682011666032915,65.21960349200393,15,0,6.0504808392855525
11.0509204209987,112.57623399480651,5.889833064503746,66.44929679815618,5,0,6.013010162654939
5.125206296413082,60.328049347598906,5.09733666362982,37.849619631683,1,0,7.384994367577431
2.9679965346692705,37.86174563854006,4.703422651989031,31.449051011839856,18,1,10.596053817611443
3.2875936191511657,50.66739402956336,3.893147080624976,37.73511910029161,20,0,11.478036360842726
12.912289581935573,125.18337388354838,6.188820055583679,76.8751979531705,9,1,5.95364574697269
16.687826976789907,155.72814107264105,6.429599760908605,96.3196810273045,19,1,5.771852809911664
7.855249877022938,92.6794904484875,5.0854292610007334,53.52771740766128,20,0,6.814260303065973
6.631788928656256,58.49438344724118,6.802487901736183,40.03402527371607,16,1,6.036685682309227
11.309295056819465,112.86086693885278,6.0123382161932675,67.82857517389239,23,0,5.997595326066941
4.572056881355091,52.695466393285685,5.205825693503284,28.166574558100326,23,0,6.160591455667141
10.881589630292185,109.24699277632641,5.976323569421053,72.43455346592685,7,1,6.656615065163222
6.551845231555446,61.6593361805397,6.375526209725827,41.250276872129895,21,0,6.29597852425718
1.0110326169320973,13.989023766903792,4.336396736950589,14.427776222970856,13,0,14.27033706068837
6.883705809772602,79.70129449742537,5.1821284860021715,51.93718390767526,9,1,7.544945316219284
2.078731181661992,39.02062181844737,3.196357850985223,21.982184963716172,5,0,10.574808882282184
5.503530512392857,59.02791361661304,5.594164023622805,39.72991216031085,16,1,7.218986443492407
7.045859011914468,69.82874879426967,6.054118797980814,46.60195255723813,19,1,6.61409098286451
16.90014688521553,153.3925757167291,6.610546881913681,93.25913019875343,4,0,5.518243766291625
5.449079215963121,66.68513153969099,4.9028133469781014,41.9094585497766,11,0,7.6911083301932015
6.4010278230104065,75.60713118313288,5.079701654733652,44.541317657296375,21,0,6.958463373206925
4.256394204465892,33.44279499388266,7.636432670016611,29.348805307843605,23,0,6.895227250579908
11.476380956328114,100.74395785303311,6.83497920921672,65.68700118391618,10,0,5.723668588022616
8.537805350702738,89.66115354168048,5.713380888012196,48.90343818973202,21,0,5.727869889386366
7.1536633962761265,77.9800568283134,5.504225326759755,51.18401043247613,20,0,7.154936931911028
9.639198337840124,95.88881833976217,6.031484278189113,60.68576834438066,6,0,6.295727737663571
9.8314524686911,100.28537789684127,5.882085309866953,61.38186558679417,10,0,6.243417824809581
6.558664514834236,69.54454618563085,5.65852956807938,40.30362248555349,2,0,6.145095910058471
7.228778716227836,77.21757716530958,5.616942915019669,43.81139236899139,0,0,6.060690759649274
8.695367114918875,84.85284715212258,6.148550630950534,52.23601777356161,14,0,6.007338975250265
7.4317600220851885,78.81233079560303,5.6578151771903755,49.004555945410935,0,0,6.593936806326173
2.1340549711773,27.160293408881124,4.714356223735389,21.233607147139427,7,1,9.94988762422808
3.72668766923613,40.99392373030935,5.454497637874209,31.27751470453757,4,0,8.392845733420051
9.446723432725161,85.81915518882376,6.604625793814906,60.60359912387083,6,0,6.415303629396938
3.6425510935714924,43.72971393557103,4.997816037312608,32.333932649581804,5,0,8.876727276837904
15.5261042673284,156.55277980670323,5.950493227842489,98.64959855948776,13,0,6.35378951866736
8.103687404860578,82.97967728207071,5.859521996438177,59.745825755466534,18,1,7.372671571663918
9.11549576015842,91.91856300860317,5.950155525802933,54.83584461846295,12,0,6.015673317312798
6.097942644159224,74.41579859888712,4.916651645730307,43.68937487040899,18,1,7.164609019774213
7.844128907229571,88.74705459179748,5.30324906667127,53.27636445780068,12,0,6.791877732745865
18.35672380921566,187.61801060784248,5.870456812672869,116.02958233885006,16,1,6.32082192578392
13.76065870863287,149.38843972664898,5.526796611764122,84.66654409290831,7,1,6.152797325014101
6.516832587024617,71.00841636499146,5.506529721936633,48.04475434164799,7,1,7.3724088658204625
5.590055238839702,55.36749174817744,6.057766095958695,35.68483836568025,3,0,6.383628934065267
9.970031411071824,98.60345164302419,6.066743858318371,65.36412458254108,12,0,6.556060045102118
6.774109030946892,76.40499358564188,5.319633217444488,44.77498996231788,4,0,6.609723840842754
3.5298215713322607,52.40902561569392,4.041084370332487,31.283175697202598,15,0,8.862537401683845
9.598442107191998,92.0928027651816,6.253545436118036,56.78261507744141,17,1,5.915815758777654
6.524389917665044,72.25117866633745,5.418090089128046,43.14866711843496,21,0,6.61344089837553
4.462216266756761,47.40277575995078,5.6480442698380005,30.472402542241802,11,0,6.828983787554033
5.30201427282591,58.83820280209506,5.406705868287113,36.85981067194112,23,0,6.952039126121643
14.01762285671451,137.18892529486166,6.13065063083756,78.9378791699734,11,0,5.6313313588802805
5.359960766877577,62.52676397623431,5.14335982803924,40.86398008194152,17,1,7.6239326851914
6.113803011959485,79.21818062219785,4.630605977522028,43.83939468763433,23,0,7.170560549935633
3.850703056684882,49.506857169184734,4.666872360964651,27.995849317621886,12,0,7.270321524538394
5.79665018407473,61.59085124394275,5.646926516195677,34.68635535895232,22,0,5.9838621026756
3.2585160575013097,37.75741889809252,5.178080736338566,28.348995848995763,13,0,8.699971198157696
4.147037919921099,48.17828695187077,5.164614413207238,34.22958514734047,1,0,8.25398412271854
13.55989978511268,128.808960875883,6.3162840657547035,83.90624414906137,11,0,6.187821848151226
5.979890603584944,66.65690849584655,5.382689421269115,40.38202881447298,19,1,6.752971164767455
10.62540563297035,93.16123841485852,6.843235972661144,56.423555517800736,15,0,5.310249553458924
4.496653120682073,51.202715356519526,5.269235925523459,32.942843819507786,5,0,7.326080739470264
5.858815927697073,63.93729144538024,5.498027015456626,36.06749624080678,6,0,6.156106743395137
7.227718894386491,70.08556495283327,6.187624141362626,49.03809644089958,17,1,6.784726572443997
13.742016976656252,133.38529604883405,6.181498583603304,86.51835270121643,19,1,6.2958991280673215
4.870195636995259,62.55125382998778,4.671556848627484,39.55646163995112,4,0,8.122150440830355
5.734911286440936,70.76649770458803,4.862395177769937,39.96264658257712,10,0,6.968311205974694
10.880203755761794,106.72300349365429,6.11688393294257,59.70317946664037,3,0,5.487321819228206
4.714369944279648,57.57024150950653,4.913340455764287,33.03516014596469,7,1,7.007333012982806
6.219086792748599,58.98076859651255,6.326557222704275,39.089038432586214,22,0,6.285334123036149
9.1390878262982,92.47483851945256,5.929669933541379,58.48121747551006,0,0,6.399021279479044
4.196215617205112,51.15077450577909,4.922172527492444,29.07089331627216,13,0,6.927883590413501
2.6692004029707683,45.18436990402384,3.5444120282837885,23.925796033055825,10,0,8.963656684011765
11.995258779312689,127.11414749261651,5.661962424761306,73.71715318890037,8,1,6.145524206283464
7.583590880934629,81.5058952069011,5.582607880092969,51.450582311872864,21,0,6.784461756925883
3.848477164500659,41.167164041420364,5.609048746659126,29.032441748875744,21,0,7.543877878938308
7.7675009302864915,90.05860262089277,5.174964326051737,52.729084658660554,0,0,6.788423346441199
12.152366914893022,119.32957297254396,6.110321161220837,73.4102911963411,6,0,6.040822476021112
2.172613102045342,34.24445306288809,3.806654055280933,21.398290032203953,5,0,9.849102913012523
4.514198310660985,51.89261981207299,5.219468579935611,36.33602205601158,1,0,8.049274656409839
9.700830951571039,111.26093137138076,5.231394793482565,67.99511455132938,12,0,7.0092051795127555
10.521225907121153,103.03077053572582,6.127039050031909,63.87478754247244,9,1,6.071040400267391
8.15907426742542,90.92919257796052,5.3837985598057685,56.93839958944503,9,1,6.978536746107083
4.396905095106473,51.05371736361636,5.167386810003316,35.55484825322794,16,1,8.086335157153753
9.079804430893084,97.13286725744005,5.60869128273217,59.115268811771806,23,0,6.510632388803254
9.778347268175283,109.72519872143738,5.3470018093108385,67.78198242074734,15,0,6.931844468374663
7.329952463927569,65.94213555447917,6.669440474403633,41.864608864881106,14,0,5.711443433079103
5.1787577790847426,58.216483075901266,5.337413913169026,31.82047514839908,11,0,6.1444223703435705
9.409001882187075,91.31662757906085,6.182226916368022,56.201083576537506,9,1,5.9731185390595165
13.034362068754339,131.98364992496704,5.925443981658818,79.09129357025748,12,0,6.0679067493339955
3.8222030050524047,50.54781107142213,4.536935931391898,28.53146035529632,6,0,7.464663786193936
10.775897894699435,106.16021854489188,6.0903592941319955,64.855891615982,12,0,6.018606732334019
6.979094097374777,71.67953630830115,5.841913430374577,45.96460175386386,9,1,6.586041270192029
10.734127128984964,109.82998619802312,5.864041779791195,68.1791207476149,8,1,6.351622253803326
4.922564478622492,48.66385315151539,6.06926598676357,31.400770833742623,20,0,6.378945561832371
9.909166663882685,103.18180646388839,5.762159243073942,62.906024835603695,1,0,6.348265900591421
9.68700775147134,94.27680989797814,6.165041707682402,62.00569178500972,19,1,6.400912787087612
4.369386660195197,55.726369323113815,4.704472995389877,37.582546046828426,3,0,8.601332170760433
4.079235394048662,40.80583340796868,5.998018008746843,33.84781622891463,9,1,8.297588385876526
8.672443080059752,86.64837782141929,6.005266317576191,55.33454315645649,17,1,6.38050231585668
7.3233228797935634,73.40308237858277,5.986116094163096,48.73434766685574,21,0,6.654676909210578
8.277235922168519,84.70617490365949,5.863021862278136,56.02960304150041,19,1,6.769119977774108
2.3582140738224284,41.48196703847563,3.4109482874355335,24.582618386117414,17,1,10.424252258944183
9.488263105190597,102.47017298825989,5.555721920920936,62.419025187477565,9,1,6.5785512580622845
12.09381090289011,117.96619246633895,6.151157708853416,74.24697728415073,8,1,6.139254026735907
3.0604418875769506,36.66065731039549,5.008816718693909,26.184255826075994,7,1,8.55571083782509
1.6029520373353516,31.738449034819048,3.0303031548456834,18.672773643044117,20,0,11.648990866928608
3.451499519974588,36.07975397132398,5.739783352266465,23.447885611865004,14,0,6.793535817162056
13.505392519314398,133.68282405442716,6.061538248391219,88.29049319295726,1,0,6.537425185287345
7.981705276790679,80.20076716740475,5.971293461667491,49.28057645221755,0,0,6.174191446972659
4.712474754619715,53.38213994463881,5.296686973778381,32.04863829154558,2,0,6.800808483934642
6.3102179369228315,73.64660895973697,5.1409437795345045,46.75390218983965,13,0,7.409237312751059
7.037750669467928,71.3242472819775,5.920357469720894,42.39108448310021,23,0,6.023385378940269
8.622671815081189,95.44893459031553,5.420283747801664,59.46670935684901,11,0,6.896552557275901
4.854228033773875,68.88557381335694,4.228079493328664,34.298455795646184,5,0,7.065686975768455
3.4502523360704958,46.67632602672835,4.435120708636886,26.623834463601934,10,0,7.7164890768319605
3.151527855976051,39.859234341824134,4.743986543669003,23.54465503811766,16,1,7.470870039581392
8.372601360536615,94.29622315342247,5.327425265112157,52.199152890568634,0,0,6.234520269483259
2.1108879619667777,24.344919282058527,5.202452152361266,17.570380702592125,15,0,8.323691744502288
8.34469181614151,96.22866440100435,5.203039157667711,61.109398974255356,22,0,7.323146297152487
6.307239734371612,64.24675727970046,5.890326610801065,43.645650355966254,22,0,6.919928874451553
6.255456528726318,81.30767298217461,4.616137419230576,48.98709460262846,4,0,7.831098238421103
5.961994832530666,61.35522954298388,5.830304810468207,40.35944221668798,23,0,6.769452733583929
7.167433577304757,80.47711327373008,5.343705771050117,52.33217456977788,2,0,7.301382566764836
10.231720582418983,94.72803804985807,6.480691963893776,55.54742839890497,11,0,5.428943055222922
11.312352199557825,112.53166073104468,6.031557053047399,77.190977928043,9,1,6.823601012975907
4.265620438829304,43.91242334665539,5.828355777801815,29.78834138326,16,1,6.983354897707539
5.948654371048003,56.88878395100266,6.273982980024475,39.58254964606759,18,1,6.654034202880431
3.5353534492838152,51.05129629549219,4.155060152228869,30.74113979530385,14,0,8.695351182363769
5.587285927703326,54.92024708960886,6.104072239792013,41.711618878274145,18,1,7.465452711388238
5.238472660070126,54.73581850493497,5.742279337174242,36.73973220386501,23,0,7.01344353362974
8.841100480888919,86.46025224891903,6.135374522458292,52.452497254900315,12,0,5.93280184613698
8.871744763488273,98.68368142700791,5.394049736612424,58.63474309995869,13,0,6.609155770719462
10.07027838586561,108.73749964547994,5.556654375186867,65.22306887665279,13,0,6.476789059595239
17.102914234760053,173.547998635598,5.91291666947011,103.69283418087328,6,0,6.062875177735933
6.189563977625594,62.987296634287965,5.896011711913563,42.65101699971643,10,0,6.890795079248535
2.7228327760658453,44.60309932119492,3.6627492046571537,23.456953575247073,13,0,8.614907893513553
19.618408563185397,183.79576943436655,6.40441571323255,108.72335153106572,0,0,5.541904746294699
3.2511862734019723,36.7325490419551,5.310580983130584,30.366211336793903,9,1,9.340040460068547
10.037171043201292,98.14217471896825,6.136304441149525,71.01879853203434,6,0,7.075579187239131
8.203486221067157,81.85751077977838,6.012999522893164,52.89894814892799,15,0,6.4483497288115865
12.76689051066869,126.35729318496615,6.062281102514634,82.2119985469266,9,1,6.439469225354905
4.847098460571238,50.5917243735464,5.748487746473067,31.175309579051767,3,0,6.431746710459376
3.808969363549801,47.669193000760316,4.794252795706924,28.533714764659617,13,0,7.491190409068395
9.96311712357563,86.01166376379098,6.950069342411593,56.06893001465701,11,0,5.627649391171126
3.764189317378374,47.24657930346245,4.780269013595044,29.599863558504346,15,0,7.863542734646411
0.2710929599885581,7.901758381213181,2.0584756980149757,15.727799890606663,17,1,58.016260884349336
10.512052560060841,102.5920376778163,6.147876266815131,64.92710918196862,23,0,6.176444496543959
2.5858659044510293,31.401227843653267,4.940951832825245,24.18506355287817,14,0,9.352791075224985
1.967930984845506,35.37041234582725,3.3382664000709656,24.942009079337993,12,0,12.674229569740772
2.8613287203207065,40.77956488197969,4.2099449495378725,28.640334979345216,6,0,10.00945287269724
3.9549897952725437,46.601655917408706,5.092080593378788,35.28302296823914,16,1,8.921141341606859
10.214634173274774,99.64030113331594,6.150905240405414,62.792626935924126,9,1,6.147320194805669
8.739422174256218,95.35206637053972,5.49925502838796,56.837813586674315,23,0,6.503612304495587
5.6607265506324795,73.71479893428031,4.6075360436206925,45.52495750674878,16,1,8.042246361761146
8.552770501037118,88.80696653563413,5.7784456566965074,56.85089618446606,6,0,6.647073737986101
2.495916808205672,24.873338807699984,6.02070392117929,21.278715713592984,22,0,8.52541064014484
6.663890722002708,67.75764002174446,5.900935203644192,42.592972600354265,10,0,6.391607302280873
2.3055956830157633,36.105658030443635,3.831414479810993,24.52796528429217,14,0,10.638450386153186
14.565752181930447,140.43549134771408,6.223107296658826,88.00682197853136,17,1,6.042037574119123
7.340572617436019,72.91298588950657,6.0405475331047604,50.513991703910165,15,0,6.881478371854068
9.210221060017345,89.47889085606158,6.175906499444555,54.80650350692652,13,0,5.950617596449233
9.591757566262222,98.87588892787008,5.820483236267685,66.61338834076182,17,1,6.944857382036622
15.107920816049905,138.76831918313246,6.53229248793249,83.63243356570797,21,0,5.535667983966465
11.040198386554355,111.1538446388173,5.959415127256271,65.77170893498791,3,0,5.957475276448838
2.946124324191172,39.04591526798269,4.5271690582297115,22.962297274182088,13,0,7.794069342435558
1.4208860665307819,22.090844520077187,3.8592080042193437,19.70745933833835,14,0,13.869837844533054
3.995308595621842,41.70061043483165,5.74856130971835,26.576647601603845,22,0,6.651963663264257
7.631939611958643,86.79787803430266,5.275663266059907,52.1974583247565,13,0,6.839343728947648
4.0796563915606665,40.720226306191364,6.011248111762634,21.231922697766,3,0,5.204340919908639
1.3856835453314797,25.507538593982993,3.2594682710585423,16.0164375654172,18,1,11.558510324654096
7.110647791352394,80.36234899531509,5.308939731291523,53.55918928098734,19,1,7.532251751538486
5.221864063416924,59.953550625916876,5.225909734019593,33.156620442492546,20,0,6.3495755614895355
4.05417380254575,55.874653771410216,4.353502200620538,36.262058974691485,5,0,8.944377015095242
3.9718229313347795,40.9340311048223,5.8217910488667295,32.789919356661414,3,0,8.255634735872267
3.790924284535198,41.37283679994142,5.497700294808741,26.229563110757123,1,0,6.9190416748123225
10.531701151805798,104.01790732345935,6.0749354161043945,61.37627850999151,10,0,5.827764919010044
2.38657982826051,53.22339933607549,2.6904480262795123,28.268881397141122,2,0,11.844934354341403
8.881936217167327,94.98424834783452,5.610574198350112,60.4564268153444,18,1,6.806672029291545
6.170177040773589,71.70169259454278,5.163206181754656,40.97604976683726,13,0,6.640984447619653
8.140198847334716,89.18188768027358,5.476582112626849,55.936895721281374,7,1,6.87168664676986
3.39790862212805,43.05409903370099,4.735310270181205,32.76590409234778,6,0,9.64296210880064
4.132494303234528,55.4890752471001,4.468440987526273,34.1735893388084,10,0,8.269482504080049
7.016905779117688,63.9303277237658,6.585518356267571,42.05294277431239,3,0,5.993089275826098
10.238528049115251,105.80860133597471,5.805876603512481,73.97671107680723,9,1,7.22532679716591
2.8776090341001357,40.46778642231831,4.2665180705507195,24.08911376779075,15,0,8.371225375765377
4.035832560537299,54.4343847932727,4.448474150150847,29.46480946787651,11,0,7.3008007705735425
2.0859964647967986,23.839877345076687,5.250018113606419,15.99618395624644,11,0,7.668365803201236
2.7177212606119174,29.96696240833321,5.441434918053971,24.89154976442894,19,1,9.158978194409976
5.162406263590543,52.34838456454284,5.916980598198476,33.89235512270007,9,1,6.56522431443188
9.221542092021478,98.1278013424988,5.63848897001282,58.64828956950656,2,0,6.3599221241151564
4.562162874035694,56.27897465046244,4.863801697565086,34.15388091275143,12,0,7.486335287836594
6.307598162730501,63.06956079887176,6.000610833024861,38.563288988057906,4,0,6.113783407433205
7.803439311939686,93.71661201443908,4.995980420677647,57.96461287977926,20,0,7.428085304782246
6.580015709764866,72.9383700735388,5.412801824168007,49.03742565379459,3,0,7.45247850715951
6.251580630125866,69.0094606791211,5.435411813340505,46.38113296351569,17,1,7.419104976429278
11.653432232818083,115.63512826430672,6.0466567942132,73.62882775087299,10,0,6.318209629564881
1.813891753780011,33.90798783114436,3.2096715903276776,20.546183364996768,11,0,11.327127609561101
17.055422481102262,167.83576782983542,6.097182752508751,100.50748946892874,21,0,5.8929932448341855
4.497252560762578,63.81438285787424,4.228437878130462,40.98787985386309,19,1,9.113982214713102
3.900315986146982,39.81944676410231,5.877001771400543,26.40020172932191,4,0,6.768734077723268
1.4781055050628173,16.02956684965927,5.532671664528116,11.314895055412382,20,0,7.654998250569072
10.944968215564174,106.06436353571831,6.1915055259130485,69.27870298857329,7,1,6.329730852032649
8.573921298637462,92.48539443835926,5.562340746258204,55.804102744620614,9,1,6.508585838487789
17.043658775114015,162.82438390122581,6.280506039729238,98.84989830709196,19,1,5.799805054266037
7.937512859734141,91.06378188840797,5.229859354706562,57.746745056332976,3,0,7.275168692862709
14.901082986133655,143.74839849968222,6.21965175612023,88.44206660202288,9,1,5.935277770369005
12.710447529762252,132.88547788053305,5.738978133271669,78.00634357661926,2,0,6.1371830845422926
8.536037898124194,83.83977265063436,6.108822313028737,50.2873238528639,13,0,5.891178606870362
10.86440381627285,116.87795239728894,5.577307059252447,70.54893769424623,15,0,6.493585739935135
11.994725815468827,128.16745150973279,5.615181861312725,81.95802291470194,13,0,6.832838380432668
6.535336794613978,67.42931580005693,5.815277865781156,43.13928532868035,22,0,6.600927646794438
6.572459769458011,74.08950821960983,5.32258339465001,47.85445129837524,17,1,7.281056556748082
6.364381941537197,70.88572695441701,5.387021236839236,38.6155526132973,0,0,6.067447392066861
9.084855915321365,96.86394521956805,5.627391633529756,62.621663844141885,4,0,6.89297270400647
1.63025755416139,34.37893917291283,2.8452144133275703,20.834808678204883,11,0,12.78007185123726
4.075831120404119,54.52174936039036,4.485363549283155,34.23082505398,10,0,8.398489545510417
2.7190545336233827,39.55616741787745,4.12434476510154,22.91879786049773,4,0,8.428958513736164
12.27195244832272,126.42588583962615,5.8241011483470775,77.35437580400847,12,0,6.303347094095117
3.4009558872827115,34.99299221266008,5.831377665472603,23.844369592271583,12,0,7.011078762130816
6.159852974204083,67.1931573444393,5.500428809405117,35.40331552661996,10,0,5.747428660209937
3.300321753100053,35.093871629896725,5.642560822993069,22.845131864352645,20,0,6.922092321118022
6.302238124840493,68.61118635967082,5.5112629230485695,42.198545333148445,9,1,6.695803061902945
10.254211518126601,110.98875689865866,5.543378521207958,66.18107631347938,18,1,6.454038537871937
5.718979528605838,63.428492266151544,5.409852251832028,42.88579744450895,16,1,7.498854862130197
12.916853137800027,113.2181372135871,6.845291817563962,72.13835776293668,23,0,5.584824491952313
5.491518117434305,55.1428638142526,5.97522624425059,33.84452166326916,15,0,6.163053811262245
6.885786386741894,77.45860631929123,5.333780232263467,44.4059935778874,11,0,6.448935689231963
3.7630550121198514,42.632812734586565,5.295998228707549,27.576302079384426,0,0,7.328168732736596
4.422382323227054,56.504503468189895,4.695960907664682,32.63709882429472,15,0,7.379981294896078
4.594839426037888,46.11029689119581,5.978932779652368,36.14042642174748,12,0,7.865438390936596
4.091327600007014,51.112259994844244,4.802754877698279,28.73756200040709,21,0,7.024018805132552
12.044372254534952,122.99101022248558,5.8757329821491115,72.2833286212518,14,0,6.0014193428831994
6.779285130544152,77.75297193863898,5.2314027064284225,45.88884402964494,16,1,6.76897978857567
17.35027682316512,164.22123247348404,6.339110928046376,98.04102922822825,21,0,5.650689624578747
7.667640673469237,85.68752519058121,5.369024713748226,54.71499705384966,23,0,7.135832178882446
4.412424777564975,60.7511770720713,4.35786596101375,32.99733949689156,5,0,7.478278080720361
9.580804406678787,84.59107379457225,6.795613752306004,53.2377746892192,5,0,5.556712404243124
9.558035055649004,98.33253249725178,5.832068886814931,64.7959173284966,18,1,6.779209005955761
5.6155627596669735,51.70196490579721,6.516846433088636,33.583414682993286,3,0,5.980418369500144
3.6493990687599207,39.68341587586707,5.51776955921668,32.773101782691896,19,1,8.980410518334548
11.309110089325358,109.11054418515654,6.218891221072577,69.00535925028922,3,0,6.101749713748318
5.603817917639263,62.03565404658765,5.419932782619714,44.22950677230023,8,1,7.89274516452043
7.148874387213856,78.60511571311251,5.45680086266038,46.96772045826865,20,0,6.569946248079688
10.21778901264347,109.39000118872731,5.604418448637745,60.51746020134495,3,0,5.922754925401256
4.853959273613883,57.26976152094407,5.0853635266199735,32.49359061768529,1,0,6.694244592104514
7.977158232187125,87.83618944224834,5.449114960137506,56.46386872983325,18,1,7.0781933974941795
4.969004352970183,50.25004602294376,5.9331340918987925,37.807704157006434,19,1,7.608708198133733
12.402121749165726,129.95904932909602,5.725859867330868,80.30555179868259,18,1,6.4751462227892285
3.333316468333251,22.224912279086436,8.998865128848829,16.760742913863286,11,0,5.028248314581458
10.756369306767583,117.967476383404,5.470848221831158,70.60676165859199,18,1,6.564181616018739
2.2292217023544567,40.146195286949286,3.3316557443426746,28.385240411133694,16,1,12.733251421854455
13.056598147913078,134.00970781642425,5.845814468515479,83.11803435875092,9,1,6.36597936285848
9.030533246890133,106.64859436754533,5.080535735389824,59.289855225443155,17,1,6.565487729737438
6.360461062571998,58.42123860329612,6.532344621204052,49.383174416048654,4,0,7.764087214784306
9.205099454666954,99.522458427123,5.549561134328816,56.50685717505008,10,0,6.138647111129397
2.047638152734192,31.239380159039165,3.932801756583582,25.171148983610312,19,1,12.292772016383614
1.8652051733949113,30.25135995645139,3.699414193768446,17.29895993501664,3,0,9.274561416495713
3.8486462906084005,39.656397067133994,5.822989341305603,23.389143171668696,10,0,6.077238957693694
0.8439431236080074,21.964333135028966,2.305400628609327,17.14194556868075,14,0,20.311730837258175
6.962099938485141,76.74583983440685,5.442979022842522,44.37102826963099,14,0,6.373224840447425
6.068223655081271,62.47644204505038,5.827691324713026,37.62051705545102,22,0,6.199593026527492
7.412801528851109,78.30305316950216,5.680086200065272,47.33372050597112,15,0,6.385402377460827
7.861166921931654,74.86347908313732,6.300402026361889,47.95286898338427,0,0,6.099968294732666
3.5492767012200597,41.5710973991428,5.12270821307678,28.699117346321067,23,0,8.085905879486877
3.6697642770048393,50.79278454683276,4.3349829820271255,29.77977039276275,5,0,8.114900071202442
7.601472394361627,86.2980924830562,5.28503389285512,55.58255668767187,14,0,7.312077687593799
11.096588201076164,116.48150354950563,5.715888546902223,67.2358099773716,20,0,6.059142572385535
12.366621043739194,129.06191347032282,5.7491574599579325,75.3176933110002,14,0,6.090401981641624
4.862646532399988,61.60460911247241,4.735989662905435,34.751194296101836,1,0,7.146559813581634
14.500702461048006,138.64504155075699,6.275321049576548,83.68089904478218,8,1,5.770816915219591
0.8654069628167733,21.82594334357341,2.379022842295401,18.144774963527624,0,0,20.96675407425546
6.760322097227146,79.36357723565509,5.110900238647499,46.63475652618732,10,0,6.898303935150562
2.087690907424327,22.51184363115886,5.5642468248173165,16.482116411967354,21,0,7.894902618655384
9.99632574832845,93.6550150882973,6.404136973703319,60.70653376635017,6,0,6.072884707313714
0.8573711650478008,11.072445691971234,4.64597175131502,6.598472636803221,18,1,7.696168130911352
5.821907333059518,53.683925247045714,6.5068721852226,39.57503006825923,1,0,6.797605630638204
5.871883373904186,58.54211292320333,6.01811217330714,40.19008666985715,6,0,6.844496750134695
7.983221171650308,80.69617851849091,5.93576150807762,47.54006062441003,13,0,5.954997312767981
7.380458382668016,87.497958545624,5.061003825925582,49.27555090318281,23,0,6.676489229842365
9.49794865306996,94.85669237805097,6.007767136903271,59.56396218920442,14,0,6.271244914548148
9.228634516776367,85.95948893001852,6.441616602180777,60.67753280561486,17,1,6.574919907740586
8.60586034193986,90.44987345643807,5.708704730969842,59.869440913693424,18,1,6.956822273994534
3.432427473245592,41.758064804710564,4.931877216003161,29.702812114362985,2,0,8.653587685649471
7.600900124678644,75.71530957096205,6.023273365253758,43.125799342879596,23,0,5.673775294436315
1.9176944020990716,25.727870585881547,4.472257575373753,15.894973812464512,11,0,8.288585394558266
6.612654987581668,77.91642846698302,5.092113525493873,51.53952253079511,7,1,7.794074033438084
9.457375450238468,88.65707113776074,6.400420403383069,52.04653247881266,20,0,5.50327442879518
3.944087993479649,37.50217500868746,6.3101747979673055,26.46846095671956,11,0,6.710920496823884
8.727404433706988,93.34765352985795,5.609613592000229,57.88081095292668,16,1,6.632076167958868
4.396520742924978,47.88486371870822,5.508864891525997,33.43316365012143,8,1,7.604459436231058
3.063068263940055,48.8808688928594,3.7598369259604305,33.81042223719151,14,0,11.038089694318739
3.738580288876347,44.721403372698674,5.015826884125008,28.74681361281544,3,0,7.689232647576888
12.399534269898195,122.99357301084672,6.048869367574852,73.6979477896642,10,0,5.943606121447438
5.971443769633619,70.46230515116761,5.084798537450063,44.57889153397802,10,0,7.465345610499349
11.252738249619561,103.2416830091755,6.539648282536901,68.4106110222632,5,0,6.079463460778185
5.388533854966247,62.52232076862181,5.171145717614436,35.960540501087316,21,0,6.673529659268063
6.02589362985468,64.03933347831675,5.645805447267815,38.70719942009801,14,0,6.423478706681297
3.6624311713394153,51.122720496707636,4.2983993837831225,35.526283808314126,20,0,9.700191524779301
4.841034488786799,51.688647189282925,5.61945582099568,33.605851420902916,3,0,6.941873993821681
15.395438263827852,151.61987707525316,6.0923825665100635,89.75634625393407,10,0,5.830061133421573
7.188948850064185,74.54675435727687,5.786126233432002,47.26812396621239,19,1,6.575109233916773
8.267093785324873,88.88124115002057,5.580768458017618,60.40554792421808,3,0,7.306745210928355
7.157583962970507,74.91137859098205,5.732841203244508,42.85035340313717,5,0,5.9867063557789715
8.765000324700612,92.45886524551824,5.687935041010344,65.63774386396277,22,0,7.4886185319342555
9.382175436203058,106.95901102076054,5.263049095161507,60.975124048695626,2,0,6.499038998291435
10.811239722998533,107.58523715850052,6.029399576674716,64.53068747265233,10,0,5.9688517807423604
8.520714372501585,91.10292589093712,5.611706290993595,54.87115574634257,1,0,6.439736546436191
9.331346548358242,109.7009264970792,5.103701589214941,65.98827482572487,8,1,7.071677649495812
2.8792312414164347,40.252208297481175,4.291786259483218,25.11276061953348,19,1,8.722036722267324
7.369404701240281,63.71957616900129,6.939221957498264,50.191301033960436,8,1,6.81076736435891
4.6616002396615315,49.956824202217206,5.598754901783335,34.37308222988374,11,0,7.373665793439957
9.627826902787517,91.42794741960961,6.318304528002031,55.483254470094124,21,0,5.762801412022709
1.5768783211196677,31.72368356068226,2.9823995402741086,17.362856053712136,9,1,11.010904152315051
14.261739672048245,139.7927409093148,6.121236158306676,84.08477713856645,14,0,5.895828915133349
2.0563306671761623,36.888083959834475,3.3447072004312197,20.58214479924837,12,0,10.009161039995876
8.23179249044627,89.75547318123776,5.502812607644091,51.496891669418176,17,1,6.255853962449237
7.953620400132005,87.2260264877755,5.471041651482325,50.165108816062805,14,0,6.307204303493064
8.561902352046493,81.71727780868893,6.2864813280425595,53.3797339796467,19,1,6.234564677894009
6.020908280627396,69.21754224796398,5.219117655803071,42.69079485149785,21,0,7.090424378138732
9.763301463545966,108.06925281127425,5.420580531224372,60.23976146459911,23,0,6.170019607560128
4.291665563226656,41.94241088175983,6.13936891991067,29.519546675031297,8,1,6.878342741328906
8.595641380966292,87.45791197808542,5.896990577447214,55.820334617056545,4,0,6.494027861686037
13.057120331692747,131.6405960778803,5.951258526952271,84.75020519538836,4,0,6.490727131439494
4.897128922843175,56.66225587506425,5.185598964122734,35.26890248780819,18,1,7.201955072755522
4.510560317536186,61.21456551646621,4.42106575075458,40.885936901813494,20,0,9.064491775635254
4.728272733804893,58.92549901938054,4.814492346258894,33.8094210512101,5,0,7.150480303195897
5.682819478585272,65.58192664290333,5.19913314794348,40.548096746558855,11,0,7.135207602380717
2.001489042495571,34.91901065800615,3.4390820440441217,24.98500983047954,0,0,12.483210899484517
20.172096391064365,198.1346047724687,6.108603718435559,114.85687426139611,13,0,5.693849168412376
12.25850388466305,122.57294960660187,6.00059177363688,83.10804226296096,16,1,6.779623602105287
3.573703961851245,42.03441448372907,5.10111156167227,29.71061479993313,3,0,8.313675423898985
6.756952396538495,78.75442948792258,5.147864652546086,52.204752062948515,22,0,7.726079599094464
9.795990793370557,95.70544374348661,6.141337677484352,57.26685765881714,20,0,5.845948497376347
9.164100274758267,94.04323080604783,5.846736780231246,56.62071746696021,22,0,6.178535346554113
4.628727765077901,46.71814819649782,5.9446634043918145,30.614780752928326,22,0,6.614081083771208
6.541500078193469,75.2635546098054,5.214874672428429,46.402785581536094,1,0,7.0936000958286165
5.46592594438773,68.58847081703206,4.7814968427875355,39.15431231837733,10,0,7.163344823319451
2.3746301949617035,27.75838261076413,5.132785065166305,19.25595427963407,10,0,8.109032859301537
6.959446919204309,73.71144603673201,5.664884323991906,41.251459002852414,0,0,5.927404789742803
6.528291976271486,67.87423320830852,5.770931030250537,42.10175968723153,22,0,6.449123268422987
4.199706173527811,56.24931341832767,4.4797412643540895,35.705894447269245,0,0,8.501998228432205
2.6607391037440546,44.44848085467798,3.591671597204688,32.49623969255301,16,1,12.213237910784256
5.494496517763165,58.57590769590785,5.62807823273084,36.51316338887996,7,1,6.645406593822838
3.5486189680159543,25.39052023223026,8.385694193484234,26.01656883367361,14,0,7.331463047501988
8.247367228116815,93.14311166411858,5.312706703115614,55.52033523416555,11,0,6.731885909588985
2.610508070876154,35.76514209710329,4.379417361947379,26.294920255369103,5,0,10.072721302311027
6.139380960874111,67.54814951823928,5.453337512273103,38.91644459878074,10,0,6.338822243935145
1.7755292059552645,33.76204560985457,3.1553701925638378,22.87069245980488,16,1,12.881056748092218
3.8272101636281226,44.260784829038734,5.188173022793518,30.525666766595926,13,0,7.97595780255197
5.139001649624961,54.469360492701156,5.660798955383641,37.713343487478085,5,0,7.338651757434318
9.19849784847961,92.65223015798792,5.95678992257041,56.95674929931901,6,0,6.191962017878082
6.9887358818623415,77.83314137038484,5.387475637354802,49.173255327732306,16,1,7.036072926342831
10.454242974749087,111.36199031174974,5.632573346875285,62.84559166039876,5,0,6.011491392747844
2.773328987579273,46.758883182009086,3.5586765108791183,33.594690538169345,14,0,12.113489127553091
3.371439921875495,44.763313935828236,4.519021884807798,26.93866582603037,23,0,7.990255336077496
8.714428150347482,89.56209881725636,5.838024074086413,56.4017370332192,13,0,6.472224689920728
10.856967466396412,115.02985242194366,5.663034718972804,67.69904021862864,6,0,6.235538646326896
2.8067688108593196,31.433370306763948,5.357558766624555,18.312674571512108,16,1,6.524468456632702
10.269505154817987,112.94187574170834,5.455640835098451,66.29580188319835,22,0,6.455598481499896
10.718584322349678,109.73552053854823,5.860591503870118,70.1754019729855,15,0,6.547077474276191
10.158157399526583,102.05127498702002,5.972384412141019,60.66843325013261,13,0,5.972385627039017
11.485138809980427,109.55809862393563,6.289889449106167,66.57290705422574,14,0,5.7964390466378
8.860685379757692,95.50780812309351,5.566467634774588,56.38328106129363,1,0,6.363309230017544
10.733092636993376,106.91413464631859,6.023390268741956,64.488877718794,0,0,6.00841527226947
6.707794800056131,71.80445951180799,5.605051423542621,45.43738322679782,14,0,6.773818308577
3.818359727551334,36.33807400026629,6.30472555181106,25.424515699705893,11,0,6.658491476393796
14.79293503256762,142.52833964657233,6.227365758662316,85.170110681544,23,0,5.757485616886466
8.506197838244505,85.1447971442328,5.994163911508477,55.18805259456658,11,0,6.487981310102728
4.734481587904894,57.121711145071046,4.973045967633019,35.62858395777916,20,0,7.52534006020827
14.181252746748354,138.02539656747126,6.164627568296579,84.95280552597268,15,0,5.990500771904771
12.937383284710162,112.54321164556279,6.89728847908895,77.57558327716275,7,1,5.996234444784843
4.904633313933967,53.65162738246252,5.484978055525501,34.5402712643098,20,0,7.042375862468977
2.943374577473379,29.763470593770844,5.933530973547272,20.10007937929185,2,0,6.828923349791908
8.816567195963216,85.0920352370255,6.2167279262303445,50.06162516440604,16,1,5.6781311877629
13.381045195518807,138.45271423167762,5.7988224801983375,86.8785484737363,11,0,6.492657875696523
3.3193125478726366,31.739910551963508,6.274710590198489,27.872977903316183,17,1,8.397214031917576
5.398162205303283,62.35252164943191,5.1944929210597195,38.988612631577894,2,0,7.222571525041347
6.5467926268749315,67.8778120899381,5.786980244619934,40.645112184361054,4,0,6.208400739243016
4.179400000192259,45.414388552042254,5.521686144120922,31.20944572058901,7,1,7.46744645622657
1.55357748745657,20.106254368275046,4.6361021570717975,12.843385347883645,13,0,8.26697441973758
13.611289898899162,136.41874896303634,5.986548037874432,86.8028684408947,22,0,6.377269831562035
6.628932674762285,74.25122390555086,5.356624976197911,43.05077873675549,21,0,6.494375618062723
10.06876236680681,92.26796239922582,6.54751363636353,60.8238005238642,15,0,6.040841794457182
5.488543894214462,68.3000398551435,4.821558440541204,44.72046659326449,2,0,8.147965554289335
2.8690181350440063,30.703578382696392,5.60654806931735,23.57329732963363,18,1,8.216503423834945
6.238180355934599,70.47527779316674,5.310952054060113,40.23385023548521,20,0,6.449613178818939
4.403494214089785,44.54564478671179,5.931211774135152,27.94321941339176,12,0,6.345692319518059
2.0423077947163275,27.626397116859973,4.435557310084284,15.351200165613568,1,0,7.516594807760511
8.659635502085148,82.26390922037176,6.315991241471917,54.17784682677726,4,0,6.2563657343004575
9.8302942752883,97.30020476744338,6.061833661368109,65.65514357498643,19,1,6.678858408138643
4.321491117440753,49.687571961340915,5.218396810538129,30.717342200206584,3,0,7.1080424245781675
3.7842285944462932,39.162145584999415,5.797785393907217,24.93411558681066,8,1,6.588955969362894
5.496889373448961,63.35865238107678,5.20549838123518,37.80485165182267,18,1,6.877499087834552
6.363971682621019,71.94833766601424,5.307117764551599,42.18196078211332,3,0,6.628244575208507
9.648315417675333,115.07101596246396,5.030797027544766,64.37848411493808,10,0,6.672510311696406
4.654691166761772,59.46439539817939,4.696616658348418,37.54233385335808,16,1,8.065483295957517
10.25253822595763,111.33136618200905,5.525417630749108,74.04378886073684,11,0,7.221995883250739
1.7611801958779782,17.236529201930132,6.130631666892994,9.372837896720522,21,0,5.321907388385096
12.886606513013106,116.22866533077539,6.6523726189261945,74.48747871934856,4,0,5.780224502403319
1.919406890332493,27.492718584424544,4.188905984917538,18.341543537012637,13,0,9.555839165418119
9.288677775489681,106.31899778367531,5.241966893474181,62.410508922616856,8,1,6.718987398540337
6.131639220304444,82.03093001788805,4.484873609723076,49.833145120402136,13,0,8.127214164098822
4.008730892505612,43.95336361680582,5.472251353668212,29.943027674447414,3,0,7.46945317043516
6.559686781985711,67.51984424329763,5.829118999459357,43.93867824902499,16,1,6.698289066131923
5.358008199575277,63.48543716985114,5.063846234758006,36.863608828513776,4,0,6.880095635433315
7.217782442334965,75.77708824716946,5.715011708123722,46.30379870728988,19,1,6.415238901591293
10.518636178654756,105.63611922136647,5.974454337883631,61.94148503264804,21,0,5.888737283103733
11.51007010478528,119.40002566553028,5.783953583240209,70.67953379261924,8,1,6.140669270401265
2.529948862615999,51.06264773860515,2.9727587283374683,36.206816628329875,17,1,14.311283980219098
6.108076592974497,74.80012948678319,4.8995181972676365,41.54943722134543,13,0,6.802376589241783
11.699380548256045,128.50918422024495,5.462355372922658,76.82875975519151,20,0,6.566908345129769
7.284698036198736,66.49747275729958,6.572909676840985,48.14981410672151,22,0,6.60971997294301
4.370057202839909,57.779203690573596,4.5380243309440385,31.70439172574833,20,0,7.254914582158108
10.784352135802191,103.3599576097108,6.260268900181313,66.49503199337678,6,0,6.165881005742082
9.837473999395174,110.59595684308165,5.3369802731683995,68.93322858568739,14,0,7.007208211165339
11.813413874150514,126.46468406246376,5.604764980070928,74.16227224403744,2,0,6.2778019151868865
8.253336751274793,89.90291971718548,5.508165993209974,56.03898714945614,7,1,6.789858312857582
12.349518080938848,118.68830283659901,6.2430000863391175,75.85169014480658,8,1,6.142076933502501
6.456631314331108,67.20677255258686,5.764268453104807,47.64777121705069,11,0,7.379664239352172
11.444057119742263,112.57907162310185,6.099210246495164,75.63821061986114,19,1,6.609387722242042
4.705589203233493,58.92430423458122,4.791492336846532,37.443936224221645,0,0,7.9573321441854015
10.320618931281265,107.30889698021532,5.770603866993856,63.456169086511224,11,0,6.148484844661675
11.76075416461144,126.36698148754684,5.58409516133157,76.22076533475133,19,1,6.480941975991858
5.937481793508312,75.10225550578889,4.743518090252816,39.58395463902298,5,0,6.666791750385105
3.543676936946787,38.820946580435674,5.476955997872555,28.173909574903163,19,1,7.950473498630395
16.91808149980292,167.11391258153975,6.074209348027116,101.78425464965868,1,0,6.016300054521215
14.392397751268673,144.30979685137763,5.98395870493443,81.76980692288002,12,0,5.681458248725241
5.449171543789473,60.47240206978395,5.406603366773396,35.68058814974328,23,0,6.547892255366624
2.399909656352329,39.24977471089296,3.668672761608923,28.471453641272994,9,1,11.863552265774592
2.049024928720992,33.38706469819374,3.682309206712344,24.87064209191889,15,0,12.137793807829965
13.150591563997178,126.9079771558694,6.217382953561153,83.26755699332031,4,0,6.331848768026887
11.347955197975297,113.2788938798638,6.010628181103285,68.69181343728063,10,0,6.053232696013518
3.8415788343464303,44.4788830468617,5.182115967659149,28.387977417543315,1,0,7.389664156761468
10.987489811420433,106.52230525370241,6.188838920779104,66.84717456725606,2,0,6.083935067477823
5.120398587726458,57.57165604594661,5.3363744655599135,36.7627227140686,7,1,7.179660349526004
2.8297148478946896,29.68588654653285,5.7193134726680785,19.901812711847825,23,0,7.0331513179339575
5.731081852995826,66.42303255741666,5.176892682256108,35.86760635801223,22,0,6.258435541147096
0.8316350342481561,27.909425572648157,1.7878584396158477,16.094682117900877,1,0,19.35305928092767
8.154060524182455,85.6893719990336,5.7095018908116755,56.82257186273987,1,0,6.9686227731841655
11.32263181248368,119.58225309113625,5.681093065132894,74.15385733078486,16,1,6.549171478757006
12.584587216911908,126.19326226127957,5.983482948965632,81.03871472793868,22,0,6.439521084889784
3.6386802517048724,38.61549311684921,5.653710401720386,25.459315188720904,12,0,6.996854196460973
3.19390273433285,52.787515463435845,3.6302933066192447,28.8112064723419,12,0,9.020690004938443
7.570598722572066,65.6008127162746,6.9242423156997654,43.80782063883246,14,0,5.786572798822048
2.2388447431724208,32.2114471031898,4.170277856813297,17.319044030840736,10,0,7.735705695384586
5.046888710796502,52.81068075713853,5.733940905635045,37.09667811720331,17,1,7.350405416676743
11.381650344154313,123.92501146524958,5.5105826707206225,71.57069621601939,2,0,6.2882529380089895
3.2267096918213305,42.33619737439489,4.572979944258561,33.78195395343272,1,0,10.469474226038708
3.320659127221406,57.218792769431595,3.482064859986447,27.63097173467401,1,0,8.320929874483834
6.963714076130171,74.88946700879912,5.579193727186205,45.040566848547144,5,0,6.467894338587891
9.635000976846799,94.14995930379268,6.140205082250312,56.3943296044375,13,0,5.853069422613946
1.5690931397267545,15.860224330307837,5.935955660078482,10.370147112826036,6,0,6.609006725140559
8.212765491981186,92.55476185893767,5.324047295047809,55.20756982202791,14,0,6.722165618381738
2.5887191280970625,30.290090289493346,5.127853571955193,19.161631003423295,0,0,7.401973738846203
1.7965848433309355,25.65041194351342,4.202470152808435,19.091203901023874,10,0,10.626385929889105
8.86873362583968,99.18724486632883,5.364843214140142,56.66499368739489,3,0,6.389299315778009
4.3983214786402645,57.90508641455424,4.557445728154301,32.6579048697794,6,0,7.425083643471089
6.06998911392357,62.97209438591703,5.783503794608792,47.923493868765334,15,0,7.895153182208617
8.869225282235764,89.09897705875743,5.972610848082022,51.49517596148194,0,0,5.806051185171945
1.5957719472716911,15.82553700080744,6.0501148764440895,18.48237105604565,18,1,11.582087959150531
5.750877552611123,51.42482782973293,6.709845569131181,27.970947999230468,6,0,4.8637703973597155
5.009669062387224,61.66920987133484,4.874071588891063,35.21177081391508,20,0,7.028761855406044
2.1357853931763424,36.46631843404684,3.5141228699120823,24.843482973186596,17,1,11.632012772706222
13.460666327413957,135.28925578250704,5.9697274182896765,81.28428609044252,21,0,6.03865247925351
2.1883887333800676,32.8188470916781,4.0008512071132065,20.08948999336498,14,0,9.18003720588336
16.147840607287275,153.09356597270298,6.32861629606295,98.35543187537588,9,1,6.090934030584224
3.3656842085276213,51.09995406078256,3.951883249668908,28.408698899718914,3,0,8.440690551935889
9.266269716733037,84.6923003290852,6.564660315561741,57.732982252249975,1,0,6.230444830242283
7.561359763803972,77.24127621518961,5.873564084626312,49.658487626007016,19,1,6.567401787138985
8.278363983177496,87.46948420291757,5.678572859059824,52.67512657330061,15,0,6.362987503369264
2.5538995284164363,34.982621426307674,4.380288424862036,20.660913733457868,3,0,8.089947746013648
9.63148257732351,98.67104996802821,5.856722461417614,59.271773414930855,2,0,6.153961546323211
7.159546427954699,73.32042223991886,5.858842223679989,47.21754489487831,19,1,6.595046958633547
6.381464400241,72.67862429945507,5.268232134346148,41.626793934630584,1,0,6.523078610774436
5.099069355862471,50.59927002066965,6.046414527853288,32.58672626857675,12,0,6.390720344117566
5.966161056507381,64.83141703066045,5.5215461852569065,39.262343455939785,7,1,6.58083868069833
4.318329664734323,53.456372992713234,4.846939015473008,39.57279655744691,17,1,9.16391281578581
9.21375471413008,92.92861203150014,5.948924349159685,59.07374212196549,1,0,6.411473276076133
1.8005541125873903,28.233708883259393,3.826392317139019,22.29196870592699,1,0,12.380615806038456
2.941790760303302,39.76920178742733,4.438294903721184,24.822006446744965,3,0,8.437719902344716
14.787599279133284,134.52346919959032,6.5955476916194415,83.7641291353617,17,1,5.664484650565349
9.259614367699424,85.3327278589899,6.510712548414503,58.30329262285597,17,1,6.296514121175176
4.591807224212184,54.12983759146401,5.089770184275914,38.623936774933824,17,1,8.411489178220135
9.181254712167542,90.98099993913507,6.054838736643693,59.242020448898785,13,0,6.452497213740052
1.7650982258715573,24.59775323897501,4.305510853913524,15.702938261872951,4,0,8.896353773240733
3.698198749872015,48.697832634326886,4.556505145896581,31.10413230332585,5,0,8.41061673724331
2.6430604820093766,29.854515699222816,5.311880806182058,16.16759421462653,3,0,6.116997444695317
1.8100734743913824,13.8112183186504,7.863492268225582,12.382863799360813,3,0,6.841083511001903
10.646031073058955,117.756452359538,5.424431966014464,75.03191969353502,17,1,7.047877202182153
7.187979672483699,83.95087793048887,5.137275404149076,50.49728969424926,10,0,7.025241026704333
4.914668819261204,63.41503625917302,4.650003320198648,38.517270848633125,9,1,7.837205774207838
5.764345834736822,57.15462705770684,6.051316715530432,37.0896158178535,3,0,6.43431481753677
6.941647965806967,74.01031839730831,5.627578518343001,43.02890854759601,15,0,6.198658986964905
5.141516053435876,50.663132973622545,6.0890621068927295,36.94661539502649,19,1,7.18593796285757
10.36069603969552,104.88650716981974,5.926803925077254,65.76061000942246,0,0,6.347122795367234
6.363626730136301,67.18457484339112,5.683114088288929,42.75621432422927,22,0,6.7188438507475885
1.999496983087022,23.52713588278383,5.099210527916838,16.285778997773797,4,0,8.144938019676426
6.694513910273746,75.27034208091105,5.336375835580141,39.86367556443687,21,0,5.954678128797375
10.235331699755614,102.56552806444286,5.9875858251271294,64.54174295686306,17,1,6.305779319140591
7.749324060089059,92.08011812271525,5.0495096344869115,53.990472062733055,21,0,6.9671201828811595
6.6921538758233465,72.74406477897435,5.519752487978334,41.22444591634396,4,0,6.160116261712833
7.914516914276225,67.94327826844416,6.98922729310111,47.998085277163646,13,0,6.064562852924678
4.302299370229941,39.84793528027237,6.478076226488793,27.08949162070612,1,0,6.296514791172771
6.4195275812812005,82.3495778278787,4.677275403669109,50.422210537390335,10,0,7.854504852415813
7.611746766635173,78.35149895492907,5.828922382976047,48.328030381263176,4,0,6.349137965690223
9.742681994183432,101.12418682803393,5.780624180890346,59.90886668677038,1,0,6.149114455602382
4.625466104928878,53.68756986110975,5.169315113604512,37.32727770789433,19,1,8.069949462632216
3.782101855214576,54.53683388720931,4.160969662855625,38.065273077676956,18,1,10.06458168893427
4.774851837667028,43.53220418661127,6.58113035195527,36.0612598534974,8,1,7.552330643858632
0.5819554177952133,25.21311128300146,1.3848875958142406,16.353424000887845,9,1,28.100819239460225
12.669166201856868,133.5847265704435,5.690395838109236,81.67163008087935,12,0,6.44648817290826
2.6103719423698717,35.53030284970224,4.408133451739066,28.40421295445095,14,0,10.881289556255226
6.659872177357177,74.41856638208063,5.369524704222858,45.29323378956358,13,0,6.800916381481843
7.4951350254639175,77.2326344450751,5.822773038354017,51.63631566510471,7,1,6.889310931647778
4.835424881667332,45.40731896537338,6.389399319552058,38.63339526616879,8,1,7.989658863824057
5.473126229896287,64.73985405193658,5.072417579599936,39.30265207239544,23,0,7.181024230303603
5.724930196574206,65.00384911700888,5.2842380329840095,39.9804648482204,2,0,6.98357245860302
4.795319186728324,56.76202903619256,5.068866566067329,36.07891969000555,9,1,7.523778560947247
10.276551552843083,107.38272664909188,5.742013752225758,70.84195734224383,6,0,6.893553443289533
7.018962539354257,71.544664249317,5.88636143282028,45.33122867176192,5,0,6.4583944447055535
5.2084205412049265,67.8353842858875,4.606817456141534,34.1016342442362,3,0,6.547404145738788
2.1164083238607923,31.096464383654514,4.083567117630113,25.74150901131958,2,0,12.162827333981294
8.327194946447761,90.19501954589725,5.539459931405854,51.80120565404106,21,0,6.220726905899875
14.281155757359826,138.89764996383744,6.169070143841014,84.01855932719742,20,0,5.8831764567722935
12.122665602333425,127.40532539726965,5.709023024524162,73.91719743936079,17,1,6.097437631632178
1.797596170485793,28.80232259250853,3.744690029171495,16.368928207145267,22,0,9.106009723374983
2.046792055821668,29.910414479691454,4.105844920092426,20.24289294874096,19,1,9.890058392187091
5.498420904086258,68.72993028968114,4.800023117362397,40.72532630349507,3,0,7.406731316845762
2.4725558144492457,23.91578011597531,6.203157419391784,18.63474377534194,19,1,7.536632203181537
9.561423634675105,96.37270983445222,5.952778738565883,56.4338374711597,19,1,5.90224213750961
9.929590093709121,97.69043697155618,6.098605186872231,58.55611558342515,0,0,5.897133218069424
5.240347120109113,61.40640296047543,5.120326416268438,40.759879113574684,21,0,7.778087630333541
4.4062810760834275,53.55134317540444,4.936885778925357,35.70293158883111,17,1,8.10273583830609
1.3294137375381567,23.893937066853237,3.338287199347437,15.08372654942512,23,0,11.346149150946461
9.916467582629668,96.96419540988096,6.136162450919991,57.72038001447643,11,0,5.820659376286695
6.147514760568403,67.18344582089645,5.490204932587402,43.59282782110895,17,1,7.091130240259615
9.420384665981377,98.72367365112633,5.725304367788121,64.94546806557625,18,1,6.894141839038215
8.829644277076623,90.39619195185442,5.860630245428489,56.90457637332028,15,0,6.444719015584241
6.801506311001364,79.8588382562339,5.110146698486761,42.59493557705504,23,0,6.262573851936032
11.16617659661113,116.16767707518623,5.767272038701853,78.67450407283901,3,0,7.045787194223336
3.241566295231764,41.28828968264094,4.710632947231961,29.949957444378494,8,1,9.23934749952018
3.5099554113628577,29.513477018915847,7.13563246196966,24.72240218820413,2,0,7.043508902754074
3.3303506589875145,40.6633046815726,4.9140383720412135,22.019187053607727,14,0,6.611672255648283
4.402716365320939,55.40502631867571,4.767852295563539,31.74920822014539,0,0,7.211277217452779
4.109214812918342,47.30677251247546,5.211788411692662,32.77465715370143,7,1,7.975892876338837
14.977720168836536,148.61901073435004,6.046758121250808,88.7244895786283,17,1,5.923764670355728
5.377291779050789,59.04816641000058,5.463971641436175,37.05257259128959,21,0,6.890563896056649
4.758456533837639,56.22106815883977,5.078298961229668,36.91249931735175,5,0,7.757242092023957
6.388146924550389,77.89937309082336,4.920306804345453,44.15232437781309,6,0,6.911601267048288
9.84445455884412,105.32056052591777,5.60828076285535,65.42672772878852,0,0,6.646049035800573
7.452710956840902,71.30091395670416,6.271485631754781,48.756274046947176,8,1,6.54208573622373
6.850232256234296,63.70394763397027,6.451938233650117,39.649536394595934,16,1,5.788057238279983
7.983389578627199,86.50585380437182,5.537236541250393,49.602696855626775,21,0,6.213237668924621
9.415493375164072,103.74656013006091,5.445285142964023,67.74190005017475,10,0,7.194726537524041
17.257087803995685,157.34989542696187,6.580400104049394,94.47363877339755,2,0,5.474483287471206
1.2497075123812325,21.988522378019567,3.410072284703806,18.603774826986424,7,1,14.88650315587701
15.414441643632287,164.96928519854404,5.60629512036038,101.37418881508756,11,0,6.576572227445247
4.211215314850668,48.289108246049835,5.232503313243714,30.2908104177145,14,0,7.1928904492000845
13.361477445530433,147.40844188663976,5.4385531552415545,83.33365327033243,13,0,6.236859180435057
6.3347692926898285,64.07131926036216,5.932235545468637,42.96373116533454,19,1,6.782209292912002
8.466250992234775,84.31484357194824,6.02474057964203,55.00088041007819,13,0,6.496485925178082
8.077359751093159,80.47852502939428,6.021998848619271,51.157583868039126,9,1,6.33345368344101
1.279223216076529,15.837883855483412,4.846189911792924,18.077780593509786,2,0,14.131842172905257
2.359257729987213,23.085469182039173,6.131799301240322,20.782909799446326,22,0,8.809088356598908
13.339602562373576,130.7289693936577,6.122408502527708,84.12687794246507,0,0,6.306550554943669
14.389465230770098,142.37437650513215,6.064068093145147,86.50658594172674,7,1,6.011799921288462
3.7579615949893204,41.52097656706167,5.43045261315528,27.79681738257524,9,1,7.396780589678761
14.687733251056097,141.33228431999876,6.235404736458118,81.11187530233221,21,0,5.522422957708604
4.915276563201719,64.91394061244596,4.54319351143441,34.61061073281673,10,0,7.041437096730124
13.901833276847,142.9469609130874,5.835101294094415,87.29200784640581,9,1,6.279172401800235
6.294704875905557,67.10028645359766,5.6286241462697,42.77311357066789,22,0,6.795094355319485
3.0612113121216504,42.13015438727486,4.359648840564804,31.62801594420018,8,1,10.331863017414364
3.974526251769412,37.95219454972059,6.283472614310794,34.94116147042543,18,1,8.791277062233528
5.815565115254847,65.95784743493743,5.290256133047526,41.167668947952656,0,0,7.078876795647163
4.83807929693752,55.16825775121707,5.261807598226124,31.911090550880512,14,0,6.595818008001661
7.368419166995865,76.07077816071555,5.811760582831316,52.643735864871545,17,1,7.14450883856742
12.491422528140165,124.6196627525861,6.014182153392617,71.90573622422681,5,0,5.756408932788921
5.94799131531894,64.75887120340622,5.510897152579847,48.23907695395718,18,1,8.110145828511609
9.317804821272256,87.97840745251352,6.35460797103077,54.79910169068155,21,0,5.881117145271912
2.765507184035767,46.96820336069116,3.532824744601946,27.798360427066118,1,0,10.051812769655996
4.419509408403585,57.48048985635418,4.613227290979703,33.221685938008086,4,0,7.517052882575132
8.075796461059584,82.3553936921121,5.883619347083328,48.21000456125545,3,0,5.969690394466686
6.292694436337232,58.0708443690429,6.501742316347461,39.228222685030275,22,0,6.2339309626265145
3.510465492406589,28.856512023432977,7.2991472210277735,17.35977479889393,6,0,4.945148965698276
12.150944322664662,133.3867219074109,5.465736386159541,81.2431874791947,22,0,6.6861624349356195
1.1561076902920673,21.363001551091905,3.2470372317123473,14.471801436450892,9,1,12.517693254678449
7.119926090136422,80.65722915467057,5.296432444870913,50.44495455432262,23,0,7.085039074240736
9.749264246107556,94.05100443614327,6.219559889587506,61.36575677780244,13,0,6.294398759609273
12.987972082731236,127.047520209441,6.133754705949509,77.38647419444666,6,0,5.958318488945588
17.40003719877738,167.06233788525125,6.24917767308948,104.09425088458798,12,0,5.982415422186695
3.151700252301311,41.8140705191131,4.522449328429784,28.51100470578976,3,0,9.04622978818229
2.3362401598210982,33.56537222827368,4.1761613318618425,18.9908535903273,4,0,8.128810520824862
9.263481660841087,89.83773950308603,6.186808603208149,52.5547340907627,15,0,5.6733241360992706
7.738499610751774,76.05037523981834,6.105295012430178,45.66809230412929,18,1,5.901414305258686
6.244960995322834,67.71536877563359,5.5334212379597885,41.14398441701474,10,0,6.58834930239429
9.403512116222865,86.10573385813885,6.5525337476702985,50.894763361012444,20,0,5.412314328091225
3.824945889535139,41.48605738634979,5.531900783794893,36.77274555094721,9,1,9.613925690179201
7.930041603255801,82.44554530252884,5.771112246870588,56.14113896043854,8,1,7.079551630270001
5.743125591251289,66.0731276808252,5.215244798757705,41.68769537130625,13,0,7.258712126165345
9.136530688867996,103.2493874963491,5.30939557730029,64.46896395920325,9,1,7.056175495339016
2.5472916318117105,32.06683649766876,4.766216895758141,24.579180586133656,16,1,9.649142751924405
2.2535241878570904,32.4984046528151,4.160556578573868,28.159024222467682,21,0,12.49555002524491
10.160574739713748,92.24099046194743,6.609149374152915,57.23857595400199,7,1,5.633399430671828
10.956706479399692,112.61924019661555,5.837389664645756,68.20124284189566,11,0,6.224611654070006
3.7182619244007875,40.00821213281965,5.576248064357685,31.30445798861564,8,1,8.419110494390594
2.570038685274544,33.28093903760822,4.633352470680604,15.189955084434096,14,0,5.910399392611256
5.5724271227094615,65.00713341070299,5.143214441563423,36.080859143164325,14,0,6.474891164771457
2.902536392593483,41.22892863950922,4.224028838545198,24.426356066931678,10,0,8.415521035071732
8.51173247423542,79.88310608472813,6.393140846481938,47.526013570680306,1,0,5.58358873643399
12.228746274241784,126.87041724825752,5.783261317874985,80.23047478305695,22,0,6.560809504409434
3.174868903516525,40.34057441711169,4.72209771336792,24.806582968018027,16,1,7.813419615701909
7.262235997594159,84.96319635502056,5.128504794416219,54.29419855370904,17,1,7.4762371495081785
4.939970453453295,65.22951709719565,4.543927969994744,46.13388200168715,19,1,9.338898367182981
5.4177858744408915,70.39685774789153,4.617637247824313,45.608207774210086,0,0,8.418237418605399
1.4915805295563271,16.87770773560493,5.302546600246124,11.978696461215923,21,0,8.030874782723936
2.2998430027491965,35.11229811664793,3.9299785991372,18.78199951221571,2,0,8.16664419691431
10.882831596272615,100.4810834243671,6.49843605904043,64.84119571666606,18,1,5.958118081958951
8.032512165479652,92.10131261661272,5.232832369447117,55.943276414042984,22,0,6.964605251948896
10.502453973503489,115.18471146961015,5.4707541510529785,70.75397108212469,12,0,6.736898943868644
8.540833763246296,94.73581063877221,5.409253611063196,58.58591111841371,17,1,6.859507249810436
5.208671381977751,56.33044735319015,5.547981555324292,32.93452065468527,20,0,6.323017568096208
2.1900886242462745,34.976279457333796,3.756983861450235,23.69161293316534,13,0,10.81765033199005
2.4629481021168593,30.853060905348357,4.789699361770441,19.62473053435438,11,0,7.967983782316518
5.574918586414563,62.25688672604092,5.372821109041429,47.852258126390424,19,1,8.583490033917425
9.976262333803904,101.23310969913464,5.91284552857464,71.11633458782515,18,1,7.128554984651132
9.11991102567111,82.0891427444032,6.665859128825828,58.167961436513295,1,0,6.378128171731025
11.685673203164917,112.31402471030309,6.242678899615429,65.97958734544432,1,0,5.646194806095944
4.124839461854579,62.748711855037826,3.9441505712982186,35.87569488037179,17,1,8.697476644155657
5.171051523713281,58.019313855156355,5.347582913464993,44.861278164438055,17,1,8.675465320489325
8.416530896483023,88.71014275600582,5.69260558150542,59.46256268018983,19,1,7.064972898161305
8.853782257007206,91.63201635841838,5.797394366424718,54.5348212842039,2,0,6.159494293079441
5.908471271057288,62.713097493790755,5.652858660003793,37.50445002285128,3,0,6.347572544960529
16.141772576873038,157.4925963923015,6.1495357673824245,92.25507851148446,0,0,5.715300353299612
2.2216867876613082,29.55312327308636,4.510562421030949,20.139204640418694,6,0,9.06482621774896
6.8244913935308515,59.7227242583952,6.856175579671286,36.73902684138493,12,0,5.3834087733206015
4.854588278940251,60.40865972188729,4.821747379885671,36.16152439151357,8,1,7.448937440974412
2.687724638649399,45.866739559146126,3.5159132711190706,26.083710728788375,2,0,9.704755596501741
4.093391247457612,41.855452901267995,5.867896721289958,26.653662176193222,13,0,6.511388861924131
8.671302440008056,87.56462768423548,5.941647445548959,56.050662986740214,7,1,6.463926656292263
1.1048840772179789,30.943682170760464,2.1423773766562553,16.69899922829192,6,0,15.113802047305123
2.279682512952737,27.88872400067633,4.904525240159684,18.431924156946238,18,1,8.085303129808398
2.5465560403771357,37.2453069118512,4.102352083827515,27.567443037596824,7,1,10.825382438280913
2.6349212924229386,61.67581607546723,2.5633268857266374,33.16939042323692,13,0,12.588379971204395
7.127747460612912,79.94334620917665,5.349599033767782,45.25001082569712,1,0,6.3484307034926974
5.909250450765416,65.59620599815848,5.40511484850021,42.91255053057964,17,1,7.261927868537242
8.358667072333162,92.51826628979228,5.420767643538554,53.28927453880822,13,0,6.37533162616244
5.477738064825418,65.96012381285169,4.9827723917262885,43.303791612773786,18,1,7.905414808138316
1.299400110671791,19.721023527320135,3.953344841980516,17.478923117897043,7,1,13.451532729869035
6.5858706799687425,60.85417738853768,6.493428352094597,41.80000290644651,11,0,6.346921301322135
3.6353983478856304,48.28206611081074,4.517700223775183,26.502038082696522,10,0,7.289995633658762
2.5078595776780244,39.03388062486435,3.854896624468128,19.969559641218304,23,0,7.962790189276749
8.449735648082545,86.26256283783151,5.87722091955525,48.56433358522966,2,0,5.747438216750617
5.197724814711019,68.65069903177493,4.542757659879258,44.313113635339775,4,0,8.525482824700768
9.225884930494987,103.70138000309163,5.337953032189121,61.90469574630782,23,0,6.709892461555611
17.859742441627862,177.38478915910275,6.041017110754233,107.3660272105325,2,0,6.0116223714560135
4.763700445300809,53.20157533549388,5.37243540093746,29.733182676400652,6,0,6.2416146896329705
7.726698342304892,68.99472792031901,6.719381531204827,48.417871856589116,7,1,6.266308028552588
3.719564497920636,44.429952154021436,5.023049970920085,31.290235284978472,18,1,8.41233840748582
7.504675922166751,68.52493497930138,6.571046808961098,47.404259833544465,18,1,6.316629835210513
2.754646495048928,22.64926573449167,7.297313371675406,17.528405619099914,20,0,6.3632141730725325
4.048900828391444,52.323058907804665,4.642963442400151,30.124082354046653,2,0,7.440064262086264
1.9838262102428224,36.888279417600344,3.226758593619232,19.691157357117866,5,0,9.925847967654207
5.633030240870632,50.993693998065254,6.6279139233384665,36.09203064634227,11,0,6.407214075379072
3.1505852171006485,38.81599354706565,4.870031545033819,25.471010259611997,17,1,8.084533032581135
8.834032316501025,91.40133351431035,5.799061333247122,57.632066298217694,13,0,6.5238686291159675
13.196815281217402,129.01690970136968,6.137249130410988,82.59419648623499,12,0,6.25864609954711
7.9906100616132045,75.64441294247692,6.338030596673086,55.80221405063762,19,1,6.983473554630177
7.637200359427105,88.72102497318181,5.1648639282981526,52.45475384558521,4,0,6.868322340245639
6.201675605950055,59.709741839936356,6.2318228967475955,43.961433002044096,20,0,7.088637941634081
14.567708350166448,131.41418761554547,6.651203472543407,82.00084102063417,15,0,5.628945819724435
3.934636677899399,39.165044177850184,6.027778230044182,30.169170341339854,5,0,7.667587330438447
8.935543458438902,95.30794472868709,5.62526669767711,58.77356511523966,10,0,6.5775031354956655
3.649281306843677,43.24030894102238,5.06372141580364,21.549168062442963,6,0,5.905044377376648
9.230633647409764,90.45422186946907,6.122854272560188,57.549933432992745,7,1,6.234667697936642
4.338750473836195,54.21464964116301,4.801746947609478,42.49250241789404,16,1,9.793718876928965
6.390096036730284,71.50663257373624,5.361820972459534,48.45931113395338,7,1,7.583502791727881
6.711952882669086,58.56364659166172,6.8765726930925775,38.77286491470151,20,0,5.776689078795056
7.036613606018334,78.43492726164753,5.38276544775407,46.591448978972615,2,0,6.621288532757219
6.313696440493518,75.91066589721348,4.990363105792711,47.143018681151425,4,0,7.46678576099969
8.992104349943547,92.18984852093564,5.852339163721377,53.45565145026546,21,0,5.944732108296881
6.386900594666412,68.07261651254859,5.629488850474002,42.070056848659384,17,1,6.586928389615355
2.2143869785524255,43.292731542135684,3.0689497747175696,24.535145266129426,10,0,11.07988147679968
8.13555472060552,80.96107930107938,6.0292338917698105,50.42400302705486,5,0,6.197979702520133
9.341722945787566,95.08154280146233,5.894975620217151,58.37445885748074,6,0,6.248789350341775
9.530180334106504,99.75750275700067,5.732008162225797,65.02604660650208,4,0,6.823170635479749
4.187308578083225,49.97641914110299,5.027141179836211,29.966823909208046,21,0,7.156583602664796
9.452276493394518,95.43678260203728,5.942536767700763,61.31848668149441,8,1,6.487165999042165
1.9086745559522478,29.71341603019192,3.85416719641963,18.50949152057331,22,0,9.697562878307888
7.913133444521834,92.63187756573993,5.125535821449346,60.33185882498135,19,1,7.624269102494204
10.857264241974745,114.56132405100331,5.686350606671253,69.85563752968014,8,1,6.433999944444074
8.315915673662367,86.39493423307603,5.775280053731653,53.453973884445034,17,1,6.42791196810004
7.23339699857205,71.916932156466,6.034793294158919,48.16854127171302,11,0,6.659186725299607
9.144326544307418,89.91291342187378,6.102122284527915,56.20219307588974,11,0,6.146127088044233
9.575706417799573,103.8826602632853,5.530686099218349,60.81179949897985,18,1,6.3506332426755785
4.829874662615837,45.908938546682464,6.312332389525299,34.07162151458653,17,1,7.054349003775909
5.597348723622716,76.79527699654332,4.373197630792837,42.16486069864546,5,0,7.533005853413314
2.9990801060793473,38.8010128502313,4.637631678825831,25.97199751325029,9,1,8.659987927832676
1.5094253233558004,17.31353915830126,5.230907359453708,17.525958744663,22,0,11.611014121386777
12.907537685355358,129.25969451967862,5.991444309064325,78.14394446655808,5,0,6.054132582949472
1.8221135734566831,23.59478618279275,4.633515792871692,21.227159605797834,17,1,11.649745611371719
12.855644327079071,125.18687717308725,6.161497730774668,79.2049226255447,20,0,6.161100961599241
9.519166113912693,88.60786426247182,6.445815747718697,62.55015471313668,14,0,6.570969974115358
5.079041237077655,56.279754335623934,5.414779752010459,34.52886302775517,1,0,6.798303344278842
6.429006802931708,57.12523448411627,6.75253960284676,39.23644099916686,20,0,6.1030330503421695
11.037076894718364,107.73449550275183,6.146820575831136,61.44473904957973,21,0,5.567120682015293
4.152907119387464,44.41232287665949,5.6104795026201915,34.3964861100173,15,0,8.282507920642018
7.471636908099691,76.23082199377562,5.8807999541522165,49.89774089281104,18,1,6.678287704093193
4.194388258822982,45.164298323224685,5.572173262347949,25.445740026152443,1,0,6.066615309783687
8.367369618420964,87.51011136841453,5.7369619265101575,53.87454588673543,17,1,6.438647788204471
2.355910492941483,38.53122596640753,3.668573372145631,30.2241418568862,19,1,12.829070521753867
7.83755451952265,84.70166347803712,5.551877635712482,51.151560439450606,13,0,6.526469488924974
8.878125307169588,99.6986996849777,5.342973580531453,64.84081054338034,12,0,7.303434936992579
3.3386076305313606,39.05629473161533,5.128916073795635,30.354045120220633,19,1,9.091827635758921
6.949166393837999,76.49078667713788,5.450983075781347,45.26156192147325,15,0,6.513236171982847
5.874800877735413,67.0578954358882,5.256473534889366,37.61887953344288,0,0,6.403430570049211
8.526731978876375,95.6504980984086,5.348680131348886,57.380351759949875,4,0,6.729465861258521
17.498646393080453,165.10514666014748,6.359091795884355,102.35953460878683,14,0,5.849568721456261
9.435730716202617,101.65457018107301,5.569290608023906,62.37277046857216,14,0,6.610274534590991
6.854980797091812,68.55096718189722,5.9998985387637775,43.51530425559054,6,0,6.3479833924628455
7.485405986593445,75.94913226790756,5.913489012768945,50.549771902548045,3,0,6.753110251212023
4.107168725121304,46.81258133368572,5.264185748499845,28.3723489266931,15,0,6.9080066648236205
8.349258672312203,89.86236893692542,5.574697465302232,59.018865500175316,7,1,7.068755181330478
7.817725316149464,75.83748200051471,6.185114624003265,47.42163805011039,16,1,6.065912542635535
4.5833196227908015,47.56395346648334,5.781671987405976,30.69841458438026,15,0,6.697855945225979
3.0494957103856173,35.575080161927765,5.143199728301671,20.30645304735394,5,0,6.6589544553863735
9.955812637399912,101.89297314666028,5.862511808191102,62.41624591566454,18,1,6.269327094524886
5.115055797701025,52.41801183889109,5.854921564086435,33.100819120582194,3,0,6.4712527936566095
7.5011256273388165,81.0939608997806,5.549951348369107,49.02007480170189,9,1,6.535029172560705
14.964288353851604,144.53160241403597,6.212186720652467,87.26303882574675,14,0,5.8314192270484035
11.502973284755575,119.47419385416823,5.776798945618125,71.91613704789464,21,0,6.251960712036269
7.581170761289416,80.6081864206748,5.642978286392727,49.09678295778295,22,0,6.476147880546158
2.478369038029866,44.818128311672915,3.317901659071791,31.863231758029215,16,1,12.856532368302302
5.719489150856462,64.20228039934162,5.345127103225244,40.958921675007375,15,0,7.161290212234078
3.265954529003513,34.083254016339424,5.7493709857124955,21.013355539240663,12,0,6.434062493102782
6.011397916034232,64.82597718255444,5.563878720197971,38.931769574328314,11,0,6.476325493357445
6.671948657781423,72.17437848435107,5.546523958688228,42.33936119307246,13,0,6.345876349586791
3.8934135710371676,41.58867775722897,5.6170291257125795,27.92709993588705,22,0,7.172908663912511
13.554955244351284,143.09718968193116,5.683531007623778,82.5539506604024,15,0,6.090315251671884
3.218190002640605,39.10408327802466,4.937883309668276,32.56677231796348,19,1,10.119592780799653
1.4794315015933501,21.44687175145646,4.138873544090313,15.893819182455555,13,0,10.74319369659081
7.2984572703303865,78.775362139338,5.55893904296183,48.61424123499364,17,1,6.660892766012313
2.1727311752137286,26.117336397957203,4.9914688284606346,14.224398625060555,20,0,6.5467825874323
3.2746100947955554,47.26957172177719,4.1565133452905,26.798040555556522,10,0,8.183582099788772
6.2869854241350245,73.17498355218109,5.1550284965777475,41.351370367365575,15,0,6.577296999707102
10.7700405803996,109.71411237957146,5.889875247665017,64.30924294441375,11,0,5.971123550031015
2.3321341865655882,36.53852550571516,3.8296031177297647,16.47684673950013,12,0,7.06513666083885
3.173923214446766,37.567285174530866,5.069181655849691,20.39036063536052,6,0,6.42433961305352
8.349368910880791,78.12800257332923,6.41206888890645,50.81336996113228,20,0,6.085893497281327
6.9580886779289335,72.66915187727233,5.745014354657782,44.867155698189066,19,1,6.448201190724651
5.703043289072685,60.318299338771716,5.672948360538593,44.46996993659856,22,0,7.797585899760788
9.997547898896597,89.75871610659726,6.682948463984398,55.4789114686726,6,0,5.549251879532946
3.057320153713308,33.16876594379949,5.530480378245435,22.807782600933916,23,0,7.460056995742636
6.3217045002167636,61.51309087108534,6.166204049279851,40.930923211976065,16,1,6.474665687169116
4.69626487994355,47.94361213040674,5.877235366208577,34.41131964624943,8,1,7.327380487674507
11.79689028580706,126.17187011925822,5.60991460679306,73.10638026161922,20,0,6.19708910487827
6.606207785647544,74.52750329911206,5.318472370502382,44.54480126712937,13,0,6.742870147667187
11.714151085662131,123.21719480482952,5.7041475928177805,74.85881475693425,13,0,6.3904600691517315
7.9306779368997145,86.43363153076601,5.5052722856450576,54.641380124984444,18,1,6.889875059829378
2.1539764938344197,37.88385238430499,3.411442646302988,20.12168224718409,3,0,9.341644305209805
6.794658640969634,73.31349771432757,5.560770269708544,40.36162940625907,11,0,5.940199727310988
8.143919357242853,94.38930509822325,5.176806428716563,54.23499032695328,0,0,6.659568685281616
1.3097813071541442,16.39968097270326,4.791976048805704,12.982010125862487,10,0,9.911586044901979
7.654037126971967,80.47990019032423,5.706297181436252,51.31480275634902,16,1,6.704279311047684
8.785884759328699,84.92364540897762,6.207377026987522,50.79654620419311,23,0,5.781608522722567
3.783403776621409,53.50084336270004,4.243002770224523,30.85211545329888,5,0,8.154592339295572
10.509797566355775,109.10693779235395,5.779539475128933,66.12865099292581,21,0,6.29209559702829
10.717680276525337,115.5792932499912,5.563806444123323,70.31873694572364,0,0,6.5610034197176965
6.108181002424547,58.55282609464104,6.2591489530001585,41.97955922282438,0,0,6.872677677063146
3.6314871806622127,41.06875492805625,5.305474471320801,33.27724037906241,8,1,9.16352962947654
5.912340926510153,54.50736961213168,6.5081191426939595,43.49123686627762,6,0,7.3560096426896955
8.730268728960493,92.74008104022654,5.648217231020332,60.50217532188771,13,0,6.930161854146232
1.535745258926798,23.252892492990874,3.9627205760910424,15.540403999034888,4,0,10.119128747885414
12.39037113942029,128.04686142926,5.805860917379253,83.35306952877696,13,0,6.7272455837571306
6.7402020106485665,72.85174628391842,5.551165775255899,41.90005661826239,23,0,6.216439292482068
7.102947105881493,63.14541166475702,6.749133707695015,39.62272630283631,4,0,5.578350185098138
3.5908987763637974,34.35581997385027,6.271249725543426,20.848603900737366,10,0,5.805957003847656
7.8388833001760165,83.04443330426855,5.663630652849377,49.30080435781546,14,0,6.289263721620712
2.8517167369004377,40.45978257711036,4.2289649947556995,27.21466613238229,10,0,9.543257147609342
10.223769461441954,90.71621475582891,6.762034431635077,59.53305916681498,9,1,5.82300485073912
3.484872885831209,42.862988865358524,4.878156626143705,26.09940201320624,0,0,7.489341180655728
10.497905074973994,100.37673507311447,6.275102532869184,58.970342334771495,11,0,5.617343833233087
3.3455879509300157,35.44900677402361,5.66264883908951,25.999905068606193,22,0,7.7714008568744
3.5710468311480033,40.20934252773243,5.328682251422114,27.81335243360955,20,0,7.78857118058803
3.4346262649297588,43.652750735411864,4.720838261599213,27.91478956355988,19,1,8.12746057659661
14.12702921657686,134.9039914276163,6.283148067189762,89.75957130073809,1,0,6.353747127203001
11.642193843118012,104.86288249865983,6.661381166934907,66.59177614461848,3,0,5.719864919100495
8.872685788873012,92.54796946552158,5.75227258260604,57.60998765087958,12,0,6.4929592934674485
12.704636921672403,124.23755067581314,6.135650704266069,74.72028035149879,7,1,5.881339294634704
8.301958992689036,81.08791754453942,6.142931704809654,49.47237422113812,4,0,5.959120523807096
2.1506503435823348,29.50888773073195,4.372886629696746,19.815977695926293,4,0,9.21394672781576
4.784771012748788,52.975810167172625,5.4191952866598205,32.24017479817284,4,0,6.73808103089374
10.181705026761206,103.89942217030311,5.87974686331107,61.912802890776625,2,0,6.080789290992754
8.988448996642589,91.40870162990234,5.899951866531413,55.046291144027265,14,0,6.124114534619759
5.894490867301044,66.04287337028103,5.355149374787986,47.82980341604971,9,1,8.114323101487798
6.930115934354911,74.07940060714844,5.612990286818958,47.39697433960011,16,1,6.839275819995652
3.360290848082495,47.16078215130386,4.275108293117559,35.51508422474203,5,0,10.569050665661349
15.179349324876899,158.12257308835828,5.759841505891029,90.25862422973245,14,0,5.946145799662887
5.08332305474413,57.659101531989954,5.289700588127107,35.05303736593498,4,0,6.895693425036388
8.34773372080558,83.39992475350623,6.005569246359277,52.46282526559671,22,0,6.284678814663232
12.084410055496393,112.13864268680088,6.4657872251482695,66.846884791173,4,0,5.5316630670579405
4.38740381248913,55.364724260815805,4.754728435189878,34.34254562737763,19,1,7.827532430367718
8.34626545122232,81.70142233485318,6.129341604616255,53.30500238855693,16,1,6.386689076699609
9.009078968600813,107.16699145608908,5.043948055008459,63.8342037318909,4,0,7.085541591362574
9.742851790507903,116.36070595036955,5.02378446964568,65.93330185261425,2,0,6.7673514152037715
9.507646228507198,96.29064046271509,5.924342916083527,59.63453088436301,15,0,6.27227070203329
4.531633858657835,42.794696696299006,6.353545006967756,30.094656289975077,1,0,6.641016734500351
6.891372586631014,77.9450574364857,5.304792488411353,40.43018825983367,14,0,5.866783104757188
10.276132728511554,117.07793162269255,5.266303864145029,69.74553163847736,16,1,6.787138068484218
9.090729629884684,85.94291221513888,6.346582443328014,57.70822835881673,15,0,6.348030434114754
5.056465277922263,68.89650091449792,4.403531567616865,46.74431952946354,23,0,9.244465641554076
4.535145656328052,41.72229419303921,6.521902609686328,29.477446705470893,10,0,6.499779486539743
2.220781272221214,23.261825055206376,5.728135089015727,18.276840249254253,12,0,8.229914615127248
6.240400861225388,70.01738956248442,5.347586564040386,42.77422692610434,22,0,6.854403727792742
12.758872001160123,132.9300998573941,5.7589087865792745,78.30461932932356,20,0,6.1372681944143315
6.50520937523259,70.14824788992959,5.564109927968539,44.03447368423186,11,0,6.769109362088355
6.779247968765079,75.7097484993867,5.372556192406314,44.870098658063576,10,0,6.618742796369079
5.026779999152671,63.86749673610829,4.722383299213339,41.98109202549856,18,1,8.351487837656515
5.840100898883325,71.88202252057016,4.874738378886394,44.36889307458156,13,0,7.59728193789687
5.161790362595608,54.722314392914,5.659618479072233,41.08447417563456,11,0,7.9593457482018355
3.838838640327172,41.36881650482994,5.567728010607666,28.19902223097417,19,1,7.345716992306521
6.093578894160953,73.16366602144286,4.997217246365191,46.37206896703878,18,1,7.609989100407621
12.409918421533327,126.41454809097397,5.890106135222295,79.40344395548664,9,1,6.398385650763675
9.754271144981434,103.32083895019582,5.664455250706971,64.16108324674504,9,1,6.57774243642549
11.903766640842571,115.16679756735147,6.201665875382729,72.19442419573251,16,1,6.0648386661100115
9.66082376294851,102.77575312177508,5.639943354052643,65.63464472488654,0,0,6.793897325465201
5.109441899387311,51.41806087288124,5.962234062485368,31.702016607610563,18,1,6.204594793692057
11.705798285099968,118.83563319879289,5.910246600285985,70.91099564214727,11,0,6.057766750722861
3.374869364884443,43.04444925309752,4.704257236570289,26.24964536188162,20,0,7.777973759520739
1.2154169536734853,23.6508252556981,3.08340264798327,10.888491316152395,13,0,8.958646893350416
7.8702676295477785,87.51959426046264,5.39554669743473,51.64505370577296,9,1,6.562045426750051
12.871366811243034,121.72107958476825,6.344685828527787,79.73476452667713,2,0,6.194739509484685
2.954134616449933,42.64876834798541,4.155995210477599,25.739975753058648,0,0,8.713203389489102
6.454375558986276,70.21328572869268,5.515516465581408,42.17304476504472,15,0,6.534023993433134
0.5418889179396852,12.127689340257325,2.680917540363979,9.026704522935134,4,0,16.657850389809685
14.117303656857791,131.124821736257,6.459785479176404,80.5055551185245,20,0,5.702615533060178
9.802636164386291,111.5557791708435,5.27232362352501,63.02062283638638,11,0,6.428946436402996
4.660170934193058,53.524835443960654,5.223934902972833,32.12959494928486,20,0,6.894509966048773
7.606339006995933,78.32724568531196,5.82658481639087,49.84532484742845,11,0,6.553129541239642
12.742120403970091,119.81703820894813,6.3807888733232705,74.79931007848698,9,1,5.870240407960797
4.149705660729166,55.87927577529518,4.455718800740573,32.10225548823335,3,0,7.736031929212179
3.379737968992218,48.484148758868955,4.182486097632864,37.87675111456087,9,1,11.207008194737384
8.918277567228396,97.17549917626202,5.506497610710673,64.38833914554138,19,1,7.2198178022790405
9.461879788533816,96.79071920230899,5.865363869498822,67.31576985371102,20,0,7.114418208450106
13.726466465858026,140.0457458310727,5.880849739947957,86.57416135946247,11,0,6.307097429247302
9.992529908793854,96.98983644482529,6.181594036079222,59.569411843349314,23,0,5.961394400323554
5.08471063463763,59.068083173651445,5.1649320866119846,34.53266603838512,0,0,6.7914712399058965
4.942190827114219,56.153774763421616,5.280703761699966,38.558695199473895,1,0,7.801943823765421
3.514496190993564,45.232748132979104,4.661882820820014,28.55535349425306,1,0,8.125020470197274
7.1127262842989145,65.1355726531848,6.551927920097412,47.82269519273812,1,0,6.7235393689062635
4.0102385690736035,59.31027712312597,4.05687388114727,36.63813445174406,0,0,9.136148341470806
13.229937662844023,140.7806257776186,5.6385333946770935,81.024067123905,1,0,6.12429696864402
7.673216858045659,74.15875141284019,6.208208777946401,51.835659735954536,19,1,6.755401377924421
3.1675605421337987,43.97221487206791,4.322130078754665,28.834897693387607,11,0,9.103187550746304
10.675107768758581,99.1540940557736,6.459707712777182,65.1922545575174,18,1,6.106941116632743
10.388902001150852,106.00330126532934,5.880327429697946,65.33614918847226,18,1,6.289033160697302
3.966449539808454,34.523683152529486,6.893440984759772,25.864921381484518,16,1,6.520925357021831
10.764242127082822,107.12519271552705,6.028969575252463,62.69258459633298,2,0,5.8241522121282
3.5138592262669275,40.69817941358643,5.1803681789665745,25.335180306839572,2,0,7.210072651019459
1.7555406978256296,34.740316600651866,3.0319942987382364,27.362710815245165,16,1,15.586486174393997
1.1684415358842961,32.52683725680684,2.155343035646255,12.903958049354442,22,0,11.043734455732533
7.123807373637108,86.26019337961975,4.955106471152576,47.43505910416756,4,0,6.658666723599135
3.6778110619235087,52.04985223161664,4.239563692389693,28.455509236915205,15,0,7.737077505561928
1.5485041223411196,26.431042916496068,3.5151941462922864,18.328541304212912,0,0,11.836288350658535
3.918460415547918,49.59592908529574,4.740462156249435,28.37163615003599,4,0,7.240506000127294
8.193674984237447,88.04369850403886,5.583823798947911,48.75264991617353,14,0,5.950034631586104
3.007549030238577,31.986030793309517,5.641617210349831,19.10981938265038,15,0,6.353951071292917
2.6380011844571407,42.617566591560305,3.713963131315272,27.668643582481156,14,0,10.48848792999118
5.650843015670546,66.99793272433428,5.0606125764397865,38.63557614846602,10,0,6.837134926828508
6.269950259198067,72.84856774991896,5.164096250228647,40.71396528666863,6,0,6.493506902537372
3.8554274058521383,33.010018587568425,7.007740505733782,27.688290525363563,19,1,7.181639701822842
5.028404765866396,59.97213675407673,5.03074097875085,38.10155319472991,7,1,7.577264553834102
8.447795616861832,94.06400773457966,5.388540731136379,57.767031423911256,17,1,6.838118965450353
6.483946475718324,70.26405874790773,5.536782182465141,45.73931621299774,8,1,7.054240250792711
10.784017441077253,106.05170841894297,6.101184564689772,74.79644929346415,12,0,6.935861306061878
5.723621997491876,55.33813101879412,6.20579903092282,32.987807107012365,22,0,5.763449634072238
10.968570151313656,102.11223808307062,6.445008173686572,65.13169187741741,9,1,5.938029385682224
12.193644860409524,122.66879989842987,5.964179092241499,73.84496857588063,20,0,6.056020937237673
3.706988841902688,43.95437775987456,5.060231582147553,26.164259515751834,1,0,7.0580896332891285
2.096602730564363,29.376774540818772,4.282163913504838,14.263110749535963,12,0,6.80296297510622
5.783899308284449,73.2286378145219,4.739047029333748,42.877250121507515,12,0,7.413208259018819
2.188463294695198,24.160678894936297,5.434772683859971,20.50815189294385,23,0,9.371028494128872
9.694947891418764,97.18031922050629,5.985747712612786,56.71406288587417,6,0,5.849857422758629
9.99185347974624,112.09133636388998,5.3484169984247405,62.92713525944451,13,0,6.297844077377589
5.829103398908194,62.589377242534525,5.587948296389359,41.33263998154826,14,0,7.0907371430896164
3.8523304599562787,47.068700426007396,4.910690660787023,31.047232005521515,2,0,8.059337673194808
6.38968902728215,68.45664408886971,5.6003525551037425,39.33483210743279,23,0,6.15598536008314
7.389786009257303,82.74278129852196,5.358620457242939,50.253920374095294,11,0,6.800456780634974
14.224875128374311,127.6936260437035,6.683908462356206,81.28422179867724,10,0,5.714230955640509
7.74166923973001,80.45489489440796,5.77342317075211,52.80729810850192,21,0,6.821177251734868
4.58508530634291,53.592435913032325,5.1332825928458305,37.00992196947591,1,0,8.071806628826986
1.5550070181923856,20.005842358387433,4.663658716296292,11.091152043625197,15,0,7.132541470145956
10.285435883027347,106.63047342829645,5.787521457424895,71.16432669385159,0,0,6.91894125860863
5.253760575545711,64.00211662685548,4.925237650663464,37.44829463773695,22,0,7.127902784920337
3.956755575669568,50.32242542298422,4.717684661354613,28.458119694250968,19,1,7.192286495845841
5.535719280845076,72.49714469703466,4.5814653561699545,44.33338414806945,12,0,8.008604103440296
10.828221205269038,106.85383238679759,6.080205621117392,65.64937926044985,9,1,6.062803669775854
2.2085771959803617,34.86865299656806,3.800394347664202,26.513860296999603,21,0,12.004950673789063
7.535273635669671,82.67372687002587,5.46868316280174,46.27958427006244,5,0,6.141725769717122
1.6345818461816541,25.29753971079719,3.8768556900037243,20.33824696425463,18,1,12.442476962389073
2.109040406667103,37.78175735773072,3.3492995892668205,24.814435316585506,9,1,11.765746752950802
8.790729447743386,92.84598514448065,5.680846253543767,59.87585600626974,19,1,6.811250006293858
3.1750638860921288,33.3693078520473,5.708953689126034,23.344001454809522,17,1,7.352293463153378
12.719179394625769,130.97618832031503,5.826637448107641,78.11688639643208,23,0,6.141660870782181
10.916744085519433,107.25445250452114,6.107015884525216,62.98413850758834,14,0,5.7694984891268035
8.69755391396505,88.34147990232105,5.907227673963746,57.407542650664155,7,1,6.600423891421806
6.136728557917545,65.73841245629572,5.601043586500393,39.53462723379113,21,0,6.442296878649448
9.010994289871377,97.5106966743484,5.544618958040026,57.174570968922865,15,0,6.344979158758181
11.302136093606618,120.19314007049695,5.641987264985791,72.86685104755132,16,1,6.447175157337786
3.916070550369103,46.28771111236043,5.076168757875837,29.833297742176452,6,0,7.61817167450279
7.602890962014487,79.1249763443962,5.765227097640408,50.29976995077791,12,0,6.6158741723490815
2.0908686620638144,18.534946868522727,6.768409999430856,14.752872340226496,20,0,7.055857982808215
10.613883476278458,103.26599212660807,6.166918996874845,67.88136751658426,8,1,6.395525979562146
11.171719711157499,106.86488500486685,6.272436288486372,67.72077785393152,14,0,6.06180423469602
3.7466885642047196,47.58735858870732,4.723971250331795,26.771718683801378,4,0,7.1454347552594095
2.857732001264962,37.077177150503154,4.624513872237193,22.22430476727014,4,0,7.776903067688872
10.402489861374942,100.1693914131231,6.230939240794143,60.843145152983936,18,1,5.848902134372476
8.03525699787183,85.23353276450369,5.656405457279031,53.46122420382979,10,0,6.6533309660150515
12.5469161558731,124.51631095444226,6.045914495714736,80.33315732195248,4,0,6.4026216740397395
4.6453049577737895,38.56520714609856,7.227195653598969,27.619818858751486,4,0,5.945749333965789
6.731604691919194,79.23196539943228,5.09764309744165,45.488586641380344,2,0,6.7574655261599235
8.886323461556097,98.04225549207231,5.438261339637159,55.42518092666518,10,0,6.23713295677846
4.334896868963981,49.58655353000428,5.245248835058862,35.45748163185564,7,1,8.179544451383869
4.133456848401398,51.31669663330166,4.832879494880443,34.5654086565557,1,0,8.3623489791417
6.893483110094057,72.08971734916062,5.737420006827913,46.54016230641481,11,0,6.751327531109276
6.018582821492608,56.540556234710266,6.38683085802166,36.19531726296113,23,0,6.01392692208308
6.962575846537217,87.64552576960105,4.766410459906521,50.27393129295353,23,0,7.220593699953283
6.336148390206328,73.52392682191407,5.170682794639159,50.31276125169261,14,0,7.940590742707376
10.169491780783268,109.16904363053249,5.589217295994919,64.27023471384236,13,0,6.319906254832744
7.518790853113704,77.96185101308984,5.786515395986143,56.217196642880765,23,0,7.476893258654738
7.009586094040638,81.84213535838913,5.138858655150274,57.562593736198664,18,1,8.211981843712119
3.2027823685739487,32.60366961321092,5.894028015686044,27.52837941798206,4,0,8.59514517380061
1.6323901990639156,25.218589285473325,3.883778384076913,16.30622795261269,12,0,9.989172908513785
2.8891272452321033,42.44102055188252,4.084436058789288,27.380785844792783,9,1,9.477182387857443
4.903693366697436,52.37239725820233,5.617875396295068,32.76216698421817,3,0,6.6811206440265245
5.0741295498300225,63.13143974984659,4.822443052085489,35.99979994960785,22,0,7.09477351653621
2.7302361318488577,38.39464003683001,4.266589496705606,23.29012844774744,14,0,8.530444739215966
4.989894102611956,58.16675122114496,5.147161219619239,40.9022257745168,16,1,8.197012788930042
9.052488263145046,89.15199276381715,6.092396579711037,61.034983811746734,19,1,6.742343324568063
5.307245381731203,62.19146638289388,5.120231784588689,35.27977382430939,1,0,6.6474736490893624
12.616687821586243,137.14546608580153,5.5196959177751905,80.46395050986126,7,1,6.377581156616497
1.8605805447689368,29.796943334112044,3.746519615598784,22.33048129489175,21,0,12.001889065041764
2.370338584638757,36.66884031690521,3.878505942626128,20.627315039723566,4,0,8.702265226327233
0.7610474357626998,23.07056108098478,1.9792689907051382,13.767897534056733,4,0,18.09072192754837
4.508290900907129,45.70813007039175,5.917928684412475,33.109019799245274,14,0,7.344029151398215
5.815017778915016,63.53970695614745,5.49107138589258,39.85915570128132,6,0,6.854520006079562
7.865743151975874,81.8135492935648,5.768538257949335,52.430360627797484,19,1,6.665658872248706
6.209257685495802,55.13386123597338,6.75728949102998,37.99086152527355,17,1,6.1184224346199
5.551296818228928,66.69550571642026,4.994006800247303,40.250649961565585,18,1,7.250675162854479
10.124504238963613,97.52959633563549,6.228573450127759,63.923782665663914,17,1,6.3137691640897
6.751115164435427,76.83783521469371,5.271711634435331,44.29311839575957,3,0,6.560859549410998
5.298988312166994,55.142730129440366,5.76575185856229,29.013396148294085,15,0,5.475270832675078
8.058794769425981,96.78183175879352,4.996058427274249,55.753059884914435,4,0,6.918287595117112
7.210479466667673,75.22297424300606,5.751285060897263,45.70598153687234,0,0,6.33882694599717
7.589342736797181,91.83105112091198,4.958677469653128,55.92112997515865,23,0,7.368375881092204
15.99173087160537,154.88931665431863,6.194771034065178,94.27418606753147,5,0,5.895183380988673
9.534522757711223,97.48988565433781,5.868007348895881,63.88639780480073,16,1,6.70053440830391
16.374132157722663,168.76673296855986,5.821336422068343,104.9547391871718,8,1,6.409789427384776
1.77683552647279,22.486114346227524,4.741154027185372,19.974336561321316,16,1,11.241522506572416
6.3787246036396645,69.70826484926265,5.490360103582871,44.17950816597678,9,1,6.926072359475779
10.849318816035343,112.88108993313868,5.7667686354525305,74.79553447138426,10,0,6.894030467685779
10.136236492025988,105.64886229009122,5.756561654697533,63.94570854824089,1,0,6.308624369463551
5.879564447920801,65.1742170115528,5.412782585676714,39.46901148203502,11,0,6.712914167645956
5.382075745385491,59.872728654675576,5.3935164135518585,42.116628507455054,16,1,7.82535038522362
3.462739320304191,48.24330872328805,4.306594317772389,33.10126862214343,17,1,9.559272460404436
12.109859078267462,122.04945155074448,5.953255303191207,72.44813953664521,21,0,5.982574947272653
4.861214569155438,61.5492023658531,4.738857092178071,34.10706992498368,14,0,7.01616220386447
4.386018661826362,53.82553623001096,4.889149986077679,31.673653850723056,23,0,7.2215045791743115
6.549201613793874,74.84404489582545,5.250278727914531,49.01133189758298,15,0,7.483558269813486
6.9044050478641665,80.94102399205947,5.118100592753688,51.26732006657675,19,1,7.425305976571575
4.406137371014882,49.79474514599788,5.309159460215469,26.857463323830398,3,0,6.095466632635699
5.281856510601607,66.1754047836034,4.788960364842665,48.04769257677384,4,0,9.096743253122032
8.110510255020271,84.05370388025483,5.789520185743193,51.6886196804207,14,0,6.373041652764855
7.311133420185756,69.39623596723912,6.321207470362422,43.84138627568427,12,0,5.996523898010109
11.670588263948456,115.060109647709,6.0858215586695295,75.33433000670183,11,0,6.455058502870559
6.779962791302037,68.68345086364063,5.922791623935004,44.39219014538651,21,0,6.547556603457605
10.381442568432709,107.68499092654233,5.784339569948672,64.27698473944547,11,0,6.191527267597204
4.82008650275456,53.66610996941728,5.388972488039156,39.188022700322406,1,0,8.13014925726487
1.7163326151903933,28.214225965806282,3.649930252781993,16.56175493661939,12,0,9.649501961356243
10.227124490376523,110.12943099154579,5.571875418748847,65.59214791088532,5,0,6.4135474221132185
7.389378143745769,87.41904707283076,5.071694367194037,51.93949350243563,0,0,7.028939714825157
10.909110367964441,111.93820146499478,5.8473926998242485,65.22150621126217,6,0,5.978627405108196
12.379268682747492,129.92731756031125,5.7167048078250975,83.70650061837574,0,0,6.761829213306781
2.8878309063428746,36.927611189393254,4.692149012615821,22.657381922617702,14,0,7.8458132271015915
4.071645756946063,39.26585802019455,6.221658146146207,30.01371860307981,11,0,7.371397315662252
5.151189307276071,51.284768973855854,6.026572111383086,35.40113496148166,22,0,6.8724197170306764
7.1555274265741655,75.22549339595471,5.707262607566193,46.383954746029204,1,0,6.482255182723314
8.5720003541976,93.92156777309694,5.476058731199958,53.60731185724557,11,0,6.253769206973346
1.464706895718758,24.025134944677788,3.657936321502069,14.908092743696713,21,0,10.178208887574769
5.581825472116801,69.35170899381609,4.829146003552285,42.06879055587604,13,0,7.53674416479422
3.8017325574771372,57.20548225765323,3.987449182252307,33.26648648726575,8,1,8.750348948622962
5.06659918376176,52.26974389022106,5.8159066488668785,33.80785844586673,15,0,6.6726925141857505
8.155114061719635,98.14519088407775,4.985540700421208,56.884989196584236,6,0,6.975376281198099
7.918373031538328,73.45689196514932,6.467771357896627,51.40540846189587,20,0,6.491915480257334
5.706040335816547,74.44736918310689,4.59871750883414,45.46651305383364,15,0,7.968137338329432
16.055425409564798,156.2976835252947,6.163402443632419,96.72130038314309,6,0,6.024212869845399
12.270424682441567,121.03675938046095,6.0826602159124175,73.80793339061881,1,0,6.0151083031571595
10.109375812758955,102.93626639314249,5.892602967052493,61.16462971676425,15,0,6.050287460831054
3.2771696199434293,36.69470967159797,5.358542933201057,21.972564719843355,21,0,6.704738316298272
9.130636351665604,103.18506016583913,5.309278108860432,61.499210241358774,22,0,6.735479091787521
3.7373405263437265,41.48404253332122,5.40546238714578,26.102753762189767,15,0,6.984312394922794
5.376155283718603,56.99832858128446,5.659276772705798,37.23186915920768,22,0,6.925370863442579
13.15530475869554,122.12223600015,6.463346163435485,80.84014277259453,19,1,6.145060434206963
3.7054306514077644,40.96489512824895,5.427228322895238,29.09487752465114,9,1,7.851955754076098
12.426130967368648,119.63370858376776,6.232088488003954,71.74969288939974,20,0,5.774097591423779
3.2352659473302485,36.51321498603986,5.316320595544147,26.880189791101763,2,0,8.308494642699584
10.740950473959613,107.61432307840195,5.988580423147394,65.53155543521362,21,0,6.101094646520202
8.266052434695577,79.70597034395085,6.222408985694946,47.59083181076158,22,0,5.757383247534922
5.497875558158192,71.04799816306186,4.642953243135759,47.33205279668443,13,0,8.609153171255269
6.111747655347672,66.08892506682675,5.548658250229695,42.54639083485961,22,0,6.961411569018603
7.767353477592925,84.15038638865323,5.538194518836055,49.366737651712434,3,0,6.355670279989757
2.366497988919384,38.46922941881334,3.6909987925498458,20.5509465347944,2,0,8.684117472746552
9.255489654586514,107.44903171966894,5.168305106034155,59.563420789835824,8,1,6.435469436273364
9.686631320486503,104.6389796889874,5.554315236603531,63.63580433422114,1,0,6.5694463047887615
9.478725188791037,95.82154082499318,5.935236549432753,59.3847282351111,5,0,6.265054324534681
1.145617749065112,15.874139636017327,4.330128531057335,11.479611886580484,4,0,10.020455685108306
10.211589632397605,105.93287451138617,5.783807725126922,59.591605444552975,10,0,5.83568353114101
10.006726060616442,108.43431422378234,5.537025506500627,67.0688179666867,15,0,6.702373739464101
8.963069318004088,93.51921440246645,5.750520494813545,58.619586730943496,4,0,6.54012421985787
5.582724861456262,62.635820318521425,5.347794440688868,40.80480518917375,7,1,7.309119865622351
6.0367934007929,67.61204818955852,5.357145860040822,45.04056375002065,17,1,7.4610079821689474
4.709292586598365,43.16491759291525,6.5460001073250895,28.703757924285746,5,0,6.0951315715592775
7.357030837990826,79.09208882616062,5.581112559179803,48.218214646598895,8,1,6.554031878948476
2.6985528264270933,40.6806254956915,3.9801052125605563,22.822136620116485,19,1,8.457176156278248
0.9165864067088537,19.975179205654328,2.7531760209171923,21.591800819874557,9,1,23.556754346165008
5.918085822742893,72.0038312168206,4.931475775161575,39.702357478452214,5,0,6.7086484832440485
3.358043081171187,49.16370436784729,4.0981977957307745,35.64807947710725,19,1,10.615730237943895
0.6522432214200217,14.846797405682532,2.635894611872507,7.906590811741321,23,0,12.122150989208603
3.751474393792066,48.414005489795166,4.64924274185429,35.72228918345134,21,0,9.522199922932842
4.4220715067106315,52.05518176886152,5.096981345310566,38.9998747345872,10,0,8.819367727410937
9.019563744919553,81.00487765654151,6.680756027923843,49.01517994952376,0,0,5.434318259254227
2.249340493641918,31.120944455994156,4.336643118570927,18.441560015689504,10,0,8.198652035037473
9.92247644725257,95.1168827873377,6.2591263442288625,60.66051815823369,18,1,6.113445416645957
8.060594843795323,85.3492907578844,5.666546099365706,58.07076500733103,22,0,7.2042778644346885
7.574647087519767,84.26832719105579,5.393234212668983,49.16742935765233,1,0,6.4910521625043325
8.507977901394764,87.26609122140951,5.8496796056616205,50.48431403457053,2,0,5.933761772735016
4.593924437271844,47.945112073955265,5.7489794957855835,36.37091236763039,6,0,7.917176885310217
1.9813068764939672,31.235559488683304,3.805867880570792,16.69628879730548,2,0,8.426907005365313
2.6609476814215487,50.61076180962881,3.15460299700365,26.94476345364516,4,0,10.12600271766732
5.63320811673186,49.6651138206865,6.805430633345917,32.36596808781453,10,0,5.745565833380188
7.099666868294908,77.29383231599044,5.5111772742256475,47.20813332966612,6,0,6.649344850317443
3.2166572084554415,37.68720817309479,5.121085956298307,22.64474531968934,14,0,7.039837897605129
17.6559187441331,168.34677613627443,6.292696236668365,99.87213443521512,22,0,5.65658099601312
14.521863721951606,142.06863262143875,6.133034486499392,87.3302061333285,12,0,6.013705114262849
12.06825732684136,118.5499761748145,6.107934079571017,72.12078298255187,12,0,5.976072686331103
8.143859402689653,88.9055579538488,5.496074434570555,52.58991593359792,22,0,6.457615896000019
10.48976304479271,104.9571260460776,5.99659886277044,59.46255993157021,14,0,5.668627563621506
4.827679117306131,42.47785992603008,6.8190993506446915,35.231810306567226,23,0,7.297877396256351
3.0082852006507785,46.75258278262854,3.86068750208411,25.54030048456916,22,0,8.489986414534119
4.109429183501925,55.76053368601421,4.421868563857717,32.6137551490128,0,0,7.936322465403917
6.637518778303191,68.09712290964822,5.848281244225164,38.24794645906622,22,0,5.762386177210016
3.9521631129005965,47.868099626085936,4.953816604927655,29.503029962950794,3,0,7.4650334817020605
4.688075900473013,61.498217567959536,4.573865148490572,40.72436536263127,6,0,8.686797361476655
12.39107874529609,129.7186917868496,5.731361567686848,75.70283557014481,13,0,6.109462874560714
4.187054528790779,57.82770592718777,4.344340964238974,38.67916005723018,18,1,9.237797069817649
5.921839438523562,67.54341997724276,5.260473432217788,42.50033220571059,22,0,7.1768801986138975
11.579870591381543,120.83603671858177,5.749876066367623,69.77525074167654,11,0,6.025563946596054
7.892020901201759,91.48079786171499,5.176181943536325,59.701122743918766,6,0,7.564744631483143
2.673727856168034,34.003836365473475,4.717810944795972,25.877859818422298,9,1,9.67856910295659
8.593187493455286,91.98241752719778,5.605323968081887,55.43441852500906,8,1,6.450972769677007
6.120294658634803,54.20311112925353,6.7748450571852885,39.931845988283186,7,1,6.524497302094016
6.376911889269413,59.91316163046181,6.386154610168845,42.63939952346946,5,0,6.686527940776448
3.0768194825702437,42.69127613632269,4.324283218068176,28.98800052238733,17,1,9.421417371607381
10.794857644707301,113.06969602438923,5.72824975617455,69.95128875197781,23,0,6.480056620873995
3.1776878862191764,38.27548290811811,4.981289814966957,23.657138099654375,14,0,7.444764541618251
6.25052855075959,64.616279336903,5.80398185866129,40.02097632248237,3,0,6.402814737582289
7.043116343859719,73.25464067220395,5.768740065527771,47.07518742591352,16,1,6.683857702699216
8.66081283235203,91.09853205130486,5.704249654082967,55.20068332234895,13,0,6.3736146238087
7.690627325027523,67.33328952456525,6.853038708784677,44.86845558508178,9,1,5.834173688155044
12.97605093485498,131.5781709467291,5.91711414202975,76.99495416603614,0,0,5.933619908906178
9.613606414080186,98.71690704566709,5.8431367240666505,63.128534403145615,18,1,6.566581955205376
13.864400193153685,138.26417711082416,6.016482569613455,81.56945365412525,14,0,5.883374146571785
3.3971339518621373,41.831828959648085,4.872558579935515,24.62028909697324,5,0,7.247370708911152
8.304533127219287,78.44227604949508,6.352084777840463,55.04112640600375,9,1,6.627841151671566
14.6115385894151,136.91467596287478,6.403201915349281,82.64543883197926,12,0,5.6561763380517185
5.072621411284878,66.79450701229204,4.556621469203785,40.983732401540294,13,0,8.079399008639845
8.910453905580432,88.33833633391555,6.05204101098254,55.480016570442345,15,0,6.226396226088591
7.848690176236968,87.48510092266753,5.382875548037478,55.48877664020344,1,0,7.069813611474135
4.306520999472971,44.264501485710475,5.837437479145506,26.29957964909241,12,0,6.106920099149856
13.012343488650314,129.02111521190892,6.05126229173188,76.8782091569431,2,0,5.908098662166285
5.39540278507291,57.914526853285636,5.58968854091586,32.84700272627447,3,0,6.087961183759999
12.711265160754712,124.67639830754862,6.117243680427252,78.38997688632539,2,0,6.166968896876596
1.989519720143981,27.8656596559853,4.283809702778702,20.338905976513644,14,0,10.22302305957627
3.444416799967541,51.66328137515106,4.0002299988915135,31.983600915433286,20,0,9.285636080899003
5.44542994821905,72.57378762696429,4.5019807781363514,40.59391112778466,23,0,7.454675115426113
2.2831432110553744,33.97406998397892,4.032151365082896,32.32662810402927,17,1,14.158826282774616
8.956137160307795,90.12904418293007,5.962209346498787,62.74717498562433,18,1,7.006053375746637
2.297773775703776,24.704599189954514,5.580597583557898,21.18012851811876,3,0,9.217673533431977
6.807676112076609,64.88066614165433,6.295566784607333,37.20978488129554,0,0,5.465857110223931
2.0472565771287075,39.121447381341085,3.1398479056863473,29.53031276818529,7,1,14.424334056653404
7.154624961121653,67.58005136850898,6.35213334370643,43.85778806498106,8,1,6.129991201957473
9.215564548649198,92.29805841531629,5.99074219341537,57.19416438916535,10,0,6.206257260446272
10.921944163697917,111.22934138195109,5.891580779675566,70.10604450162324,15,0,6.418824657119192
9.170305974526473,78.92337509110048,6.971551303228944,51.852181152362334,2,0,5.654356713549007
4.621013852847442,46.08555770008572,6.016219505798252,37.688928135982536,2,0,8.155986832361222
3.7825424394940366,38.012324436000185,5.970499035168266,26.46843914155538,20,0,6.99752601985237
3.4927487157210924,39.440505753878284,5.313444108729729,22.351557315335295,13,0,6.399417517421011
6.919765278889313,75.82998475248152,5.4752208916904985,47.94191137950099,8,1,6.92825687682807
14.059231685053827,144.69974698177717,5.829684700205198,89.50218146897045,19,1,6.366079133905942
4.232711996726205,46.113076040553494,5.507390562716492,28.412307027267673,16,1,6.712553806931159
4.499118622929422,49.722109087235125,5.429116389696095,34.17525066272664,20,0,7.595987909399638
10.241153872025981,103.45289839937246,5.939603837385442,62.52089350124154,15,0,6.1048680922585525
8.741465627783274,85.83997008975057,6.110066640501092,53.9281156777009,12,0,6.169230421303664
2.2404115443141936,34.67056306892482,3.877199582585848,19.87594484877249,21,0,8.871559736073698
6.629306065792896,74.35591840511975,5.349384050109268,44.201685382614684,23,0,6.667618743791995
5.587773675753121,45.960507463690575,7.294663158583536,32.590383022369764,17,1,5.8324450690958285
1.9635721325259279,33.5086907376371,3.5159334894343135,22.642051619927955,15,0,11.53105162009065
9.619093862921092,99.3350838455176,5.810088535011678,63.01539281908159,0,0,6.551073699570419
3.036302650626502,40.8793355310211,4.456485328616583,28.78096371868624,20,0,9.478950892048807
6.667188610745141,79.08226707804207,5.058419939452911,42.315137434704276,3,0,6.346773716061864
7.133413243212624,65.48294864812773,6.536125868317857,42.77162551265944,0,0,5.995955099524935
4.5691383312520495,45.58929794218504,6.013435438790689,30.372594038417805,10,0,6.647335194619729
12.721650438740882,126.07341906223493,6.05440093559815,79.20221573290969,1,0,6.225781482858342
7.9699319954549654,69.80113280905996,6.850833224088157,46.209877030753226,2,0,5.798026514794036
1.3221746418661509,22.62966685574777,3.505596393338848,11.455952747658523,11,0,8.664477736079782
4.670661108147367,59.11234185277898,4.740797906244133,39.90796072657665,9,1,8.544392282489165
9.647024566510183,101.20305404054808,5.719407180723024,57.07817799475435,3,0,5.916661412152122
8.034159419717405,84.78139928014458,5.685793927394379,51.349503169284624,23,0,6.391397094170531
9.540156268184402,96.46506343419716,5.933851652743985,59.8294978984032,4,0,6.271333112008805
4.851077569774611,53.092475614943936,5.482220424179103,31.555737552848107,4,0,6.504892387097871
9.252236382050176,92.3572464139196,6.010726872854707,61.42516495065405,19,1,6.638953266458052
3.5445905570092546,45.27365528570401,4.6975538440279525,25.99388388270229,16,1,7.333395342742945
8.773070185435406,81.65227603650774,6.446656929572563,53.81778169960861,8,1,6.1344296309123445
5.156997457911728,67.19166980425719,4.605032861604805,34.98920738370598,6,0,6.784802139087052
1.592180627514962,21.90379041854422,4.361383843867464,13.122550193433664,21,0,8.241872791729058
7.148541786949894,79.6829492083757,5.382738860422468,46.128182989943355,0,0,6.45281014851913
2.469917027909422,34.711431376611415,4.269343435212505,19.97312168523603,15,0,8.08655572618227
5.138759292035302,51.326997129916094,6.00708349919052,35.31151031057925,2,0,6.871602327299021
0.8035723079061092,26.988139854361286,1.7865009865277954,12.368920036058459,0,0,15.392416978987862
3.1418275799902884,46.765227216607315,4.030979127424694,23.671300099866844,2,0,7.534245434289559
8.220813005280071,76.56334146206679,6.442362244092805,47.520826495954196,13,0,5.7805507150488005
15.84280562846215,154.14382814774459,6.166762231937196,95.03117865054746,7,1,5.998380645396586
5.680870571560998,64.3720333583668,5.295036004161851,42.034517580717896,16,1,7.399309146585184
6.279692723924727,56.08921064225516,6.717540844684893,39.254188443605585,23,0,6.2509728054133555
10.318222879698911,92.1407378364136,6.7189973438358095,54.1493171272225,0,0,5.2479305553441
5.389338832480773,55.502074181213224,5.82609451482986,38.15954893760853,14,0,7.0805622217750335
8.279788199156418,78.63876703003527,6.317333176900424,47.602243036351226,21,0,5.749210232358499
10.353528359588216,98.92061665428477,6.279901223688793,65.34303539040799,2,0,6.31118524245843
1.492650819075787,17.555531922140176,5.1014716923273475,12.974606878928226,10,0,8.692325568120337
3.8944029351908434,46.3152638419641,5.04507924015621,28.937270710579558,1,0,7.430476813042331
9.2446992622726,89.84863663038357,6.173515553921969,59.42049460273554,2,0,6.42752056253784
4.790050232570366,61.794250225791856,4.650966924982042,37.65019423899096,23,0,7.860083383465411
9.683484384367418,100.23298109921406,5.796585681582615,66.14805935488953,6,0,6.831018332788968
11.27501829972658,118.24104412785674,5.721372836086247,68.6885018609459,4,0,6.092096707515907
4.643398515374117,43.660981188161315,6.381073062049978,34.42289611552711,21,0,7.413297825192949
4.784649326153869,51.2925019502418,5.596899130553697,37.90166983649576,6,0,7.92151467178953
8.284147126028737,87.37462082338547,5.68870940872445,51.788677914421235,6,0,6.251540095383089
2.561736370536356,37.77349845074466,4.069101050637561,23.34152296326767,20,0,9.111602283407722
3.177138028115676,36.70806646019587,5.193089695793347,24.236636885151505,18,1,7.628449463218939
10.50642350917679,103.5510322773823,6.08767867095707,60.966304963811645,13,0,5.802764842913565
5.597076368817541,60.02445221193838,5.594796283076444,36.22814493855129,20,0,6.472690839164836
5.263837111570568,57.5873527243452,5.484367864694639,30.407440686896003,5,0,5.776668244550476
6.963381558023003,87.65561786124971,4.76641319376382,53.38545540249119,19,1,7.666599188576998
6.512856028497732,72.49516218220576,5.390309504070333,43.36788125341404,15,0,6.658811597193767
4.313049635505249,51.0566987203497,5.06854114379259,30.4141994211893,13,0,7.05166923441317
5.204527112925566,51.28669318731262,6.0887455862095665,36.99340322587275,8,1,7.107927852657113
3.7874565135721485,38.67503285269639,5.875816361419986,26.14288590866648,2,0,6.90249137250417
9.709949172802457,98.11029352065624,5.938183746698167,66.32809217603311,13,0,6.830941233123849
9.991033825808028,108.70155547619586,5.514751163609205,69.18550158329104,19,1,6.924759017888285
10.367138939537641,104.10941107944443,5.974756075582806,63.40711990178951,2,0,6.11616380098571
5.775017791634928,63.03729203988095,5.496763206117413,36.82860701465854,3,0,6.377228320924744
8.590217447372797,84.84646532715969,6.074655495134481,53.54452210362939,21,0,6.233197521676853
1.888660787780143,18.547909469128065,6.1095643935195305,12.713952450477635,20,0,6.731728922810491
7.227309216090364,79.66715039171304,5.44312870277495,45.759071889885085,14,0,6.331411943467198
4.181281528273534,48.1054328695151,5.215146746042384,28.95039868868436,11,0,6.923809959440374
7.655071695270652,83.5718310967218,5.495922438083995,51.907555652505565,0,0,6.780805943930526
8.940460092810032,93.39193243820897,5.743832379991915,57.356567727172866,21,0,6.415393294277925
8.09693356494871,79.0878010219636,6.142742719095273,50.76567134058633,13,0,6.269740381759932
13.801711514295201,137.56786284562608,6.019594065999124,82.25829956508247,1,0,5.960007168667666
2.350308835355527,25.40647236135165,5.550496271802344,21.201755420007462,8,1,9.020838070755204
11.536417176050152,117.13300752775451,5.909393476463044,71.07843426772673,20,0,6.161222603434199
4.627836520491477,53.273505513049074,5.212162942073987,35.95036656788193,21,0,7.768287926485353
7.135395086071052,85.462151064938,5.009512396182908,50.2861904477088,15,0,7.047429026862446
7.187273294775814,71.48411883916606,6.032618219115194,49.32357273780427,3,0,6.8626265782401665
3.9741843071898955,39.806330778497575,5.990279781330644,25.36547656437289,3,0,6.382561704167303
8.515828419924329,86.16347951499617,5.930003152977735,54.17806552785754,8,1,6.362042875487968
2.855273675430068,41.35197897821273,4.142883237004599,25.649945981935595,18,1,8.983358128734242
13.132156853863561,113.40307140280164,6.94804295408482,74.01996685049198,18,1,5.636543004640921
4.468272175563956,57.46764676181142,4.665169806674484,35.92765343087038,17,1,8.040614362605568
5.896262917363615,63.81467269185471,5.543799883611607,40.13693981920882,5,0,6.8071828515332164
7.146918944721854,69.47081002141805,6.172594454434983,49.0565845322022,7,1,6.864018594814413
4.82844631549933,53.248943414601136,5.440610843191317,36.39670551877115,7,1,7.537974565842762
1.8682303083216618,24.367634513298444,4.600110791965687,18.873095273805625,17,1,10.102124555917523
5.920531075660861,57.934146626855274,6.131649212469535,35.301861948104886,18,1,5.962617457280118
2.4488471562355576,22.40799884889592,6.557070551678156,26.56812293596577,0,0,10.849236902480715
10.817819031498367,113.7432449545934,5.7064412233800095,68.19343127402615,17,1,6.3038058850371375
5.346386859658425,56.76059998476549,5.651511993629446,36.27701377198776,9,1,6.7853327348454275
2.2924027956488677,30.28277457300012,4.5419935814456505,24.170611221259797,8,1,10.543788930609061
8.805464614234724,96.31784803678376,5.4852541623678635,54.38084739788722,12,0,6.175806704165993
6.069460331901317,66.96032912481321,5.438557794948636,46.03249706402886,11,0,7.5842817230520945
9.574149210658007,88.81083915033508,6.468230208556846,59.721122122247344,23,0,6.237747167734277
16.40030251636083,163.63950406968246,6.013328850976145,96.34911408302054,13,0,5.874837612714967
13.395776021457698,141.46499903079135,5.681593092242682,90.08286937797665,19,1,6.724721974574642
2.4415202995189484,36.992247318459476,3.9600518646520952,24.431333175469128,21,0,10.0066066132167
8.056343473719858,79.31702183603664,6.094285907789517,48.7379435790288,23,0,6.049635760691446
6.505309511101464,61.71108775326862,6.324934219708582,41.46246889167902,15,0,6.373635077765684
4.7946603881087855,49.74358708520591,5.783250467919815,31.309278367996892,22,0,6.530030457557929
4.116502978502285,49.66672442789512,4.972950834893715,36.936806785290855,14,0,8.972860454173567
14.742294440669816,153.23818761788786,5.772305716939546,97.24963642547932,8,1,6.596641846821015
6.378126019323706,64.8469891037152,5.901392901177852,45.33515108236544,19,1,7.107910841682065
2.039075384755353,26.458209571534724,4.624066596590365,16.20324940670627,21,0,7.94637095217072
3.9550046586803123,53.72370704316453,4.417049615175641,29.635296064607957,7,1,7.493112808240414
9.638180740038635,96.13955437788061,6.015118835784502,60.50806494513906,23,0,6.277954997645802
4.974829010447139,67.05733793182381,4.451261410500644,46.125621302131336,10,0,9.271800338316664
5.985225076277934,64.97840907714809,5.526658926818366,41.09583397712268,5,0,6.866213626619231
7.992097210474366,90.93549557666309,5.273252535630579,53.72977679215561,16,1,6.722863270699195
0.3448146899230436,17.40002536597424,1.1890144387858042,8.603706794407834,5,0,24.951682877339206
2.008720235495502,34.32102380312639,3.5116439072761976,23.90481555084784,9,1,11.900520106500101
9.414437399733181,95.6675309655829,5.904471854585708,56.65351100490982,12,0,6.017726668033871
6.144554664390076,66.6310176046878,5.533057922823419,43.6175687465369,11,0,7.098572822423818
5.129843681735497,60.682112000942745,5.072180429371807,34.0794686860436,2,0,6.6433737167043745
14.563466860343095,147.86003965792537,5.909696856852893,91.02874857270801,3,0,6.250486195741136
5.074339168411085,60.82542204240885,5.005478628531151,35.02418291582616,1,0,6.902215589738199
2.1379717613789646,20.63706858479911,6.2159170114511975,17.089885116259644,14,0,7.993503667811256
3.258005449215867,42.86814316050789,4.560037187079227,26.770611235091504,23,0,8.216871227620146
3.8670974116812507,42.86435290854107,5.4130257185019115,25.31281231899864,15,0,6.545687792228047
1.0672468074635102,18.329942157307165,3.4934539290012636,12.344511797032208,13,0,11.566688895861864
3.415140647349966,45.48128236340432,4.505335562083311,24.929464242981727,20,0,7.299688890507672
12.120309904257562,131.2703026800768,5.539856154882054,79.00517778020337,0,0,6.518412351193333
4.904485136477798,54.74805965950912,5.374968720696144,31.63009805847759,2,0,6.449218863612061
2.400664934430582,45.4432680750313,3.1696641145617193,25.417152907154787,23,0,10.587547034415081
4.004089371911221,41.45481182048217,5.79535527395572,30.829785980848126,21,0,7.699574888892286
5.0357102407710475,64.71184839789927,4.669046270915532,35.377911821714406,13,0,7.025406572300611
11.793188428008207,120.7228481642788,5.8612873738499545,78.85263757166193,2,0,6.686286584244769
7.7119653527989644,82.65902808635539,5.5979114669062895,48.35463416510092,4,0,6.270079279797489
7.570979198962977,88.43778703835443,5.136478050279254,49.950154984981936,17,1,6.597581854646196
2.286374317838344,28.758171708654253,4.770207941592409,19.44400526444338,5,0,8.504296568038232
4.207766498636612,57.53531373351022,4.388017958632479,36.479458124561596,14,0,8.669553820627062
3.954128360406761,46.337267582903266,5.1200192415303585,31.232322616723344,18,1,7.898661795974291
2.488414929494871,30.543094733240366,4.888335549285456,23.876837653318795,9,1,9.595199486351582
8.291712026200338,78.6654570821294,6.324284381295982,49.9879350889398,11,0,6.028662709339977
4.761122185922787,64.36222330456653,4.438431683808831,43.278855339813106,22,0,9.090053489443251
2.898477071111588,44.93385931928897,3.870324670555077,23.00718792571477,23,0,7.937681534562334
3.2059123947263775,37.98483159857932,5.063988323454275,31.244618537516338,10,0,9.745936473159007
7.904638397479043,86.41425758056258,5.488426529691362,50.54029824481319,4,0,6.393752086234781
8.764551032065423,91.64055679479092,5.738431545123669,52.00291490364054,0,0,5.933323305824339
7.444204956029545,76.88036848111952,5.8097054707986056,41.87621868764568,4,0,5.6253446721301525
6.378271031836373,75.19298825525826,5.0895205894868845,43.232967021601496,12,0,6.7781639892392995
3.5909590727080856,40.56613224224255,5.31126662694561,24.025846558836662,23,0,6.690648952653702
5.71528911987085,50.287753461912,6.8191025366042055,32.13294071920348,12,0,5.622277376569463
7.5652415046676005,81.64619735097108,5.5595300823236355,49.388423934084514,23,0,6.528334079435912
10.54350449809309,107.29213707446263,5.896147538253831,70.18849826033782,17,1,6.657036877352515
3.7690034177640137,42.36140185151681,5.338355086984534,24.814989778775022,1,0,6.583965846732153
14.55903954892215,137.67683379352806,6.344875523832628,86.40084260224235,8,1,5.9345152756755075
6.570669109973908,61.77963290063287,6.3813934801544585,38.44278676586558,13,0,5.850665453159341
1.4780189864614786,23.12584063881837,3.8347206734111583,17.871777066789107,1,0,12.091710073072798
7.688238651952649,75.94275465497263,6.074237380681502,44.96222017605229,0,0,5.848182166487878
6.243073978873016,73.97404141096162,5.063728188803192,53.91024702554403,8,1,8.63520874620098
3.5092910522435323,46.68263519060335,4.510402257175803,27.58590649152831,21,0,7.860820342585237
5.689943983895111,60.30229244183412,5.661420573073705,36.743503240301834,14,0,6.457621260297309
4.056871149775591,51.64815809004584,4.712893508460825,29.131384790252913,12,0,7.18075179485657
5.800849390987206,63.562796154146085,5.475702525974065,38.643322146031444,13,0,6.661666170142544
1.6324079584279896,25.074976525357783,3.90606457424318,14.591491383546403,13,0,8.938630388446539
5.865767874527795,64.46305217479951,5.459655734533365,42.82683307902819,20,0,7.301146924856079
4.706160287905115,64.98330075633214,4.345264306180878,39.60133363004044,7,1,8.414786409170192
7.2184018703332535,80.82972777232054,5.358228020264447,47.949807752248624,6,0,6.642717960788032
6.065797884523141,64.80128772967291,5.616367912157005,39.75882199135259,6,0,6.554590632305285
6.114502525645067,72.39370045102315,5.067708229487515,49.90531684623675,13,0,8.16179511528975
5.273238828877277,64.60599675978854,4.897290431243123,42.66908215225112,6,0,8.09162708857163
7.751493723043544,83.32174732341998,5.581851537238295,48.762965495345625,23,0,6.290783071962464
6.610936371571297,69.52700851126832,5.705066143180765,45.20063304623484,16,1,6.83725126150193
6.5014117164131076,68.14504773639953,5.724329440544563,45.736554172273685,7,1,7.034865067352939
6.141247650829954,60.820349032752894,6.058414081960738,45.66379125745319,6,0,7.4355886382927405
5.7255841967457695,64.61321159845212,5.3167927008441085,39.14093029478397,10,0,6.836146138071006
12.54956828479065,121.28690882706942,6.208205851474273,79.0182233891407,20,0,6.2964893768422465
1.8227938856804005,25.784829930705442,4.241549524846211,18.52031505545167,23,0,10.160400032578849
4.501972152473382,56.26185669325296,4.801091628047819,27.62767698914732,12,0,6.13679428780311
3.6214704406413483,54.71632904856118,3.9711769816581786,30.79436787056143,3,0,8.503277432552471
2.229120295802066,34.307290047882674,3.8985072141067683,19.24275863936806,1,0,8.63244512896253
3.3129493261230887,41.185665801136246,4.826362660425934,30.31955828817076,13,0,9.151832794150101
1.543428509662093,25.77827505411745,3.5923936099414875,16.62934321538216,14,0,10.774287964282108
6.515436189250219,77.4667139852279,5.046376065848859,49.93731629666493,8,1,7.664462492788468
7.862486338195595,85.08859262942335,5.544211811638385,52.80945860362628,21,0,6.71663597646973
7.801935402466358,83.37983490257446,5.614260626624578,48.40866798485285,1,0,6.20469992222056
0.4075873929874789,17.2557088059094,1.4172262556304716,11.157284645614347,7,1,27.373968963650203
11.53958003418329,107.28451531803191,6.453632194716418,67.7229462944234,18,1,5.868753116994735
14.172277649242451,141.8933573044372,5.992786943014675,81.60126115756847,5,0,5.7578085313570115
4.882777461743919,50.69368245063459,5.779154986223884,36.259779690200425,4,0,7.426056168705667
4.598413043378536,55.75222184569175,4.948767483497749,37.371258342303626,17,1,8.126990331178753
14.300259352012002,136.29119636251585,6.295458430334096,81.11171422985652,21,0,5.672044977173393
4.540966448833104,56.41571546327215,4.829469673345937,33.2666236890586,4,0,7.325890658718069
8.033388010568466,83.38205684279099,5.780659519384125,54.48767815865511,10,0,6.782652361241967
10.517691530628776,99.78705755754928,6.324081572139555,61.87664078327434,23,0,5.8831009260047376
0.6680905577850749,16.268729341018037,2.4639560119817014,9.128386694601668,3,0,13.663397256900426
6.313777765202622,82.05933112685013,4.616497121169,43.065011398310354,3,0,6.820799369223334
6.423369436116362,56.17199392677318,6.861108876950298,36.147122008357776,5,0,5.627439363072462
10.061014489026785,103.54718055274685,5.829814642167903,69.6383860253732,11,0,6.921606772490534
4.5546588218059725,46.92853633769881,5.823312437060314,29.47527297535284,19,1,6.471455739832027
8.048191903942001,92.69498598027087,5.209467471512411,55.843517562887634,10,0,6.938641402864102
2.6527481671630855,40.77258900022746,3.9037229161213474,27.226349540214354,8,1,10.263450514162784
3.2961992653312717,42.78125335761706,4.622864932606366,24.925805618318574,20,0,7.561983852275843
2.749762462262398,42.25245559290358,3.9047611652529306,25.837955741926095,6,0,9.396431908764812
7.7116122635962965,82.87194022110728,5.583273838904644,52.387957017687306,8,1,6.7933857703131295
6.664262080376079,72.01507499455282,5.55238920257751,44.09176152470134,5,0,6.616150594457586
8.799816726987153,87.60519628555356,6.026914224336903,52.712334956647965,2,0,5.990162817253969
6.135135972745452,65.05073624304666,5.658785428490437,44.014575493411556,13,0,7.174180929149837
6.112451691351861,64.22769834323715,5.710108114433596,47.31708491319281,23,0,7.741097566486929
9.20863942737933,94.93982248101396,5.819669251575147,56.18629467001318,6,0,6.101476240122819
5.846994531525888,53.27034286229909,6.585646966801074,34.58628254603554,1,0,5.915224028268344
5.475423117199915,67.45679411474703,4.870160097931106,36.83334304957476,22,0,6.72703136564376
8.451911866841247,99.74843689107675,5.0839364286403175,56.879570884369805,2,0,6.7297875061287815
6.051207783463412,63.867574803236785,5.684769902824059,36.7885314261565,1,0,6.079535316353088
5.218365033749273,66.01499703304586,4.742890496052336,42.75773598250642,17,1,8.193703527057782
10.181149569957194,102.82572866935335,5.940818335085602,61.046460949656016,3,0,5.996028300163032
2.9297088385379637,34.75356202006972,5.057971617722688,19.726533367003874,23,0,6.733274347101388
6.087910679708519,64.50049203582176,5.663129524339873,41.919594608924356,10,0,6.88571117651999
7.833394385518404,83.01470437033714,5.661691705054679,49.676541435895984,16,1,6.341636714695867
5.6358612938260935,58.39491398878775,5.790772766520269,36.84781338289373,4,0,6.538097987482293
5.848391698693715,68.27261913257949,5.13973986028277,37.28730860217892,5,0,6.375651721567715
1.7338458555019236,24.488932940875642,4.248072040594008,18.97162419520491,18,1,10.941932430154177
4.864246459073563,49.3388597834356,5.915312774260693,33.605050699800245,12,0,6.908583062668377
2.536536415153764,34.70932934787631,4.384763052719073,24.932223423736048,21,0,9.829239302375504
5.698820195748114,59.12576963218993,5.783082636758268,34.37183723073825,22,0,6.031395280093774
13.50614742939146,131.59143782766765,6.158218643562114,81.97318108876985,14,0,6.069323729606532
10.32983424281147,104.64265259680742,5.922919948873674,65.23983239532375,18,1,6.315670790237911
5.169247950202717,50.48499068267351,6.143506670361899,41.3980908736616,20,0,8.00853262843353
1.477914057528635,34.05441830880163,2.6039159631982143,20.806376219174712,13,0,14.078204421417505
4.161951003433946,54.33342430534102,4.596011817747503,41.51394793606568,19,1,9.97463639091698
7.773818607377379,78.18404015497302,5.96578426387415,45.82698583018551,0,0,5.895041824965603
4.377904446078582,51.286377352847445,5.121716142232673,38.27545589555937,3,0,8.742871473552562
5.288895723201455,63.41479508288742,5.004096330790168,39.30488539227734,11,0,7.4315863744209825
6.155044193855481,68.64767738199723,5.379681668999599,41.67778951817979,1,0,6.771322545463819
2.1632469890002097,42.74833331097217,3.0362544989958304,21.95795292204631,11,0,10.150460411455208
4.905058633947442,54.71354903116598,5.378987896932167,35.38525257743955,15,0,7.21403253623547
9.080404697280693,100.85751864022706,5.401920344484246,64.92130088756272,8,1,7.1496043460491014
2.860833105863471,29.739673396842754,5.771750888496008,26.51715618827661,23,0,9.269032903012729
8.883942524439338,84.87068428242833,6.2805732741891,51.988001298822496,20,0,5.851906533141764
5.375717544737369,70.48829017648049,4.575838793602396,40.52644508087055,19,1,7.538797331445448
15.883387944261612,152.35875557056167,6.2549951467300735,93.45850650023226,17,1,5.884041038863952
4.643577587861583,46.78751256645162,5.954893517281618,34.02730927257999,14,0,7.327821841833363
6.131196922667461,66.89442558745881,5.499289546616801,38.06989845628135,15,0,6.209211502493794
14.563917141620301,150.65911471962016,5.800080732741884,90.25434801608168,2,0,6.197120399576819
8.63978913957082,85.1769541156567,6.086004762160924,53.99999835254265,22,0,6.250152345179235
9.715892407848425,99.19279886272125,5.8769744493013985,61.72367528171496,18,1,6.352857019274425
4.950010917267741,45.423163106207426,6.5385286872608175,29.183928391688248,6,0,5.895730106348313
5.927490310677082,62.534375702825855,5.687262639843602,38.43082713746788,16,1,6.483490503264615
8.447422559219087,94.0099998488632,5.391398301967704,60.0650605191172,9,1,7.110460036542775
1.5226885016714726,20.998142581968658,4.350923408756227,16.819942752125993,22,0,11.046213807789675
5.707526993239153,55.736309590252,6.144138751056497,29.987557234488897,12,0,5.254036865705697
8.763243687182516,86.21251295115422,6.098820266715258,56.069406375460616,17,1,6.398247997767089
5.2425776944029865,55.525112350636235,5.665088251920932,31.76594083966804,4,0,6.059221759094116
10.161244853820989,108.03948681311095,5.6430728172921425,63.44909942273771,2,0,6.244225027101733
6.843255143159559,75.86796076577421,5.411972385249645,42.421343228976816,21,0,6.199000671687759
11.698286226068898,120.72222188965753,5.8141505563547495,70.3263696285982,14,0,6.0116813924316785
7.404633960069836,78.81229830898016,5.637166370436471,47.513314464967515,15,0,6.416699963993818
6.34164861654891,65.35566883154281,5.821972658158969,43.369191526294976,9,1,6.838788168288052
4.5163664651585504,47.98910604026248,5.646739651331727,32.90973528487563,15,0,7.286772572322762
5.910304253926424,67.7867050318098,5.231383573949731,45.23080930571348,10,0,7.652873246866276
0.780995426668235,28.56297602785836,1.6405757423312732,15.429579448223206,15,0,19.756299360223597
10.29977205392141,99.05353801463306,6.238912164288268,60.34860490120988,15,0,5.859217522996879
7.409508553682843,72.57767724228928,6.125444215262513,47.05100632220652,5,0,6.350084621849873
6.883369349284819,67.13535798364978,6.151783104480833,39.878729843675636,21,0,5.793489760624138
6.277311743599765,73.48497363167041,5.125383952695097,42.15469348889486,22,0,6.715405449135934
5.434182056331363,60.65478045303243,5.375518977145698,44.18181311354296,18,1,8.130352030084591
10.92281851034747,113.63774761298284,5.767177935036561,65.49107835047127,0,0,5.995803948260228
8.05108402575345,81.41194788312654,5.933589038290622,52.49811637717836,0,0,6.520627062051485
4.97855973863626,60.51645275281723,4.936072270102936,38.77060689814236,19,1,7.787514649520406
3.1545847742572652,38.66545091761968,4.895199253170588,21.52166875610881,3,0,6.822345980914716
7.945742783221752,74.24213172428739,6.421482733871232,47.78205965224845,23,0,6.013542214473032
4.204569733065327,55.378517022084175,4.555452141907596,42.25272367225062,8,1,10.049238413141127
4.796847688315177,54.95427759757245,5.237278586510332,31.847707746200044,4,0,6.639299351484326
1.8882713994559461,27.132648868456116,4.175644055861896,22.373873322189542,16,1,11.848865225960614
4.408400242505044,53.3633468703774,4.956660892968312,34.889450981187196,16,1,7.914311101970519
2.4413297392466924,25.306969071634608,5.788120416165674,18.13173110314872,15,0,7.4269898128318905
1.1374498707606087,24.82138744906822,2.749523667267781,19.586659059169616,18,1,17.21979980187794
6.459202726473779,66.55796081208426,5.822777003078839,46.41295747926249,12,0,7.185555159777489
7.343933925045351,77.15877439076401,5.710770278324505,49.94280264791091,7,1,6.800551742110411
5.471442416079655,68.07874414792376,4.8221592374187665,39.549321690672144,10,0,7.228317266840513
4.835693163648242,59.3744063507267,4.886644055100407,36.411982315522195,15,0,7.529837209119267
0.5448015072279585,15.84492390378811,2.0630007838575124,13.567328564932096,18,1,24.903250789383716
11.635429666493646,116.11236504213036,6.01250159478114,70.2415930355382,10,0,6.0368714391194125
3.935129223771443,32.052746052130395,7.366225441098942,27.615679217538684,2,0,7.017731222323548
5.647649515453591,57.89749442030528,5.852739817500185,33.58986489855025,9,1,5.947583115177161
6.122067036891284,68.10136636243618,5.393783441268634,47.04817675897002,14,0,7.6850149590750885
12.592479556542223,120.74732591397121,6.257271270179837,79.2443120720006,18,1,6.292987152862239
5.280327012838859,51.564347541004814,6.144160372016564,33.41072915854692,19,1,6.327397730729623
18.31098751004757,179.67978590873673,6.11454006941486,106.72835820429086,18,1,5.828651138870969
6.829625543384037,81.30529656048954,5.039985707427754,43.06397954079009,6,0,6.3054671544191505
14.69981128395399,139.96991737408348,6.3012731134222015,85.7524761871505,0,0,5.833576671882593
8.404111038931648,92.88706102972561,5.428599599835874,64.21155850436782,4,0,7.6404938258086785
8.534847240028562,93.16245956460075,5.496750910130485,58.72373166374137,2,0,6.880466634285637
0.6021449542501058,11.558396193327983,3.125753491289858,13.012174871717077,16,1,21.60970507163357
7.8812351199733985,78.56499256717844,6.018890752061921,48.149240152411586,6,0,6.109352077365013
5.955383271340734,76.41706547237047,4.675958100087454,43.89929935611413,4,0,7.371364252469193
13.352050765124952,125.46632063929997,6.385164096830623,76.65449828148208,12,0,5.741028073507682
3.8749535670920725,43.220460810427355,5.379332141906089,28.71668408798371,11,0,7.410845985835622
7.200278474686515,88.59699979967819,4.876200203821802,50.433242852270276,16,1,7.004346155440333
10.747538977475005,105.31463502354671,6.12310281951147,64.20382466189272,22,0,5.97381640545365
7.743698561932945,89.81123249903789,5.173316307856637,54.23970062561325,2,0,7.00436622007071
16.344639938527568,152.96966003402306,6.410934011970311,94.39991646391205,1,0,5.77558862226097
8.672777150120274,90.88459944749036,5.72557542389637,62.54240874108349,19,1,7.211347375646122
9.468728351947483,103.73407764171651,5.476731600960211,65.83315962323604,21,0,6.952692819590267
16.769530483500027,160.12097927388726,6.2838226044629835,98.2135631251504,8,1,5.856667437516229
6.998242551929563,75.58260084277875,5.555439326429199,44.644573669694374,4,0,6.379397875740235
6.190779918443635,72.1836369580619,5.145858684322399,46.777374300229674,7,1,7.555974354841793
2.5446376134542827,29.489779640255662,5.177327829158825,20.42598608150438,11,0,8.027070720603161
3.3039391250187884,55.17758211476805,3.5926972495605267,37.81047559548101,0,0,11.444059398420663
4.5379213490986965,59.0676386664961,4.609550797911949,34.74518044292409,3,0,7.656629053261365
10.881749934116304,107.79205582986323,6.057078984350294,65.20031482733181,0,0,5.9917122909539335
7.46078239781549,77.73810462109708,5.758397970349331,50.820212963788926,17,1,6.811646587986407
2.381603554399849,44.90475645108606,3.1822066203531287,20.21927127881414,10,0,8.489772045166974
8.731233512218344,88.45221421103416,5.922678311740317,52.65262621764449,23,0,6.030376595009545
10.316493420748198,102.01548983191006,6.0676041085995385,66.75400587285466,10,0,6.470610036798081
3.41829349121228,49.64163381746728,4.131564449044576,27.481281016330076,7,1,8.0394738155102
1.9924597794676486,21.528791845872632,5.552916653378199,18.23947012676253,7,1,9.154247586185056
11.987953466232025,119.42158818284561,6.023008225888278,67.96954870978422,22,0,5.669820866525933
10.102104454741038,103.42389554090703,5.860601789503495,63.30523868368099,4,0,6.2665397063847506
2.6435052608550866,31.56926474450899,5.024200498014232,23.31666378501709,17,1,8.820358381838409
14.23080921329392,130.68368861188551,6.53370410544089,80.16535691048892,21,0,5.633225469399258
9.412380658453776,97.1260285886711,5.814536512132226,59.72421871575767,23,0,6.345282971754449
5.147893365933549,62.46012470151895,4.94513264954307,36.98046990457155,2,0,7.183612261530459
3.6261204645854397,40.56075129452323,5.363984170197155,29.124506421757737,16,1,8.031864000714446
12.193755564936806,114.66495649870681,6.380548654413518,78.52609343156816,19,1,6.439861207105895
7.009592311355162,82.6228187878915,5.090307312813995,53.61907867710083,16,1,7.649386197573975
10.316699909635615,108.01906641017922,5.730488284610883,67.13993842932857,20,0,6.507889055357814
8.261090416161592,84.17899612691018,5.888231599037116,53.628526769852854,22,0,6.49170074024812
10.75618876417293,114.33082628413712,5.644770940835211,68.03682203909547,21,0,6.325365194939194
6.6532978579522535,73.33011892843287,5.443845957303514,46.60353070872026,17,1,7.004576031872388
5.027881184211583,67.98622036121563,4.437264925890651,39.85717728457274,4,0,7.927231337472966
5.058103474918061,61.507947918059486,4.934097442161233,38.675916843109135,20,0,7.6463277263689555
5.201077747850258,50.47050685690935,6.1831093901188785,43.91516087859416,16,1,8.443473258354087
7.595526563626732,76.40730378358278,5.964503015424089,45.86969851951001,6,0,6.0390412876929
5.747879568869982,60.065484331794096,5.741613140537844,39.25988981610449,15,0,6.8303257480780655
4.083144406316101,50.60565989885599,4.841131700853571,30.020494555695674,4,0,7.35229802533014
5.577600157505478,60.377465649569146,5.542730319166962,33.68451110755902,20,0,6.039248091714063
10.456883098857174,99.34822580017774,6.315291298642476,62.95315264954808,15,0,6.020259770947252
5.190287905333522,62.24743065440555,5.002893630244492,39.63992069902189,15,0,7.637325986924164
4.7819155762166075,61.03794336976297,4.7005996390620295,42.32954871348023,6,0,8.85200669874035
8.4827884573038,87.72868944558145,5.80160618669612,52.52899308723615,3,0,6.192420493759685
4.18125229699514,50.88802106635157,4.929944858586637,31.284619325658788,10,0,7.482117103562849
15.373088686136763,144.5524580666541,6.380972925018595,91.81186319058452,8,1,5.972245725309526
6.3774365166531535,66.26170430601756,5.774771340501714,41.86787492852162,20,0,6.565000658053382
3.373632717879817,39.472896283359105,5.1280240907512,27.197663271325823,23,0,8.061832910020621
4.434339310287924,55.260572803214885,4.814650755878464,34.48271428075841,15,0,7.776291318248136
9.902743364370945,102.66084845101058,5.787645541871692,62.559674375671214,19,1,6.317408426512849
2.7663970565752733,34.91942000879144,4.753338496250158,26.860827544558884,22,0,9.7096790501259
6.379645640024446,67.20051670882391,5.696068380843345,42.545853139358854,17,1,6.668999430381501
6.303192901007513,56.92182670854628,6.64405195562125,40.11211993275573,8,1,6.363777939644548
4.970289293514777,66.36784994650219,4.493400914015954,33.9256733186209,5,0,6.8256939013362965
0.911735793013725,7.692946883523991,7.110948302266787,12.054855971087864,6,0,13.221874213406464
4.9681881720666965,59.24497644618361,5.03150322955701,36.10638961083714,7,1,7.26751651916948
5.858149748685298,64.94960597602191,5.411718510669341,43.09397950214082,5,0,7.356244095981345
2.1471319472691675,29.730093701263794,4.333249606632545,21.294719592265743,16,1,9.917750802110444
6.205635771305884,67.80156599091319,5.491586231625595,43.12755957545203,23,0,6.9497407138956975
10.86722133531577,105.82709371470594,6.161307631453347,63.77660268619982,6,0,5.868712959672746
1.9703849883267224,33.650357188755656,3.5132791796667124,19.949680041137892,10,0,10.124762500388023
11.794005741626215,110.26464408611044,6.417654093590924,71.33674570814993,22,0,6.048559520059524
3.3664525408110935,44.264960715032856,4.563138635748718,26.683108120183647,22,0,7.926179798083467
14.53108857085103,138.71321634719203,6.2853802774555225,83.20673456422112,0,0,5.726118463769575
2.5611698132923775,32.48896035585823,4.7299201671694515,20.754440852193806,8,1,8.103500495937059
12.610844228594278,123.09815711650157,6.14672608786136,81.10482654624937,8,1,6.431355829639811
3.104986057053529,38.95274113200996,4.782697135276002,24.117814002831146,6,0,7.767446796755572
2.092086638881069,33.84169986634241,3.7091871516095574,20.112025427916226,22,0,9.6133807530423
1.5599842456537376,25.825085329286054,3.6243463882414146,15.727792169532414,18,1,10.08201987510548
3.4134101213717276,48.31856789059334,4.2386315700837445,28.970475181120623,1,0,8.4872529672697
10.588368592556806,113.56469728346991,5.594186668482237,65.36591163196596,14,0,6.173369491303461
4.2098843519527,51.74156656631169,4.881820901062982,33.814641238891106,13,0,8.032201935240009
7.031849465077575,79.3821865168559,5.314932561287747,47.68260970927158,12,0,6.78094858914127
4.573328625593688,65.30954165915432,4.201525696929449,44.16967492022317,17,1,9.658102125667664
7.443491675309215,70.51145113075947,6.333857740217841,41.909083177767165,10,0,5.63029892500366
6.585123423684987,77.72292955214745,5.0835372225130255,47.493914749786995,17,1,7.212304416188109
5.2124251880889005,68.18090390241836,4.586995674521133,38.40302010947793,11,0,7.3675916149806895
13.332478217610227,134.59432913400983,5.943405626400045,80.18540107198147,22,0,6.014290798995527
4.818236805688141,66.78840607097356,4.32850887374193,33.53598526936215,20,0,6.960219395977267
7.902567883321168,93.76564387979136,5.056799627026943,51.884491097348516,1,0,6.565522987389172
3.6882762541299345,43.172281872720035,5.125894802137626,25.73274922459011,3,0,6.976903965850159
4.566743468185918,51.53803562791026,5.316551256811363,35.08555941600999,9,1,7.682840006326717
3.6274156668012,47.830384572588585,4.550348945611521,24.360144853245714,1,0,6.715564768657313
6.016295431938603,62.40197315693968,5.784716534659323,41.339978983679096,1,0,6.871334603054609
9.680289663772161,115.38993200757771,5.033518693712265,67.667047845143,0,0,6.9901883306635355
11.245798797843992,117.94520117649549,5.7208595274761,67.53277044597242,21,0,6.005155494949775
1.7810078834420329,28.308299417079695,3.774881402520709,27.26418394229746,11,0,15.308289309537376
8.965611935472143,84.22929866592987,6.3865747981814796,55.681293165374115,18,1,6.210540180204871
7.952923685934824,85.08782531212753,5.608034044890295,53.059262385088736,19,1,6.6716674873829
3.7332218179839853,38.48509928279222,5.820260652911785,26.371053587620306,3,0,7.063886067681134
11.957247630113955,124.17473286737297,5.777623524852729,76.60329240169041,16,1,6.406431878918975
8.283382942724934,71.53726838615911,6.947469309013415,46.99589790595879,14,0,5.6735150639430465
1.1956279703707797,31.063000343931623,2.3094252785617098,14.833383065224059,23,0,12.406353341352522
7.914893286164425,80.68916966196895,5.88546888212305,48.27961812781333,20,0,6.099844480810397
13.942997624193906,127.33665280826034,6.569827610525705,79.45701499098818,14,0,5.698703903751248
5.86203579026452,64.65998007481063,5.439564735543283,43.1957065039612,16,1,7.368721046654002
9.523920256350983,97.81622000690764,5.84192698655402,61.56743191068561,12,0,6.464505188357667
6.4591006226070355,69.74599927929494,5.556534301050161,41.206707883330466,14,0,6.379635539212042
10.104237003123336,111.21649370427153,5.451117905222322,64.81357117638962,13,0,6.414494350870332
12.146650559649705,123.60512938207594,5.896187619578399,77.16380062876094,21,0,6.352681362637821
8.103140746174697,89.70479760281574,5.41987115252374,54.91127700098475,21,0,6.776542419913794
2.9231575047794656,36.81606409946171,4.763938095417763,22.19389323878845,5,0,7.59243838298164
9.272484653434729,98.0143557986995,5.676199926760786,57.02864398607491,0,0,6.150308802608831
15.38728806455791,142.63466476881675,6.472741288871567,87.39808006597369,6,0,5.679888470228929
9.36200433440668,97.80665601930966,5.74317007580243,54.982677082226274,11,0,5.8729600113682086
5.222444426646351,54.45274725584669,5.754469359030117,35.12992959122165,5,0,6.7267215735181525
16.71585800959539,170.3605414522737,5.887228768034287,106.78146358800238,9,1,6.388033658021425
5.408099593141081,61.12592737148907,5.308483478973191,42.3270321600034,10,0,7.826599978610862
3.945761118593457,51.489060225354116,4.597979960780672,28.96544714662058,22,0,7.340902369919919
3.261861518120046,42.93068912935835,4.5587828906609476,25.167166033205167,10,0,7.7155838448071545
5.879203528050571,75.75064056224797,4.656755494934207,44.98144961233102,4,0,7.650942750615403
6.804126073527064,63.874959279697734,6.391355376431259,44.889315513271384,9,1,6.597366807755526
4.291144713833458,49.93752137069114,5.155816223212044,37.490480874596535,0,0,8.736708588209025
1.8450538321669905,22.84496195907803,4.845848731476162,14.995379165696574,0,0,8.127339649534619
7.2177821643713695,64.66224188682125,6.6973695502281245,39.716953604502166,15,0,5.5026534051629
5.614035653422198,56.37614556461287,5.974905446830807,40.918872863925664,6,0,7.288673494437532
5.651746571129745,69.89793306539819,4.851428066556847,41.43077176258183,15,0,7.330613862663006
9.783528840259143,99.87070763397703,5.877716743200898,60.42991835203869,0,0,6.176699567069304
6.316545140645625,67.53027956762122,5.612189241112713,45.14364738216781,7,1,7.1468890630857755
9.654643901080656,103.53280207125134,5.595121763112133,58.37027231350931,13,0,6.045823430833721
9.958846578825232,102.32221382090188,5.839697680656058,60.30936421666184,12,0,6.055858350593856
7.588570574377758,83.97713420739115,5.421883453872274,47.50085331618952,14,0,6.259525802734524
10.441265443006733,107.90845358695006,5.805624172675263,64.57256686278251,14,0,6.184362155645742
7.606151972382488,83.71158022744437,5.4516844276860414,49.276338042597025,7,1,6.478484550600179
8.141410135440319,82.57456748628213,5.915678676822251,59.15973733583004,8,1,7.266522181249925
7.616602828090066,86.83194990517228,5.262995593033231,55.51478208005048,9,1,7.288653922626989
5.997872413701965,58.7080589144959,6.129862773120235,39.53661446171534,10,0,6.591773171332403
5.549701460417896,61.431434648988606,5.420385988503947,45.59117956702416,18,1,8.215068845089034
3.3128155684764478,48.39686905658506,4.107061840636602,33.11155019429691,3,0,9.99498749926631
2.9910270959513636,37.994858904080104,4.723313388533474,22.542488594950935,13,0,7.536704908312036
8.811733862669326,88.7204834780219,5.959210444238975,62.335074796709,18,1,7.0740986698191
7.074423823210909,89.40045940948129,4.747911053213651,57.634270593106606,8,1,8.146850122834147
12.376659129704494,131.90148296702193,5.629956017764673,75.65488611575222,9,1,6.112706613546249
10.428334508490668,106.7048080187528,5.863841396907594,65.05553175600862,16,1,6.2383434001892555
14.135764137423752,133.39901137724786,6.357962023023527,82.87294464757811,15,0,5.86264342287489
7.352933121093741,65.96588846647992,6.6879412605774995,40.51304512370166,13,0,5.509780172959792
8.274653703524828,90.7238534302437,5.472422118767537,56.16681050178129,10,0,6.787814029952143
8.64286174237032,97.38096696968012,5.325185410242211,56.198243690516314,1,0,6.50227266913376
2.890489111671159,40.389026075583985,4.293971990701484,19.657421507936547,3,0,6.800724980614597
3.90046203211184,36.839957146312265,6.352551415769953,26.434194764538773,11,0,6.77719576473519
3.0409155307202007,40.330154788019165,4.524032521130163,28.08793195605122,16,1,9.236669572797691
7.770070842114647,79.00953334287261,5.9006075697691065,50.14183667741928,4,0,6.453201997290032
1.7228676560162546,28.475747880908404,3.630178908497823,17.69929677508803,10,0,10.273160978605686
4.625595435700963,65.29092480405212,4.250755016489415,34.82236640853586,5,0,7.528191103738168
3.5224753476783617,48.43868769538403,4.3632173148415445,25.742869171369875,4,0,7.308175822532531
10.30898561525012,108.23731833319735,5.714656889511052,65.16474170986592,21,0,6.321159437206653
6.185149559309014,67.39427935500015,5.506535229848219,42.12620181738917,22,0,6.810862278016667
9.167572988450805,96.99500442110448,5.670955763030676,55.38337936165577,23,0,6.041225898220507
4.136048814159059,44.88632993856456,5.528697249011035,30.808172816496594,21,0,7.4486966186255
12.663755320629887,129.30341287207938,5.876297480171639,79.07839023159902,9,1,6.244466055244796
11.616688415981782,115.38998488596818,6.040396882343857,72.2164103388742,17,1,6.216609050090533
1.885510493204899,24.03606054554535,4.706704302808917,17.930485640471865,6,0,9.509618591405715
6.4184236393584975,74.65582328661218,5.1584109773064375,45.074835558882974,13,0,7.022726777098196
6.159185608802005,54.043345594008855,6.838050688132973,35.80531352225128,6,0,5.81331945429318
19.15817382577547,181.15581875675673,6.345313318861609,111.12353617957201,15,0,5.800319862954058
4.112038260965441,52.68826670137223,4.682680055814036,35.288295072863725,10,0,8.581703970959305
6.974039211336639,82.1138609533086,5.095879645923994,49.46563040907193,8,1,7.092823672207513
5.563731488457039,64.90380137430606,5.143364213480039,40.15306516844495,2,0,7.216930804757508
1.289315630139056,19.571319274775487,3.9526685310400866,15.10157935417789,6,0,11.712864562534735
4.406749818050367,51.355154105944905,5.148557991619663,38.13660678653257,10,0,8.654134761706295
5.419128137819055,62.519800498499976,5.2007153841916764,36.945028143635334,14,0,6.817522524666482
2.3011138782968854,42.07323130963027,3.2815837624102473,28.431312366199933,20,0,12.355456474515156
4.746832321832729,60.24507885875302,4.727522059979571,35.7961023096149,17,1,7.541050511721931
4.676000300560459,59.65157980336157,4.703312451379821,36.46514781307437,13,0,7.7983630173641565
3.0227359271765812,39.59713905385304,4.580233824063283,22.826403740395925,11,0,7.55157059376906
9.514129593035538,91.20124844782025,6.259210101808379,52.35839372418453,11,0,5.503224778702986
2.1090415270834075,22.545125728186584,5.612853667380408,20.148561338029648,21,0,9.55342086881195
5.0356139234106445,55.51292967699898,5.442638988117122,32.29630729447662,20,0,6.413578917226081
6.6154540198092295,75.73567017159192,5.240955025409404,41.64752379765812,9,1,6.295489874610165
5.763926650119779,60.8640234014516,5.6821021628178885,36.336083232889926,13,0,6.304050248823835
8.661100975176632,93.38295669509604,5.564891891433204,64.30337087149297,9,1,7.4243876218267495
6.901977429583648,69.34968430630278,5.971456826622961,43.78411590797697,13,0,6.34370603999761
11.181802396178337,108.79369624326885,6.1667924423719525,67.00138436375666,10,0,5.992002182640615
6.917795371736139,82.70821777651852,5.018458062120269,50.51839243789508,20,0,7.302672271038371
7.332168356621968,82.59074852390893,5.326626883275724,49.87982771797174,16,1,6.802875396733535
5.967903256553115,63.872196977494525,5.6061042572146835,41.69387043255537,4,0,6.986351594552576
14.837996551441396,140.5586624388622,6.333866427291327,86.3270426454268,0,0,5.817971607294975
9.910071569337566,106.88413360921012,5.5630735272107525,63.42574779813131,23,0,6.400130145818006
6.051669185649622,71.7237840567926,5.062479007681274,41.884532312711364,8,1,6.921153656586605
11.860748704933426,122.58192220787436,5.80546388470886,72.14510118399,3,0,6.082676817356526
12.360936288038673,122.18145579705114,6.070120645102186,77.03456537897134,17,1,6.232097923966771
4.406605443138841,45.09190179149127,5.863499122545801,29.52629203970954,11,0,6.7004619362240545
4.092823607896399,48.74639681636081,5.037693706858006,31.029204775199396,13,0,7.581368695033396
3.716456013719438,53.893703356790596,4.1375401379810715,29.194639990612593,15,0,7.855505320886208
5.454429163859523,55.63562922533227,5.882305177247087,34.6353686178914,7,1,6.349952960684086
11.06188061463868,111.84164609502376,5.934397964014335,70.15407904159166,13,0,6.3419667491939515
4.072259088866144,58.46508427651116,4.1791703262819455,39.65045932652196,15,0,9.736723145864966
8.361633034465598,85.42929979751082,5.872668782924451,53.86716961282479,14,0,6.442182931347394
9.099184794113222,93.12777088153098,5.862387582983218,55.777861314926604,21,0,6.129984452125036
2.958458428365756,30.52371081861703,5.8153973072526925,26.217113072218698,9,1,8.861748003909238
3.6220066882637454,48.33726401666913,4.495918536491467,28.062251840002467,12,0,7.747708454247626
9.654721717102845,94.4489076989145,6.133298067065188,59.27259962094281,18,1,6.13923439304775
1.6187551255816564,17.241175276080014,5.633334501833449,12.773825722176817,17,1,7.891141482926199
9.036664671406207,87.60863037969648,6.18888661921176,53.89227743127871,23,0,5.963735447858824
6.701820078160253,73.56705788707328,5.465886719390897,46.11347804830202,4,0,6.880739487258936
3.582882134399439,34.76530863930892,6.183547233660908,31.087226391437085,22,0,8.676597561769336
9.645448789602959,90.49414709574647,6.395186273912953,58.53148856154599,11,0,6.068301210062757
7.828495332626626,85.81216290925133,5.473696315688118,51.755937445315936,5,0,6.611224155632309
6.03271402096269,65.86012005831807,5.4959335169333,43.01647833462684,6,0,7.130534977317281
3.1729225256014617,35.072366463684325,5.428072603347476,23.318378574460382,8,1,7.349179939412524
8.82938863712013,89.53689395065497,5.916704219370931,56.63260074453876,23,0,6.414102161778954
1.9473426221561942,39.955107080247004,2.92429593780604,22.330921668459695,2,0,11.467381966781886
10.27045650095682,112.12449890622237,5.495921016983127,70.75971769379159,5,0,6.889637056269061
7.447941259401988,78.38687025707488,5.700909783724732,46.97477252500059,17,1,6.307081499293712
7.0980293250883,80.77935758631487,5.272160762732386,53.071128546972254,22,0,7.476882119856844
4.439949477514718,52.68556382838647,5.056356035566444,34.01587890499502,1,0,7.661321165310999
1.1280572288615394,11.507349418674856,5.8817570640421675,8.251862492874132,9,1,7.315109802719935
14.417326246551537,130.03700014379072,6.652257233222539,84.82216610083155,9,1,5.883349287536589
10.707060499598231,102.90754779390382,6.242726056037171,58.50302195079425,11,0,5.4639666930984
8.342594559336376,77.62883197051649,6.4480639583794614,48.689026610403474,18,1,5.83619715234927
3.0671309149120094,41.23357922729366,4.463057981949512,24.4908363419045,12,0,7.984933483873511
3.603557546868201,41.13238071599672,5.25652658680184,28.989578710590667,3,0,8.044710909580196
12.012680655157691,122.66610016641701,5.875794847407957,72.60485062067787,5,0,6.0440173767130565
3.0452828776024994,42.051721966475576,4.345053284662526,28.357655890543693,17,1,9.31199400197239
4.222409379612437,54.141849162430844,4.679274289592285,34.91924514339602,5,0,8.269980952581427
4.30669902571525,45.176565634540154,5.719822609652989,28.39799394676147,11,0,6.593911897998298
3.7944812446608815,49.244361452577444,4.623247575235576,31.473626684808305,9,1,8.294579589527304
10.118045139698634,97.32963199971167,6.237388305174281,68.08350281425633,10,0,6.728918667018736
1.4215242135585944,29.061757511190457,2.9348346458631593,17.8043843909348,17,1,12.524854815074814
8.599471154718179,96.73116535046174,5.334043763596898,54.95639179866782,5,0,6.390671101735773
9.022278611452357,97.53942894580948,5.549927065780699,62.141464390173326,16,1,6.887557685404944
2.2499251667506077,31.186861243026172,4.328602001755575,21.371599420639726,18,1,9.498804554244384
7.431605584476338,82.28505978162487,5.418922174352648,48.87564460366133,23,0,6.5767274713496935
6.791647049928172,63.925203828913126,6.3746190639658185,41.68581924464309,10,0,6.137807064794976
0.586715385928316,6.728204686520927,5.232142123473649,5.872631189038198,2,0,10.009335582271072
2.8248079812591045,40.22404832745644,4.213610661357911,22.188331543669257,16,1,7.854810553805937
6.617174297090448,79.40097531890102,5.000322177792136,50.498438883949824,18,1,7.631420394374959
4.120483517023654,41.695659388583756,5.929370458381824,32.39083219292416,0,0,7.860929927058901
8.000315043720887,84.09394302289867,5.708126951456476,47.97961935100395,4,0,5.997216245710367
3.234603579578595,43.74461352628629,4.436573994603807,29.982936715006563,8,1,9.269431625037882
6.511806469614046,66.91894716476585,5.838531607720189,45.26607553653854,12,0,6.951385264252401
3.3173743556034956,39.82007280528183,4.998545891905256,32.12045901276805,12,0,9.682494518145724
5.5371764185700325,65.5140474762015,5.071135091064056,42.77358634392388,4,0,7.7248010737880906
6.813267547417503,73.96852646770377,5.5266215560416665,41.92262072465896,4,0,6.153085936064449
9.734579925141533,100.28656266221668,5.824058378346876,60.515453181523334,22,0,6.216544899408537
13.940767092766878,131.5731134092173,6.357271663584543,83.42995846012741,17,1,5.9846031358930585
10.221631872260721,103.80779074839539,5.908014301374806,62.08679202423685,12,0,6.074058702185006
6.694663861240706,69.86449479346403,5.749412958068371,44.52534384303232,7,1,6.650870718217142
7.688834625609149,79.13322017334997,5.829790276775733,42.19299718024743,11,0,5.487567262757285
2.3556368805698704,29.952307491116905,4.718775435786026,22.55069495536138,23,0,9.573077727457708
7.685406978251423,81.00498172557425,5.692543950658072,48.02607999636996,7,1,6.248996329313039
10.406231929547904,100.4464206511103,6.215989696054666,65.85737140787343,7,1,6.328647281142675
4.4648866270934535,52.25651830840073,5.126502995178323,36.63446541736476,10,0,8.205015821692434
6.17906925282262,65.42143380371203,5.667013601103941,39.93047621824322,4,0,6.46221535711108
8.14611125682965,79.72243904887225,6.130854515253232,53.91333700417862,2,0,6.618291268607215
1.9013340724421366,17.42046002549337,6.548624099454418,14.178132395328458,21,0,7.456939104403465
8.275330742477582,92.1627723695397,5.387423053614189,57.74425522346143,16,1,6.977878832933892
12.224681066424141,126.49998832195519,5.798268234765888,79.07268783475187,8,1,6.468282272977248
9.21997151902818,90.15061900700945,6.136378177266627,55.08485232482729,13,0,5.974514369284456
5.6795615934928145,67.20606268191302,5.07057967705167,42.106176506998445,11,0,7.413631459731032
0.8101795214400856,13.142891895062935,3.6986358614625408,7.402787940948163,2,0,9.137219276771875
2.748878741456401,34.8971340447013,4.726254146719164,26.33939339913928,18,1,9.581868054748838
5.170011094347333,55.348421152474586,5.604507937205561,33.70334205006489,2,0,6.519007683932181
6.115096596866598,65.37032388928053,5.6127272129389185,37.78326146864078,13,0,6.178685956980808
5.610229735031873,66.36914728382605,5.071841328055514,40.08820444851914,7,1,7.145554877761417
2.198161216689302,29.372206347002244,4.4902882488029,18.428426961567187,10,0,8.383564782078468
0.9467543090859059,18.482952030080906,3.0733866783132964,9.485151852546508,11,0,10.018599082695964
5.28643959665355,64.03731966382287,4.953148842961392,37.48094917457157,10,0,7.090017485170541
13.821621703439327,136.76484319118086,6.0636731111306235,84.28138487246085,5,0,6.097792768520683
2.6476964412252135,32.27854000427235,4.921591449070684,25.385039508949873,1,0,9.58759437588813
18.02084530350297,175.63145813936117,6.156361335633965,101.08172374226285,3,0,5.6091555107359
1.1928660734494982,28.69176665275772,2.4945122854639807,20.401982931507327,17,1,17.103330697057565
14.407967500752834,148.00720668719535,5.840783495577984,89.22043147169208,2,0,6.1924370295137185
7.292234338302334,69.68233816140078,6.278980755277007,46.257570362917185,12,0,6.343401516864331
6.835750687923998,65.87449195586412,6.226158701159121,44.21270760200369,7,1,6.467864265458018
0.5567920860976626,23.005633993431218,1.4521453821006882,19.93987080397885,16,1,35.812058579585035
3.711690972957482,43.68010206229732,5.0984646981783195,28.4257003688547,15,0,7.6584232297240655
5.703190322420301,50.12867726477329,6.8262606958050505,39.57165196039964,4,0,6.938511556389083
3.3045805953409944,37.36181538499504,5.306884413333118,29.049894644089218,16,1,8.790796231462954
6.660466235715658,69.30994433846398,5.7658100573767666,49.80853087708339,15,0,7.4782348734077075
5.289923629072127,57.73389615808588,5.497557567832273,34.09938735966227,6,0,6.446102014074528
2.4698065319474387,38.817829388601794,3.8175342169018696,20.62381003956986,20,0,8.350374724820254
8.929390086597675,86.78950385086254,6.173135937226998,53.752005780098024,10,0,6.019672705392907
6.699110895216617,77.90519238153604,5.15943342703638,50.11980616616077,0,0,7.481560904141465
4.663546380818223,55.68271227536059,5.025128471928074,32.173588772545045,15,0,6.89895331691762
3.72395379573571,37.79633974345507,5.911610205134577,29.66112138244214,10,0,7.964954188316464
2.5095587829159616,32.66918692357924,4.609038092291182,22.559162736849103,8,1,8.98929440920952
5.050905529592059,60.426152271693866,5.01528428308494,34.480877371966145,10,0,6.826672399622375
9.243269267803404,95.4267965380474,5.811744459503914,58.54895420026291,23,0,6.33422574891369
6.321792411715442,71.16997150657242,5.329600907145202,43.314076961153816,9,1,6.851550025730817
3.1063753607273688,36.43288185342872,5.115777620707256,30.499242648769275,16,1,9.818273423862006
0.6213637328286633,20.920882057817856,1.7820388197154466,9.76050740770934,20,0,15.708202606669888
3.9143501217793344,44.838379370740874,5.237945942801353,33.00517450084692,13,0,8.431840145623932
5.130121965984114,73.44809165016719,4.190814370305647,40.89573936624333,21,0,7.971689491479426
10.885001468455474,102.04830145319025,6.399911402806707,61.241251274230414,11,0,5.626205145833594
6.942389825162763,90.66921394314265,4.594099489722875,55.64842552734587,5,0,8.015744855704815
4.338093210298306,45.33594943061359,5.741262637860136,28.715748384149155,11,0,6.619440153102321
6.130857184184462,74.80506238098542,4.917467071647965,42.248134125506894,2,0,6.891064798327514
12.285867153197058,127.53744872110259,5.779886900543376,76.76438079473374,7,1,6.248185808745126
3.3724544587552248,36.89469902677364,5.484453671202866,24.728133783021395,4,0,7.3323847913867946
2.1292229461433463,34.759835335512264,3.675315936784142,20.406905791065732,1,0,9.584203395904916
9.957499083284775,98.64263330898211,6.05671123078873,66.84670457183302,3,0,6.713202181865696
5.959823264277768,67.28750685546787,5.314350502311825,43.08950890662743,20,0,7.229997769380023
9.963379420286952,102.5576185411721,5.828945462274235,65.93947749055309,20,0,6.618183922243322
3.627912100699468,42.555349760879835,5.115096627453207,25.146959947044913,21,0,6.9315240416647725
5.850693428030818,62.061660978914375,5.656335975299088,38.21403932579165,0,0,6.531540200467049
5.895417987350796,67.103996179512,5.271296783797894,40.49466958407691,23,0,6.868837743305435
4.563436303559857,47.64799324492023,5.746436724127557,30.3525329411206,8,1,6.651245009696558
3.9499298995595367,42.352799327988045,5.595752765672753,30.69935781531239,9,1,7.772127251862299
1.7229020484007858,33.235975349546834,3.110308086850132,23.24855828960164,4,0,13.493836350813545
5.009361147920014,59.654567586315025,5.0383680753416575,35.74093356609849,22,0,7.134828675895894
6.555106507146157,63.1559553843477,6.227542407287292,38.29019203853991,23,0,5.841276872739935
8.084721552389988,78.74281502352508,6.1603499061911435,50.762391789581685,16,1,6.278805208149119
8.89838381587756,79.26638925078366,6.735553795234533,50.17133730898455,1,0,5.638252782428069
9.824885976145024,105.88211270305763,5.567448018551658,65.83892002734851,10,0,6.701240114868145
4.174717573420358,53.70391451213051,4.664148911317125,32.92619503574049,6,0,7.887047316775484
3.2347432993105025,34.58014716182346,5.612601850720284,19.073184670164654,22,0,5.896351860201758
18.300189388129517,180.59961005637513,6.079810266174002,107.51522745336237,15,0,5.875088239420216
4.736955427421362,66.54560612389747,4.271015656783015,39.793222168589864,23,0,8.400590374617888
10.51834129451843,97.42903976201016,6.477539748032973,63.19251745092406,20,0,6.007840559790207
3.39398928170924,38.85529894764823,5.240967446343118,31.6151439180407,12,0,9.315039410530803
5.2024137661993235,49.454575134469664,6.311748207789082,30.934197299668106,6,0,5.9461239897239855
3.6398192815783923,50.44963685427239,4.328854884040835,34.58006519110192,18,1,9.500489589171698
8.789636800477789,90.53038531714478,5.825427630526076,57.75608686065935,16,1,6.570929854293847
9.086749155036829,91.39211294458966,5.965557986746223,65.82461584768106,18,1,7.244022556867233
7.271069391826137,78.80413285856528,5.536056900626758,49.24092273759581,22,0,6.772170651121912
3.950386563219517,44.21187561047807,5.361075288490981,28.293796720295955,14,0,7.162285580790567
18.57565113296995,176.77106643669896,6.30498582400819,108.2468601851448,16,1,5.8273521294237325
12.382678645660956,125.09268260452033,5.939282004915688,79.2525466752774,10,0,6.4002748470782995
4.552029547635037,49.30779898112,5.539119135345724,27.21244431278915,11,0,5.978090438127123
10.534811455905773,103.99939007045936,6.077811484529935,62.72944660092676,3,0,5.95449162649806
11.099901415319222,110.95999214356895,6.002110058348207,63.94496369651692,4,0,5.760858705309315
7.341759994517667,78.62388115718527,5.602694667163517,47.404214859544325,23,0,6.456791681414621
5.1952602684770035,62.36720848846557,4.998069076095815,42.47152363509089,4,0,8.175052151437539
2.7702776818279475,40.431866225656655,4.111031135243556,22.459906288897773,1,0,8.107456677078584
8.056611873383053,75.51197262692361,6.401590311926633,49.01830056326032,19,1,6.084232594746684
4.291672427039787,59.072759710692694,4.359037005948062,30.97592493847269,3,0,7.217681560062254
4.9308917518289626,56.73272707525501,5.2148648648123865,35.10824086055561,11,0,7.1200591348478275
5.85768323530495,62.72918361343424,5.602830674222695,39.909456203562485,8,1,6.813181013787749
3.6426185329156118,39.362322584613885,5.5524445109945635,33.63539969858241,9,1,9.233851800468408
4.007273296519869,60.00046229189617,4.007242421258247,34.76862391457229,9,1,8.676379508422155
6.999926204805787,89.15851493727932,4.710661371870125,50.599655122965636,0,0,7.228598365540845
8.327704597783113,98.14642538856327,5.090988020081381,57.65135118658012,6,0,6.922838161421729
7.421554613794332,79.52248567728485,5.599589512766644,48.6172922959728,15,0,6.550823220462269
10.700347310207208,110.36775730741859,5.817105052013934,66.09077729776973,1,0,6.176507676038219
3.2765421575982883,50.43509705054221,3.897931023288946,28.153861142935874,6,0,8.592552693896272
10.8753735075944,108.43385636192374,6.017699935689048,71.3320391759789,21,0,6.559042696434004
4.870745600801109,59.08452587188239,4.946214456925045,33.68981572772757,15,0,6.916767675607301
3.2778832515193077,42.86426465016474,4.588274094896962,25.32268764053356,12,0,7.7253171322671195
3.8512810974825573,58.17413678018636,3.9721580523332554,33.02694170924106,13,0,8.575572873875545
7.8802173413229015,91.53992280299755,5.165102023265979,55.949854709034625,23,0,7.1000395402345555
3.894684859248477,46.22433388728248,5.055369583577718,27.022858362919795,1,0,6.938394077957351
7.086005778885322,84.92435562627429,5.006341744930252,47.04231990447077,21,0,6.638763976829674
11.140305102294928,112.23968958518287,5.955275790658777,67.86298279156263,11,0,6.091662855587564
8.127181948931566,81.86997068012175,5.956163326858159,57.44854107856896,11,0,7.068691391377227
13.698677308775473,133.5760763589921,6.153202436621789,87.01225435847003,5,0,6.3518726952367395
10.090031438479269,103.69475060914718,5.838307944735556,64.53493892646708,9,1,6.395910589570327
4.209434625906282,45.17461096874101,5.590885502680751,36.02313230943598,13,0,8.557712735990116
4.821362717235026,52.286551831431126,5.5326226898023325,28.786985465023946,6,0,5.970715574274989
5.558486430942231,53.3660775537537,6.249460352798128,38.9296800852643,8,1,7.003647588047678
9.738963742303724,94.71577816855093,6.169382080125747,57.44786866048769,23,0,5.898766047454096
3.0823992153842585,41.14887433138432,4.4945081956227035,28.44336065619998,19,1,9.227669314941144
3.601938853588823,50.67027925957083,4.2651497953705935,36.17482489667201,14,0,10.043153525671016
5.156652233473878,63.89406242179345,4.842376932710113,45.09498478438482,7,1,8.74501182989525
14.37563607902041,143.95976377488836,5.991522506872031,85.65259843035226,20,0,5.958177986666787
2.338698135653817,23.87263826829343,5.877938021018744,16.217570655248622,20,0,6.93444374372615
10.655448518024366,102.73302131686064,6.223188054691574,66.28154412176121,23,0,6.220436803729264
6.953839381854896,73.39989794620078,5.68434527275647,47.677358007257276,16,1,6.856263912517868
7.6976242774611165,87.0556171299056,5.305314830615432,51.34892563637145,5,0,6.670749803510507
5.771765481492331,60.60476369087145,5.714170104778446,42.92843680947736,9,1,7.43766130954751
12.753612683090266,119.4639795568725,6.405418301180263,72.36532645121055,22,0,5.674104134208038
6.910822577193105,82.88713227023729,5.002578123703245,47.214756358530465,2,0,6.832002389172488
0.7166406879790942,14.040168224500514,3.0625303480133583,14.365528962633467,19,1,20.04565077534718
9.669997718900673,92.26275642653857,6.288559822034007,60.614669995256435,12,0,6.268323091408896
15.573386339990003,153.52448906448942,6.086346133396967,91.58408764487841,10,0,5.8808075292979085
6.522508353426226,70.40212733349944,5.558788008659467,48.263431556183605,3,0,7.399520083532154
12.226827364304265,119.04068873699987,6.162679749602604,73.8864060918127,22,0,6.042974509276308
5.042700816337068,57.38651472373142,5.272354497163836,37.24364781133265,5,0,7.385654863892124
6.03372873221902,60.747915699990536,5.959442719335926,35.86965323197383,14,0,5.9448567915286565
8.679084359467621,87.04227436111222,5.982668368793337,51.979913340932214,13,0,5.989101060439593
8.093368580720044,84.62354040775499,5.738380981265369,53.80045705807892,9,1,6.647473980888739
3.898528279150126,34.871617466003464,6.707796017120496,22.983759740369198,3,0,5.895496478322232
5.268501464399282,65.1469064131774,4.85226552215865,34.01307845918137,3,0,6.455930341676305
18.564191279461838,170.84029644682693,6.519840458801769,101.66390789951791,15,0,5.476344558676895
10.883359131021637,104.31709479775976,6.259775055347128,71.65126274095117,17,1,6.583561369092225
4.15126314595917,55.3622891834024,4.499015348379472,40.00214473839009,5,0,9.63613804567607
5.649199815930505,66.25866733906368,5.115587176260586,49.45037619529125,18,1,8.753518694071198
4.836286893787747,56.0505207510817,5.177065435590352,37.021554840971575,16,1,7.654954235350695
1.253500172593886,13.032356554567727,5.771021537104332,11.132466048434226,4,0,8.881104519832379
8.591490698287492,85.68933151615474,6.015794881070649,56.48784338997405,9,1,6.574859401434672
5.526540296545053,60.44192157533967,5.486132954581528,41.96438860113783,8,1,7.5932475562282775
1.945064482805271,28.64447496111512,4.074219168853393,18.03882925626834,13,0,9.274154875447534
12.583584506256658,132.10077304394207,5.715447782612528,77.72199119222138,1,0,6.176458794676302
12.126264983311927,133.10214502607403,5.466297322677912,77.17063146482406,22,0,6.363924223248105
11.435798085266683,118.6113040414736,5.7848439544689825,72.19192149843923,13,0,6.312801341906144
8.404514374744629,84.43427994945465,5.972347520302798,51.304972839720676,16,1,6.104454172140026
2.5076765705738757,41.8555690698457,3.5947568645728896,23.699112679039477,14,0,9.450625713512965
14.423982064709662,138.2784210324408,6.2586694107502385,86.93140856340423,9,1,6.026866102121298
6.4006279371938355,53.86348620511704,7.1298332746079565,37.647065070298474,20,0,5.881776825603724
8.88640907450852,84.48048175233467,6.3113340905608215,56.95254681870131,7,1,6.408949480175846
7.111885575949554,61.77543619822976,6.907488814610768,42.91991626280499,0,0,6.03495596272645
7.245909934835509,74.91021192088752,5.803675960085038,46.76735891588515,13,0,6.454311375172623
4.163334702914798,48.40030984463924,5.161125682391793,33.772727824326424,2,0,8.111941564698546
8.048243552150781,74.87816476976451,6.449071162652716,49.15333462694457,19,1,6.107336875237706
7.84722576188325,77.50034223874474,6.075244729404708,51.11131292348459,0,0,6.513297116001213
5.80475146462574,55.68462259162119,6.254600851509596,34.25816711486342,5,0,5.9017457204900685
9.557864527025627,97.25876279085361,5.8963517030824075,57.52304556863537,22,0,6.018399340771608
9.474142509056481,92.14636873198288,6.168973974403479,62.814229429425986,6,0,6.6300701482356725
5.4293978435843915,66.9242178215772,4.867653014392545,41.363016712060485,12,0,7.618343305038292
6.650580569089266,72.8733325195142,5.47573193580109,44.74058556697493,20,0,6.7273202846261775
1.892040848139241,38.657091525796574,2.9366526659823564,19.364753602716654,5,0,10.234849644901294
12.280045342114622,119.79181796591183,6.150693202907591,76.52529948556234,7,1,6.231678902936745
3.2762582422431894,54.35252189797011,3.6166766080072694,35.93914558414394,0,0,10.969570444952812
5.630227960755207,62.687171350294285,5.388880537576314,34.46077593512802,19,1,6.120671520821627
7.142755394068038,73.11400913439779,5.861603387885565,47.28377630562533,2,0,6.619822981043684
7.929418161751113,97.81717855374977,4.863819389798057,55.44779010292883,23,0,6.9926681847087595
9.433093716695423,85.92680708245945,6.586834100079835,57.16850474710265,17,1,6.060419461954607
5.968997832873649,62.404908777345874,5.738969529628258,37.48769219614359,7,1,6.28039969954151
1.826110422041576,18.444700011796737,5.940276895391015,17.200922850460024,11,0,9.419431948277005
3.848113592845265,35.60337009654177,6.484970803175243,25.100955937574007,12,0,6.522924890846207
8.428690769800069,75.45540134985013,6.7022563943861195,52.5027340652068,17,1,6.229049742022056
9.684750274025685,102.86329534867495,5.649099753919428,60.661025870917555,8,1,6.263561181707417
2.5811057440751255,27.25563732202194,5.681993153004682,19.741460218913232,6,0,7.648450771236066
5.7962324024708725,62.63743787703972,5.552173842597924,39.23822975067827,3,0,6.769609468031584
0.4040966256653611,20.98836647185179,1.1552017434247932,11.423817701527286,10,0,28.270015080471207
7.500422475266152,82.28387326515407,5.469180419664904,46.21393610514093,11,0,6.161511069214942
2.460596021163435,36.62888366052877,4.030583149573246,21.610522133552607,14,0,8.782637193461193
10.932233938232288,117.6730335963002,5.574208603682677,71.82635597546725,20,0,6.570144435372499
9.448918160592795,106.69684312394327,5.313513249656258,60.235077903199745,5,0,6.374812108587549
4.594949050077512,45.84413017043591,6.013789376735582,36.97440150764254,5,0,8.04674896384734
15.441299091164279,153.87090822573526,6.0211378236012845,96.49916993080768,6,0,6.249420425126395
7.2444089094234165,75.56638075349022,5.75208882880538,45.724186492091455,3,0,6.311651794339512
5.386635344417156,59.599666887973925,5.42281756830162,38.85958070148846,3,0,7.214073019025411
8.413692519056543,78.65438219434563,6.418225368499348,51.94755618918141,19,1,6.174168603324058
8.021264653991397,80.99969187052204,5.941700124104212,56.696308430342356,17,1,7.068250565966573
4.313898872276016,48.288619188794044,5.360143584238716,30.428320936760468,19,1,7.053554530986598
3.621730222597811,53.17709546395035,4.086417497232104,37.249797975249045,13,0,10.285083561119121
2.948105734369298,31.601130755372438,5.597468819437285,25.620485358858577,19,1,8.69049066326642
2.3119394682217593,18.494725552032985,7.500320440173145,13.51043246447052,10,0,5.843765656573241
4.3863814279374544,51.44083025867515,5.116225464340426,31.945989643251437,21,0,7.282994004986234
4.331022809490064,43.438611720758175,5.982266888267585,29.526323769973565,13,0,6.817402047681666
5.166214789591676,57.658474130871554,5.376016137227859,35.68261738649648,0,0,6.906917122065059
3.00691325620402,43.026753558906556,4.193084080239544,26.73726223743047,4,0,8.891930015694586
10.098599206618431,102.28849934294293,5.92359802215545,64.27233814295488,12,0,6.364480541106335
1.498821218653526,22.901921111587203,3.926713077083823,17.343116984344334,19,1,11.571171243441974
6.972233742091039,73.81073826603493,5.667658044791089,44.92788654036764,3,0,6.443829653779412
8.098252880977947,89.96867130309727,5.400715224766795,61.08344465673523,18,1,7.5427929399703775
7.0391815861246,68.42463295312345,6.172497782440739,48.09644395862365,21,0,6.832675556122854
5.040522549978931,61.735594433081296,4.898816570504692,41.84044583832598,4,0,8.30081512848323
11.689034082680674,111.1746609104824,6.308470286458166,71.7996200446429,13,0,6.142476746733629
7.948092455590134,87.14525510649074,5.472306515743837,51.97555894826148,21,0,6.539375232318227
8.121492853749295,75.83489500041354,6.425664217274916,52.66202947756388,7,1,6.484279482343249
11.607656796230815,119.72397335702416,5.817209271003432,70.0923087630769,9,1,6.038454616080392
1.86894329770928,28.209260981303633,3.9751696415187205,18.302039209660816,10,0,9.792720427684028
1.7535546923007204,28.36131781648374,3.709745866494706,14.992352288310421,11,0,8.549691865407386
7.972319834769503,89.50453921295102,5.344300906885805,56.39038336917399,7,1,7.07327158692754
12.241670438922123,117.24846827201554,6.264476092184782,73.10991436838907,12,0,5.972217168658429
11.294252002992724,113.49796090514772,5.970636959248035,68.95622967774695,6,0,6.105426871958859
8.947676311594382,94.34889079861806,5.690163118521012,65.92851086583944,19,1,7.368227075940309
4.007953990433579,46.277518193139564,5.196416074483105,30.651458978012247,16,1,7.647657396061171
3.0587287247520822,43.82929475808439,4.187238797659952,25.027553009613555,3,0,8.182338239767276
4.2204591616417,51.9630591803216,4.87322251024049,31.74227739477085,20,0,7.5210483454656964
2.806986221474191,33.78330432741917,4.985278279950824,24.922098898488898,6,0,8.878596805295377
4.354360364999721,58.75363423937034,4.446731258113629,34.465655296155994,12,0,7.915205083435533
9.407627777570946,100.0400267435572,5.642318230293847,59.01929673637002,22,0,6.273557812000172
1.8125419568218397,23.257473412118536,4.676024582818347,18.933374761119484,16,1,10.445758063618994
7.363688804311513,73.15762649098069,6.039306487248615,48.151025694496184,22,0,6.538981612898046
4.515738907159422,51.32457435971482,5.279037143700743,30.678587258292026,14,0,6.793702622986692
6.920344001088283,76.96796530399152,5.394720237508524,52.26769101816996,19,1,7.552759083934328
12.751128008554149,113.47950910847479,6.741901569048229,75.3222356445651,11,0,5.907103716160237
5.104067213670437,53.13354883237038,5.763666074449259,34.956232695106905,4,0,6.848701482904097
7.405644709704632,75.18593450977171,5.909864464403623,44.54899048297603,4,0,6.015545199541828
7.551990952806548,71.34199343682667,6.351370845414212,46.36540450739341,14,0,6.139494180691864
6.929377090681419,68.23379040901693,6.0932072357208975,44.684250217649655,3,0,6.448523385708182
2.819301469489642,38.19752073522922,4.4285096234888774,22.552200203217232,10,0,7.999215567145324
4.401374551409334,48.678897478876245,5.424988789015942,30.10412583773317,11,0,6.839710069231381
8.131667032000358,82.72304531929494,5.897993963312422,53.91848562547768,1,0,6.630680451289204
3.5741698063025993,35.89568948567212,5.974260181400178,25.867262078796863,20,0,7.237278439648613
5.096171901043596,56.58444687164338,5.403787276673882,33.80424085493297,1,0,6.633261497323221
8.956834195922177,83.58712288286385,6.429340228738806,58.92334936707606,7,1,6.578591059986618
9.877183283118441,109.64882755511003,5.404809246038196,62.25847944694005,20,0,6.30326254584634
7.551344858372559,90.42207026753934,5.01073123145473,54.516230951041805,0,0,7.2194068703665275
1.7617835989552102,25.017058208037135,4.225397529088872,24.363352189661565,2,0,13.82879952118396
0.9112600325011505,13.466699562865212,4.060059533877067,8.705996062881264,20,0,9.553799960902237
6.485470426043468,75.4968483985729,5.154231386034436,47.633641890792894,6,0,7.344670280125279
10.013014935051306,105.67131711822805,5.68537340583072,62.71215860894684,21,0,6.263064523095661
3.1622537491208678,51.70875486485881,3.669305622290198,28.390045060049413,3,0,8.977788410541715
5.561544490398198,74.90036665684524,4.455154017505672,42.14571306278645,3,0,7.578059140864462
11.842072260749681,106.41780493213764,6.676743013991694,74.21876100680261,13,0,6.267379506946538
2.069701971234499,37.579274506046254,3.304537405427821,19.497283951945384,22,0,9.420334049503753
7.05460528975203,74.15639991943443,5.70788654580024,48.49125670021866,18,1,6.873702313389547
0.20445517924876677,17.134626888029352,0.7159368473611897,9.869319370047009,14,0,39.477277480188036
4.164425514128302,54.14691965913941,4.614584401488175,32.419748948839825,6,0,7.784927077901147
17.359966824491277,172.65518941832403,6.032821909255229,101.71233506934404,1,0,5.85901667311076
8.537056655825083,94.83572782067554,5.401164847050743,57.25206997900046,18,1,6.70630081152568
4.4579997226664405,48.760380004480616,5.48560087791374,31.424223038833826,2,0,7.048951322060248
12.538212118229493,119.12662468275033,6.315067929585203,70.01723084461211,4,0,5.584307410369379
9.325248604068948,103.04871620452559,5.429615592043296,62.87046043899375,10,0,6.741960789287812
4.138042321794061,44.012013000673825,5.641244796138783,30.723803974129204,8,1,7.4247196101196
7.547046057757881,91.09180678074262,4.971059192572767,50.88667119373274,20,0,6.742594493831728
5.715019545160106,58.848924115481786,5.826804446530179,37.40735512969646,5,0,6.545446578809294
6.386335117627882,67.19200087652564,5.702763752515988,44.67812669447941,15,0,6.995894495288323
8.662025017567291,88.81576341196616,5.8516808400705065,53.79965710382389,10,0,6.210979187281705
0.3659388574941139,6.047087484427834,3.6308936337017967,6.591587798100111,5,0,18.01281187583676
9.38450370153044,87.23147966491793,6.4548970653111315,57.1932321170289,23,0,6.09443332711369
8.054311220536416,89.96100791898027,5.371868150559321,55.763523421086624,19,1,6.923437882423022
3.846730005106834,36.30033723263239,6.358172344992093,29.928730249334926,17,1,7.78030436490271
11.096304217495112,126.98471492973667,5.242979467395709,73.51891704699972,11,0,6.625531853307095
0.8274684259519717,18.882459921821912,2.6293240267779634,13.37131861029679,4,0,16.159309758452213
3.3962094332193358,36.389819383423884,5.599713585992175,20.483590425467966,15,0,6.031309560921617
8.930765603017653,94.89819987233211,5.646534253567931,53.9856784291902,23,0,6.044910462205923
6.746387839424529,57.946045160581875,6.985520223920784,42.64282726790992,6,0,6.320838392763879
8.64248620591322,87.7809685147243,5.907307485082171,55.07341395994269,16,1,6.372404033721368
1.5896447071090543,25.07475419803167,3.803773375933246,15.15696701662073,20,0,9.534814256819287
3.193799161628635,33.146963900412864,5.7811614443315955,22.057891373506735,10,0,6.906474157335118
3.769427933794638,42.134165039382154,5.367750276201859,25.258048234478228,1,0,6.700764327665831
3.499416141530418,52.65088394323008,3.987871670268941,26.081458509000623,21,0,7.453088587970644
6.253839159004417,69.38405381360197,5.408019983212704,39.298375655955226,2,0,6.283880134552637
12.164790894971407,123.87992207846465,5.8918946787517275,74.84260315081278,18,1,6.152395367663136
13.574783647721981,129.452096242162,6.291802469847095,77.66681164071147,11,0,5.7214032765630805
4.68904917120059,46.261046321350584,6.081638281972643,30.968467298772662,17,1,6.604423662045637
4.36183390096634,49.81014410908046,5.254151312729695,30.045781610839846,16,1,6.888336945655674
18.036407225716772,159.58193080354064,6.7813719767263025,102.92669594837072,4,0,5.706607455702996
6.217064284325745,61.372698520552916,6.078009702223276,40.88850550260661,2,0,6.576818838063706
5.739409290825337,56.139683929227864,6.134066552345418,34.43173802084192,3,0,5.999178012253344
6.682710312429811,59.91179528541875,6.692548885167098,38.806477783346075,4,0,5.806996857422684
5.945931812276737,69.40869101451857,5.139931376345648,48.76178852238709,20,0,8.200865745164991
6.642060512674158,70.99550742169826,5.613364073775874,41.58617261238054,2,0,6.2610348901560275
9.146679909743227,90.60209821026805,6.05726363324329,63.9476497681545,16,1,6.991351003770907
5.892718555914446,69.06056500649848,5.119609335973389,49.91909825710295,9,1,8.471318930886287
4.406230410784153,41.79044591088535,6.326178600984646,30.47488662671548,19,1,6.916317075051014
3.0961074826306314,31.803493613051685,5.841070519422497,20.946542203619284,14,0,6.765444133038267
4.71874559376519,61.17266369209248,4.628288495838538,40.47585014779569,18,1,8.577671617066162
12.566758165921652,138.7892655336581,5.432736365136564,80.83672645765822,19,1,6.432583916261717
16.344435952292752,163.20528290174522,6.008789297145224,95.71422314795622,21,0,5.856073799507881
6.800882816671544,76.03737605107894,5.366478831754775,55.789574442251265,19,1,8.203284183266597
4.073583495796454,45.17110017535853,5.410871304859629,30.02074507194748,9,1,7.369615745676012
1.7733876211398325,24.60730375542257,4.324051847612215,15.08063299816427,22,0,8.50385602019219
1.2656580033902785,24.75453757272071,3.067699405829393,16.1237164051438,8,1,12.739394340298647
8.107357601607248,93.20360752264591,5.219126909634297,50.09270458034694,14,0,6.178672144721516
6.608375193778599,74.0346351608851,5.35563538288632,45.980211657613765,5,0,6.957869417115036
6.038894342613799,72.09779722051556,5.025585725575056,44.43381977337815,19,1,7.357939591661406
13.89446620487503,131.55282486423624,6.3371347073151405,82.250627107355,2,0,5.919668009879821
5.477366958491538,64.99785438601128,5.056197940900368,42.961672233105645,23,0,7.843489866331186
4.294917872521531,46.626195751384984,5.526830319276848,28.423821073170444,11,0,6.618012711028376
7.859699704351642,83.57820802348995,5.642403605118678,48.71686311290771,20,0,6.198310997293558
3.5421749593829497,47.57449985799343,4.467319639667589,29.311806684108973,11,0,8.275087204957012
2.7156397257922573,33.25335902947569,4.899907507181674,19.504673654599905,3,0,7.182349510264892
5.3679012285846035,54.20864431585434,5.941378497467415,40.05141389050014,2,0,7.461279964918582
4.698830077534292,56.46504588613166,4.992996998897367,33.67643389722597,21,0,7.166982704532626
5.457469152001305,60.30859013055958,5.429544090007729,34.529197609628945,14,0,6.326961572832119
3.405303579496364,43.46451372139057,4.700805261033645,25.307714882777617,3,0,7.431852782570582
4.23495274939158,54.057437567519294,4.7005033238232965,34.25712854458952,8,1,8.089140675657152
4.342279596087404,58.924232699511435,4.421555679712813,33.05551403066091,13,0,7.612479412989773
9.742971044111428,103.66633118415206,5.639036859597601,65.00829262482384,10,0,6.672327396899565
7.296915380702962,80.86388110476119,5.414220995341263,53.32559568345477,1,0,7.3079641055557305
1.9283795887527193,26.353153576650506,4.390471712944384,16.573848979883515,12,0,8.594702555736717
8.001458359846524,81.93208371807985,5.859578809721534,54.053215403363964,4,0,6.755420446179859
0.5016823079330215,19.242160250493264,1.5643222010485889,13.379964924211967,7,1,26.670194887554807
4.873448014079197,53.68154003165128,5.44706580087578,34.29450973704175,16,1,7.037011503552778
10.036753518557152,105.03294042683346,5.733489024168839,63.19619095876394,16,1,6.29647732625089
11.450080913120464,110.15702484455159,6.2365959479815,68.44236466244904,1,0,5.977456856573129
11.565249205155371,127.66334046843247,5.435506777146474,76.70570986503,12,0,6.632430352718846
6.71155227716725,73.56603920237902,5.473899927142095,43.112109169430795,6,0,6.423567513002693
6.26542320967002,69.15684005753448,5.435838194276272,42.347590546526206,10,0,6.7589353710643465
5.056329334263139,54.611331416128664,5.555252951884443,34.90934138340046,19,1,6.90408774342382
9.467582441124982,108.686366428354,5.226552005876105,65.07644921330342,9,1,6.873607873814377
4.133925857979622,41.68559102542593,5.950150768583064,24.567608812124917,14,0,5.942924391036822
4.861804282403503,51.53813747734877,5.660046544608197,35.5273264583284,0,0,7.307436580060142
8.768641661435042,96.03932521724208,5.47815697888356,54.626419473535584,11,0,6.229747044378095
9.117879095068293,95.49885053725764,5.72857937688647,59.19347997911243,18,1,6.49202291036401
2.6921068899394687,32.76835484971549,4.929341559476263,18.551841192815232,15,0,6.891197842903023
5.743769140040385,60.405396624812916,5.705221183182497,32.79715693433109,23,0,5.710040939093261
2.945983514736343,36.76850629176971,4.807348155009127,22.610005601904373,18,1,7.674858154774129
7.632130637309971,81.30201371479285,5.632429226722568,48.39729374543996,3,0,6.341255940883387
8.67553257334568,99.4015793485999,5.236656779619596,55.791657820350146,1,0,6.4309202171359425
8.646844013468835,93.45256718924207,5.551593245774994,54.07322657097848,6,0,6.253521687999787
6.5551810804808355,77.13664097197463,5.098885041827894,47.94817867371466,19,1,7.3145467813983815
7.6898577780205,78.60307470206425,5.8698908208117855,46.28662932430315,20,0,6.019178853554573
3.7951314981815254,49.25056109224531,4.62345778080374,31.42682236755759,17,1,8.280825679588721
15.062577376152298,138.2344620962912,6.537838892443488,91.79306103225558,17,1,6.094113825273103
4.433420942050641,52.993611733278634,5.019572129974186,33.53928404452208,16,1,7.5651025433666055
8.656249409436416,90.6140070074401,5.73172936192459,56.347612711223,7,1,6.509471948647518
2.846153931602175,48.54388612859867,3.5178319972929644,35.01281746811438,16,1,12.30180036271079
10.256008833875708,113.64958977070987,5.414542465784906,69.20513523705407,15,0,6.747764784334892
10.143502643726997,101.7408843981062,5.981962533784977,65.24153345089414,1,0,6.4318545321463665
4.174613129147608,44.668676579082856,5.60743695429177,28.127369696968916,22,0,6.737718880003641
6.313495350882587,64.08330667018171,5.911207469405091,47.70702419866482,18,1,7.55635690647902
11.579407340902394,114.44679549421359,6.070632536751724,72.17015249472354,5,0,6.23262921581436
13.147660537237162,138.13939076553572,5.71060598908506,81.88993187973472,6,0,6.228479328912077
12.408389558702972,126.1649509215749,5.901031689735823,80.54949549264848,16,1,6.491535030519156
8.263413652295588,89.47877380388235,5.541032784204549,54.17101927828479,5,0,6.555525544002751
3.8266733183130794,51.307300944759646,4.475004431552258,33.15930692097968,19,1,8.665309045925396
5.980191992716716,59.85678476477706,5.994500389104544,42.42361018500338,11,0,7.094021435544403
15.543057770293688,147.63316510813752,6.316896786264304,88.77218127405355,2,0,5.711371763908473
7.875508728614436,86.0009759523109,5.49447862055534,54.07900711013056,16,1,6.866731912015144
8.752715677520843,86.10090924384163,6.099389022292037,55.649834224685705,22,0,6.358007762963026
9.619055233751236,89.41304913638906,6.454799602513388,58.970716821480124,7,1,6.130614222336963
2.139447755066268,24.75953617684554,5.1845424077055755,18.790980417936048,23,0,8.783098523176609
6.4182182427170416,76.09013122058087,5.061012359758718,46.673653149810335,17,1,7.2720576622293
11.82020966320883,116.13740112305929,6.106668247561761,73.38270932079385,17,1,6.20824092056525
6.74507837025912,74.06080943232797,5.464492021051166,50.6726772199788,8,1,7.512540913298856
11.499029470998549,109.2961081427667,6.3125922778392525,67.12729355195984,12,0,5.83764862254333
5.396906782315245,62.84858115541908,5.152294626001974,36.82628382295488,5,0,6.823590865721159
24.82092774848063,233.7707970878847,6.370580429466395,145.13945411395963,14,0,5.84746289843433
5.786902800125653,66.75931332843743,5.200984712040718,41.28648853721102,20,0,7.134470711399292
3.87168727531322,43.977897429445015,5.282226984395528,30.179754103510017,15,0,7.794987548695671
10.64783128652311,110.85618561990343,5.763051232719684,68.10112943349075,20,0,6.39577465128377
4.1157641541467,45.87980164147561,5.382452417265063,31.40076044696334,3,0,7.629387708070336
9.873088351597184,100.3758584652614,5.901671080609954,56.8894192140552,14,0,5.762069292619276
7.161115011784474,74.8199549486517,5.742677885892142,51.80741366345092,7,1,7.2345456787379625
13.352305810596755,132.32817795354637,6.054178036948743,77.69424346838797,13,0,5.818788497693611
3.941862495656357,49.15114973849431,4.811927106440597,29.881690790570484,2,0,7.580602018334712
10.956614213484782,107.64010690402347,6.1073597167201825,67.6110550760968,9,1,6.170798182606898
4.078857325633051,47.992006114327715,5.099420910952919,33.13116927296793,8,1,8.122659516614956
7.144364645572484,77.41820113464168,5.536965112233011,48.611458446360885,12,0,6.804168160213722
7.361585957617961,81.3003973090214,5.432878215566426,51.350528115053955,17,1,6.975470830699884
3.784456803922993,45.60359924027299,4.979155417953373,27.119346997353137,13,0,7.165981381856715
9.406438701699715,91.33563154990505,6.179256797426389,54.687143666745655,21,0,5.813798973341936
11.232883090655028,113.61467298715186,5.932094576512297,73.86091359966866,6,0,6.575419062370174
4.208720822763528,53.900551269187986,4.684984539484024,38.6300829212917,8,1,9.178580511293319
3.2947348251109387,33.653823282547485,5.874045508795822,22.325821940253626,11,0,6.776212085445111
4.197640824566919,41.849977305822534,6.0181263094490225,30.054990045400952,14,0,7.159971827389925
9.190534142266044,90.74153860183232,6.076952816015264,55.62051118783639,20,0,6.05193455862865
5.489880172456219,60.25494064823275,5.466652307739584,40.55691392014557,14,0,7.387577259632619
6.445601778433384,56.82892882959416,6.805268279218503,32.910929064605845,23,0,5.105951344174556
11.792307497361959,121.57530821112644,5.8197545229580125,71.97530174572199,11,0,6.1035808099325335
14.289274661284777,139.50828022779484,6.1455598067524,86.54109737465302,12,0,6.056367410245576
1.7147480529720405,13.326132803581059,7.7205356343645875,12.5804163583999,16,1,7.33659754655807
8.305110699840515,80.06698533947691,6.223621882073553,53.48352772562293,3,0,6.43983321337908
11.778504803033584,116.20303845284711,6.081685105581677,71.92893422547819,3,0,6.106796696890823
2.466216483058201,23.56072429644454,6.280494059591458,18.85859669070243,8,1,7.646772625295676
7.5942265690263495,86.17080629275752,5.2877954117493005,48.083939177863044,1,0,6.331644011514902
4.068875305474987,49.74087628944406,4.908086397752278,33.68028023236426,9,1,8.277540525030304
3.355357278194194,46.26735249250204,4.351263382193248,27.210597502400347,8,1,8.109597651265533
9.133089502764884,88.0236815492801,6.225431162625289,57.74511711856295,14,0,6.322626872438031
7.733393394453352,84.06877724575092,5.519333322891326,47.35546188824374,23,0,6.123503547900286
8.508126886757273,84.60928200189863,6.033470573523848,56.256502500738414,13,0,6.612090210866568
3.5110975816806027,42.44506574112742,4.963259008377742,29.92900272289978,22,0,8.52411590012663
4.064947472043949,50.701507529111986,4.8104456890674365,29.53918408019097,14,0,7.266805852558284
3.473560194179102,42.8416505631631,4.864742812452427,26.9836813658975,15,0,7.768306825693138
18.32128344578144,181.74206897425933,6.048555587328437,107.1974923991356,20,0,5.850981603792518
13.476446263771342,134.1224826796173,6.028719120550265,80.08840618571094,13,0,5.942843136696369
7.7051981701207835,78.56802488588373,5.884224414177813,46.313267342188745,23,0,6.010652331017562
3.143791337684094,45.351405985623124,4.159242170371577,27.195717931035205,15,0,8.650611637307078
9.085473167879279,100.09117629359876,5.4463181497010735,63.674621391578086,8,1,7.008399036023013
9.412795339709763,97.24073633926301,5.807933399559716,54.358226433059805,10,0,5.774929175793161
2.602284553676498,43.437205239014276,3.594546941071412,22.579362996733135,15,0,8.676746347678655
13.622448507740469,133.1893869560982,6.136727025658895,78.98042492235257,6,0,5.797814165160894
5.613015941455708,61.749532954845094,5.453983866300925,38.18636216787553,17,1,6.803180779488769
11.280244837508704,113.54847683838982,5.96057920894714,69.34385777745896,0,0,6.147371690628471
3.9558345291538184,46.82373027122434,5.069012451045432,29.879170641019087,17,1,7.553190210767096
3.0638180553659415,37.71109900910989,4.87466788696741,23.60120131063374,0,0,7.703199368937337
5.162996478451079,54.177817621813716,5.717834388780133,36.80303470199852,3,0,7.128231610384438
8.175686584551718,79.61644908806187,6.161304613454025,45.762618088696065,23,0,5.5974036694565
9.011771969096399,93.77051425446753,5.766272291932354,59.27957817875092,19,1,6.57801577559167
1.7293539107507734,34.75422878683243,2.9855714906371085,21.723093905052753,17,1,12.561392882051537
13.310972439257563,136.68396123428457,5.843102139734634,80.38396789211323,22,0,6.03892527453815
7.92666541946971,85.66849682312422,5.551631495882691,56.61251404266569,16,1,7.142034013901022
9.945315555696052,109.00285357474348,5.474342310979884,62.76950719187285,2,0,6.311464612696217
10.027786978787793,102.36556706069186,5.8776328408413265,61.37322134854226,20,0,6.120315626804564
9.150849303473514,88.42476583625569,6.2092441299210135,54.212367788428864,5,0,5.924299044882176
4.607143328492896,51.367612741943134,5.381379140554489,33.00861256096417,14,0,7.164659357746106
6.522290074100125,70.33664641207207,5.5637768419229205,40.27889496869424,21,0,6.175575528086504
4.850859529532663,52.58320017032756,5.535067679965944,32.282325176548206,16,1,6.654970109938088
3.263058998771212,45.027934354756475,4.348046223568134,22.426111676472143,0,0,6.872726384940409
1.1134455632905484,27.634247128962443,2.4175340650918336,18.40423076919009,18,1,16.52907998016567
8.01331713144337,73.72711216322762,6.52133270623893,50.946689094527926,19,1,6.357752758170365
7.590616949518326,79.44279129406274,5.732892935310761,50.657630953464945,3,0,6.673717207753383
9.845720675613512,83.19275152438959,7.100897971425104,51.7529451889395,22,0,5.256389744747115
9.578151152586427,97.65391912905827,5.8849565309886165,62.527919253867125,4,0,6.528182553997643
8.572820597245789,88.53887496177208,5.809529837112044,55.90357296482275,1,0,6.5210244785459555
5.346304627946282,70.77400061053956,4.532431046846984,42.70027983304628,13,0,7.986877442381932
12.84747401030635,136.48480766758172,5.6478699262692755,82.73253981056234,16,1,6.439595810366584
4.1691308521336055,55.11628060915363,4.538547383156914,33.37357284472454,2,0,8.00492333495486
8.201897115101854,80.0586413528485,6.146917042186375,48.99060735851539,3,0,5.9730824065460135
0.8856409625981398,13.865722022794918,3.8323613922542243,7.453945951380435,15,0,8.416442177102267
15.954740338377926,149.01633976118987,6.424023176497271,88.00978623111668,1,0,5.516215517429373
1.7688315894575617,37.079188532720686,2.8622496760898346,22.87551569132417,19,1,12.932557190670304
10.523513684859697,101.24897087500058,6.236219643862905,63.93888383299057,6,0,6.075811344739371
10.197081492932075,101.46031282397081,6.030189268560741,61.109726999606536,20,0,5.992864433020728
